aboluo	阿波罗2
achangzu	阿昌族2
afuhan	阿富汗2
age	阿哥3
agebu	阿格布2
agenting	阿根廷2
aichunrong	艾春荣2
aici	挨次2
aida	挨打2
aidai	爱戴2
aidao	哀悼2
aidehua	爱德华2
aierlan	爱尔兰2
aifuer	埃伏尔2
aiguo	爱国3
aiguozhe	爱国者2
aihao	爱好2
aihaozhe	爱好者2
aihu	爱护2
aiji	埃及3
ailian	爱怜2
ailixin	爱立信2
aimei	暧昧2|爱美2
aimu	爱慕2
aipang	矮胖2
aiqiang	矮墙2
aiqing	爱情3
aiqinhai	爱琴海2
aiqiu	哀求2
airen	爱人2
aishang	哀伤2
aishi	碍事2
aixi	爱惜2
aixiao	矮小2
aixibao	癌细胞2
aixin	爱心2
aiya	哎呀2
aiyo	哎哟2
aizhe	挨着2
aizheng	癌症2
aizi	矮子2|爱子2
aizibing	艾滋病3
akesu	阿克苏2
ala	阿拉2
alabo	阿拉伯3
ali	阿里2
alianqiu	阿联酋2
aman	阿曼2
anan	暗暗3
anbangzhi	安邦治2
anbian	岸边2
ancang	暗藏2
anchu	暗处2
andan	暗淡2|黯淡2
andao	暗道2
andaoer	安道尔2
andili	暗地里2
anding	安定3
andingmen	安定门2
andongni	安东尼2
andun	安顿2
anfang	安放2
anfu	安抚2
angela	安哥拉2
anggui	昂贵2
angran	昂然2|盎然2
angshou	昂首2
angzang	肮脏2
anhao	安好2
anhua	氨化2
anhui	安徽3
anhuisheng	安徽省2
anji	氨基2
anjian	案件3
anjing	安静3
anjisuan	氨基酸2
anju	安居2
anjuan	案卷2
ankang	安康2
anle	安乐2
anli	案例2
anlihui	安理会2
anlong	安龙2
anlu	安陆3
anlushan	安禄山2
anlushi	安陆市2
anma	鞍马2
anmen	俺们2
anmin	安民2
anmo	按摩2
anna	安娜2
annan	安南2
annei	安内2
anning	安宁2
anpai	安排3
anpei	安培2
anqi	暗器3|按期2
anqing	案情2|安庆2
anqizhou	安七州2
anquan	安全3
anquangan	安全感2
anquanju	安全局2
anquanxing	安全性2
anran	黯然2|安然2
ansha	暗杀2
anshan	鞍山2
anshang	岸上2|安上2
anshe	安设2
anshen	安身2
ansheng	安生2
anshi	暗示2|按时2
anshuo	按说2
ansuan	暗算2
antang	庵堂2
anwei	安慰3|安危2
anwen	安稳2
anxi	安息2|暗喜2|安西2
anxian	岸线2
anxiang	安乡2|暗想2|安详2
anxiao	暗笑2
anxie	安歇2
anxin	安心2
anyang	安阳2
anzang	安葬2
anzhao	按照4
anzhe	按着2
anzhen	安贞2
anzhi	安置2
anzhong	暗中3
anzhu	按住2
anzhuang	安装3
anzi	暗自2|案子2
aobama	奥巴马2
aodili	奥地利3
aohui	懊悔2
aolifu	奥立佛2
aoman	傲慢2
aomen	澳门3
aomi	奥秘2
aomiao	奥妙2
aonao	懊恼2
aonier	奥尼尔2
aosika	奥斯卡2
aosiman	奥斯曼2
aotu	凹凸2
aotuo	奥托2
aoxian	凹陷2
aoye	熬夜2
aoyun	奥运2
aoyunhui	奥运会3
aozhou	澳洲2
asenna	阿森纳2
ayi	阿姨2
ayo	啊哟2
baba	爸爸3
babaiwan	八百万2
babao	八宝2
babilun	巴比伦2
babu	八部2
babude	巴不得2
bachang	靶场2
bacheng	八成2
bachi	把持2
bachu	拔出2
bada	八大2
badao	霸道2
badian	八点2
badong	巴东2
badongxian	巴东县2
badun	巴顿2
baergan	巴尔干2
bage	八个3|八哥2
bageda	巴格达2
bagong	罢工3
bagua	八卦2
baguan	罢官2|把关2
bahen	疤痕2
bahu	跋扈2
baibai	白白2|摆摆2
baiban	百般2
baibei	百倍2
baibu	白布2|摆布2
baicai	白菜2
baichi	白痴2
baichongxi	白崇禧2
baidai	白带2
baidao	拜倒2
baidong	摆动2
baidu	百度4
baie	白垩2
baieji	白垩纪2
baifa	白发2
baifang	拜访2|摆放2
baifenbi	百分比2
baifendian	百分点2
baifo	拜佛2
baige	百个2
baigong	白宫2
baigu	白骨2
baiguan	百官2
baigui	白圭2
baiguo	白果2
baihanfeng	白寒枫2
baihao	摆好2
baihe	百合2|白鹤2
baihua	百花2|白花2|白话2
baihuahua	白花花2
baihuai	败坏2
baihuayuan	百花园2
baihui	拜会2
baihuo	百货2
baiji	百级2
baijia	白家2|百家2
baijian	拜见2
baijiaxuan	白嘉轩3
baijiu	白酒2
baijuyi	白居易2
baikai	摆开2
baike	百科4
baili	百里2
bailian	白莲2|白脸2
bailianjiao	白莲教2
bailina	白丽娜2
bailing	白领3
bailu	败露2
bailucun	白鹿村2
bailuyuan	白鹿原2
baima	白马2
baimi	百米2
baimian	白面2
bainen	白嫩2
bainian	百年3|拜年2
bainong	摆弄2
baiqi	白旗2
baiqitun	白鳍豚2
bairen	白人2
bairi	白日2|百日2
baise	白色3
baishazhou	白沙洲3
baishe	摆设2
baishi	白石2|百十2|拜师2
baishijing	白世镜2
baishou	摆手2
baishu	柏树2
baisui	百岁2
baitang	拜堂2
baitian	白天3
baitou	百头2
baitui	败退2
baituo	摆脱3|拜托2
baiwan	百万3
baiwanjian	白万剑2
baixi	百戏2
baixiaowen	白孝文2
baixibao	白细胞2
baixie	拜谢2
baixing	百姓3
baixue	白雪3
baixuebing	白血病2
baiyan	白眼2|百眼2
baiyang	白洋2|白羊2|白杨2
baiye	白夜2
baiyi	白衣2|白蚁2
baiyin	白银2
baiyiyuan	百亿元2
baiyu	百余2|白玉2
baiyulan	白玉兰2
baiyun	白云2
baiyuncun	白云村2
baiyushi	白玉石2
baizai	摆在2
baizhang	败仗2
baizhi	白纸2
baizhou	白昼2
baizu	白族2
baji	八级2
bajian	拔剑2
bajiao	八角2|芭蕉2
bajiaomao	八角帽2
bajie	八戒3|八届2|巴结2
bajiu	把酒2
balagui	巴拉圭2
bale	罢了3
balei	芭蕾2
bali	巴黎3|巴里2
balin	巴林2
balu	八路2
balujun	八路军2
baluoke	巴洛克2
bamen	把门2
bamian	罢免3
baming	八名2
banama	巴拿马2
banan	办案2
banban	斑斑2
banben	版本3
banbi	板壁2
banbian	半边2
banbu	颁布3|半部2|半步2
banchang	半场2
bancheng	办成2
banchi	半尺2
banchu	搬出2
bandao	半岛3|办到2
bandaoti	半导体2
bande	般的3
bandeng	板凳2
bandi	般地2
bandian	半点3|斑点2
banfa	办法4|颁发3
banfen	半分2
banfengbi	半封闭2
banfengjian	半封建2
bangbang	帮帮2
bange	半个3
banghui	帮会2
bangjia	绑架2
bangmang	帮忙2
bangong	办公2
bangonglou	办公楼2
bangongshi	办公室3
bangongting	办公厅2
bangongzhuo	办公桌2
bangshou	帮手2|榜首2
bangwan	傍晚2
bangyan	榜眼2
bangyang	榜样2
bangzhu	帮助3|帮主3
bangzi	膀子2|梆子2
banhao	办好2
banhen	瘢痕2
banhua	版画2
banian	八年3
banji	班级2|班机2|扳机2
banjia	搬家2
banjiang	颁奖2
banjie	半截2
banjin	半斤2|搬进2
banjing	半径2
banju	半句2
banjuesai	半决赛2
bankong	半空2
bankuai	板块3
banlan	斑斓2
banli	办理3|板栗2|班里2
banlu	半路2|伴侣2
banmian	版面2
bannian	半年3
banqian	搬迁2
banqiu	半球2
banquan	版权2
banri	半日2
banshan	半山2
banshang	半晌3|班上2
banshen	半身2
bansheng	伴生2
banshi	办事3|班师2
banshichu	办事处3
banshu	半数3
bansui	伴随3
bantian	半天3
bantou	半头2
bantouming	半透明2
bantu	版图2
banwan	办完2
banwen	斑纹2
banxing	颁行2
banxue	办学3
banyan	扮演2
banye	半夜2
banyou	伴有2
banyue	半月2
banyun	搬运2
banzhang	班长2
banzhu	斑竹2
banzhuren	班主任2
banzi	班子2|板子2
banzou	伴奏2
banzuo	扮作2
baoan	保安2
baoban	包办2
baobao	宝宝2
baobaode	薄薄的2
baobei	宝贝3
baobi	包庇2
baobiao	报表2|保镖2
baobuzhu	保不住2
baocan	饱餐2
baochi	保持4
baochou	报仇3|报酬2
baochunlai	鲍春来2
baocun	保存3
baoda	报答2
baodao	报道3|宝刀2
baodian	宝典2
baoding	保定2
baodong	暴动2
baofa	爆发3
baofengyu	暴风雨2
baofu	包袱2|报复2|抱负2
baogao	报告4
baogaohui	报告会2
baogaoshu	报告书2
baogu	包谷2
baoguan	保管2
baoguang	曝光2
baogui	宝贵3
baoguo	包裹2|报国2
baohai	宝海2
baohan	包含3
baohe	饱和2|宝盒2
baohedian	保和殿2
baohongjin	包红巾2
baohu	保护4
baohuqu	保护区2
baoji	包机2|保级2|宝鸡2
baojia	报价2
baojian	保健3|宝剑2|保荐2
baojianpin	保健品2
baojin	包金2
baojing	报警2
baojun	暴君2
baokan	报刊2
baokang	保康2
baokangxian	保康县2
baokao	报考3
baoku	宝库2
baokuo	包括4
baolan	包揽2
baolei	堡垒2
baoli	暴力3|暴戾2
baolingqiu	保龄球2
baoliu	保留3
baolu	暴露3
baoluan	暴乱2
baoluo	保罗2
baoma	宝马2
baoman	饱满2
baomi	保密2
baomihua	爆米花3
baoming	报名3
baomo	薄膜2
baomu	保姆2
baonue	暴虐2
baopi	剥皮2
baoping	宝瓶2
baopo	爆破2
baoqian	抱歉2
baoquan	保全2|抱拳2
baorong	包容2
baoshang	报上2
baoshe	报社2
baoshi	宝石2
baoshou	保守2|饱受2
baoshoudang	保守党2
baota	宝塔2
baotianjian	包天剑2
baotou	包头2
baotu	暴徒2
baowei	包围3|保卫3
baoweiquan	包围圈2
baoweizhan	保卫战2
baowen	保温2
baowu	宝物2
baoxian	保险3
baoxiang	包厢2
baoxiao	报销2|报效2
baoxing	暴行2
baoxiruo	包惜弱2
baoyang	保养2
baoye	宝业2|报业2
baoyin	包银2
baoying	报应2
baoyou	保佑2|保有2
baoyu	宝玉3|暴雨2
baoyuan	抱怨2
baoza	包扎2
baozang	宝藏2
baozao	暴躁2
baozha	爆炸3
baozhang	保障3|暴涨2|保长2
baozheng	保证3
baozhengjin	保证金2
baozhentang	保贞堂2
baozhi	报纸3|报知2
baozhong	保重2
baozhu	抱住3|保住2
baozhuang	包装2
baozi	孢子2|豹子2|包子2
baozuo	宝座2
baqi	八旗2|八七2
baquan	霸权2
bari	八日2
bashan	巴山2
bashe	跋涉2
bashi	罢市2|八十2|巴士2
bashinian	八十年2
bashou	把手2|把守2|罢手2
bashu	巴蜀2
batianshi	巴天石2
batou	把头2
bawang	霸王2
bawanjin	八万斤2
bawo	把握3
bawu	八五2
baxi	巴西3|把戏2
baxian	八仙2
baxidui	巴西队2
baxiu	罢休2
baya	拔牙2
bayi	八一2
bayue	八月3
bazhan	霸占2
bazhang	巴掌2
bazhong	八中2
bazhu	霸主2
bazi	八字2|靶子2|把子2
beiai	悲哀2|北爱2
beian	备案3|北岸2|北安2
beibanqiu	北半球2
beibao	背包2
beibi	卑鄙2
beibian	北边2
beibingyang	北冰洋2
beibu	北部3|被捕3|背部2
beican	悲惨2
beice	北侧2
beichao	北朝2
beicheng	北城2
beichu	辈出2
beida	北大3
beidaihe	北戴河2
beidao	被盗2
beidili	背地里2
beidong	被动2
beidou	北斗2
beiduan	北段2|北端2
beiduofen	贝多芬2
beier	贝尔2
beifa	北伐2
beifajun	北伐军2
beifang	北方3
beifangju	北方局2
beifei	北非2
beifen	悲愤2
beifeng	北风2
beifu	被俘2|背负2
beigao	被告2
beigaoren	被告人2
beiguan	悲观2
beihai	北海2|被害2
beihaidao	北海道2
beihaishi	贝海石2
beihan	北汉2
beihekou	北河口2
beihou	背后3
beihu	北湖2
beiji	北极2|背脊2
beijiang	备降2
beijiao	被叫2|北郊2
beijing	北京4|背景3
beijingcheng	北京城3
beijingshi	北京市3
beijiu	杯酒2
beijixing	北极星2
beiju	悲剧3
beikao	备考2|背靠2
beike	贝壳2
beile	贝勒2
beilei	贝类2
beiliang	悲凉2
beilie	卑劣2
beiliu	北流2
beilu	北麓2|北路2
beilun	悖论2
beimei	北美2
beimeizhou	北美洲2
beimen	北门2
beimian	北面2|背面2
beimu	贝母2
beinang	背囊2
beining	贝宁2
beiou	北欧2
beipan	背叛2
beiping	北平3|被评2
beipingshi	北平市2
beipo	被迫3|北坡2
beipoluo	北婆罗2
beiqi	北齐2|背鳍2
beiru	被褥2
beisanhuan	北三环2
beishan	北山2
beishang	背上3|北上2|悲伤2
beishou	备受2
beisong	北宋3|背诵2
beitang	北塘2
beiting	碑亭2
beitong	悲痛2
beiwanglu	备忘录2
beiwei	北纬3|北魏2|卑微2
beiwen	碑文2
beiwo	被窝2
beixiang	北向2
beixin	背心2
beiyang	北洋2
beiying	背影2
beiyong	备用2
beiyou	备有2
beiyue	北约3
beizeng	倍增2
beizhan	备战2
beizhi	卑职2
beizhou	北周2
beizhuang	悲壮2
beizi	被子2|杯子2|辈子2
beizuo	碑座2
benban	本版2
benbao	本报3
benbing	本病2
benbo	奔波2
benbu	本部2
benchang	本场2
benchi	奔驰2
benci	本次3
bencun	本村2
bendi	本地3
bendiren	本地人2
benfa	本法2
benfang	奔放2
benfen	本分2
benfu	奔赴2
bengai	本该2
bengdai	绷带2
bengfa	迸发2
bengkui	崩溃2
bengta	崩塌2
benguo	本国3
benji	本级4|本纪2
benjie	本届2
benke	本科3
benkeduan	本科段2
benkesheng	本科生2
benlai	本来3
benling	本领3
benliu	奔流2
benlun	本轮2
benming	本名2
benneng	本能2
benpao	奔跑2
benqi	本期2
benqian	本钱2
benqu	本区2
benren	本人3
bense	本色2
benshen	本身3
bensheng	本省2
benshi	本事3|本市3
benshiji	本世纪2
benshu	本书3
benteng	奔腾2
benti	本体2
bentu	本土2
benwei	本位2
benwen	本文2
benxian	本县2
benxiang	本相2
benxiao	本校2
benxing	本性2
benye	本业2
benyi	本意2
benyuan	本原2
benyue	本月3
benzhang	本章2
benzhe	本着2
benzhi	本质3
benzhong	笨重2
benzhou	本周2|本州2
benzhuo	笨拙2
benzi	本子2
benzou	奔走2
bian	彼岸2
bianbie	辨别2
bianbu	遍布2
bianchan	扁铲2
biancheng	变成3|编成2|编程2
bianchui	边陲2
bianda	鞭打2
biandan	扁担2
biandang	便当2
biandao	编导2
biande	变得3
biandi	遍地2|贬低2
biandong	变动3
biandui	编队2
biane	匾额3
bianfa	变法2
bianfang	边防2
bianfangjun	边防军2
bianfu	蝙蝠2
biange	变革3
biangeng	变更3
biangu	变故2
biangushi	边孤石2
bianhao	编号2
bianhouyu	编后语2
bianhu	辩护2
bianhua	变化4
bianhuan	变换2|变幻2
bianji	编辑4|遍及2|边际2
bianjiang	边疆2
bianjibu	编辑部2
bianjie	边界3|便捷2|辩解2
bianjing	边境3
bianjizhe	编辑者3
bianju	编剧2
bianli	便利3
bianliang	变量3
bianlun	辩论2
bianma	编码2
bianmao	鞭毛2
bianmi	便秘2
bianming	辨明2
bianpai	编排2
bianpao	鞭炮2
bianping	扁平2
bianqian	变迁3
bianqu	边区2
bianren	辨认2
bianru	编入2
biansai	边塞2
bianse	变色2
bianshang	边上2
bianshi	便是3|便士2|辨识2
bianshu	变数2
biantai	变态2
bianwei	变为3
bianxi	辨析2
bianxiang	变相2
bianxiao	变小2
bianxie	编写2
bianxieshi	便携式2
bianxing	变形2|变性2|变星2
bianxiu	编修2
bianyan	边沿2
bianyaqi	变压器2
bianyi	变异2|编译2|便衣2
bianyin	编印2
bianyu	便于3|鳊鱼2
bianyuan	边缘3|边远2
bianyuanxing	扁圆形2
bianzao	编造2
bianzhao	变招2
bianzhe	编者2
bianzhean	编者按2
bianzheng	辩证2|辨证2
bianzhengfa	辩证法2
bianzhi	编制3|变质2|贬值2|编织2
bianzhiyan	变质岩2
bianzhong	编钟2|变种2
bianzhuan	编撰2
bianzi	鞭子2|辫子2
bianzu	编组2
bianzuan	编纂2
biaobai	表白2
biaobang	标榜2
biaoben	标本2
biaoceng	表层2
biaoda	表达3
biaodashi	表达式2
biaodi	标的2|表弟2
biaoge	表哥2|表格2
biaoji	标记2
biaojia	标价2
biaojie	表姐2
biaoju	镖局2
biaojue	表决3
biaojuequan	表决权2
biaolu	表露2
biaomei	表妹2
biaomian	表面3
biaoming	表明3|标明2
biaopi	表皮2
biaoqian	标签2
biaoqiang	标枪2
biaoqing	表情3
biaosheng	飙升2
biaoshi	表示4|标识2|镖师2
biaoshu	表述2
biaoshuai	表率2
biaotai	表态3
biaoti	标题2
biaoxian	表现4
biaoxiang	表象2
biaoxianli	表现力2
biaoyan	表演3
biaoyang	表扬2
biaoyu	标语3
biaoyupai	标语牌2
biaozhang	表彰2
biaozheng	表征2
biaozhi	标志3
biaozhu	标注2
biaozhun	标准4
biaozhunhua	标准化2
biaozhunji	标准计2
biaozi	婊子2
bibang	臂膀2
bibei	必备3
bibing	弊病2
bibo	鄙薄2|碧波2
bibushang	比不上2
bici	彼此3
bida	比达2
bide	彼得2
bidebao	彼得堡2
biding	必定3
bidu	必读3
biduan	弊端2
biebixiong	别必雄2
biecheng	别称2
biechu	别处2
biede	别的3
biedong	别动2
bieguan	别管2
bieguo	别国2
bieming	别名2
bieniu	别扭2
bier	比尔2
bieren	别人3
bieshu	别墅2
bieshuo	别说3
bieti	别提2
biezhi	别致2
bifa	笔法2
bifang	比方2
bifen	比分3
bifeng	避风2
biguan	闭关2
bihan	避寒2
bihe	闭合2
bihu	庇护2
bihua	壁画3|比划2|笔画2
bihui	闭会3
biji	笔记2|笔迹2
bijia	笔架3|比价2
bijiadang	毕家荡2
bijiang	必将2|比降2
bijiao	比较4
bijiashan	笔架山3
bijiatang	毕家塘2
bijiben	笔记本2
bijin	逼近2
bijing	毕竟3|必经2
bikai	避开3
bikong	鼻孔2
bilei	壁垒2
bili	比例3
biliang	鼻梁2
bilishi	比利时3
bilu	秘鲁2|比率2|碧绿2
bimen	闭门2
bimian	避免3
biming	毙命2|笔名2
bimo	笔墨2
bimu	闭幕2|闭目2
binan	避难2
bingbao	禀报3|冰雹2
bingbi	秉笔2
bingbian	病变2|兵变2
bingbu	兵部3
bingceng	冰层2
bingcheng	并称2|病程2|秉承2
bingchonghai	病虫害2
bingchuan	冰川3
bingchuang	病床2
bingcun	并存2
bingdao	冰岛2|病倒2
bingding	兵丁2
bingdu	病毒3
bingfa	兵法2|并发2
bingfang	病房2
bingfazheng	并发症2
bingfei	并非3
binggai	冰盖2
binggan	饼干2
binggao	禀告2
binggongchang	兵工厂2
binggou	并购2
binggu	病故2
binghai	病害2
binghuo	兵火2
bingjia	兵家2
bingjian	并肩2
bingjin	并进2
bingju	并举2
bingjun	病菌2
bingkuai	冰块2
binglang	槟榔2
bingleng	冰冷2
bingli	兵力3|病理2|病例2|并力2|病历2
bingliang	冰凉2
binglie	并列2
bingma	兵马2
bingming	禀明2
bingpai	并排2
bingqi	兵器3|冰期2|摒弃2
bingqie	并且3
bingqing	病情3
bingquan	兵权2
bingren	病人3|兵刃3
bingru	并入2
bingshan	冰山2
bingshang	冰上2
bingshi	兵士2|病逝2|病史2
bingshu	兵书2
bingsi	病死2
bingtai	病态2
bingtuan	兵团3
binguan	宾馆2
bingwei	并未3
bingxi	屏息2
bingxiang	冰箱2
bingxing	并行2|秉性2
bingxue	冰雪2
bingyi	兵役2
bingyin	病因2
bingying	兵营2
bingyong	并用2
bingyuan	兵员2
bingyuanti	病原体2
bingzheng	病症2
bingzhi	兵制2
bingzhong	兵种2|病重2|并重2
bingzhou	并州2
bingzuo	并作2
binhai	滨海2
bini	比拟2
binke	宾客2
binlin	濒临2
binyu	濒于2
binzang	殡葬2
binzhu	宾主2
bipo	逼迫2
biqi	比起2
biqiang	鼻腔2
biran	必然3
birang	避让2
biranxing	必然性2
biren	逼人2
biru	比如3
birushuo	比如说2
bisa	比萨2
bisai	比赛4
bise	闭塞2
bishang	壁上2
bisheng	毕生2|必胜2|毕升2
bishi	笔试2|比试2|鄙视2
bishou	匕首3
bishu	避暑2
bisi	逼死2
bisimai	俾斯麦2
bisu	鄙俗2
bisuo	闭锁2
biti	鼻涕2
biwu	比武2
bixi	鼻息2
bixia	陛下3|笔下2
bixie	辟邪2
bixu	必须4|必需3
bixupin	必需品2
biyan	闭眼2
biyao	必要3
biyaoxing	必要性2
biye	毕业3
biyesheng	毕业生3
biyi	鄙夷2
biyu	比喻2
biyun	避孕2
biyunyao	避孕药2
bizhe	笔者3
bizhen	逼真2
bizhi	笔直2|比值2|币制2
bizhong	比重3
bizi	鼻子3
bizuo	比作2
boai	博爱2
bobo	伯伯2
bocai	菠菜2
bochang	波长2
bochi	驳斥2
bochu	播出2
bocitan	波茨坦2
boda	拨打2|博大2
bode	博得2
bodong	波动2
bodou	搏斗2
boduan	波段2
boduo	剥夺2
boen	波恩2
boer	玻尔2
bofang	播放2
bofu	伯父2
bogeng	脖颈2
bogu	博古2
bohai	渤海2
bohei	波黑2
boji	波及2
bojue	伯爵2
bokai	拨开2
boke	博客2
bokuan	拨款2
bolan	波兰3|波澜2
bolang	波浪2
bolanhui	博览会3
bolatu	柏拉图2
boli	玻璃3|剥离2
bolichuang	玻璃窗2
bolin	柏林3
boluo	波罗2|剥落2|菠萝2
bominghan	伯明翰2
bomu	伯母2
bore	般若2
boruo	薄弱2
boshi	博士3|剥蚀2
boshidun	波士顿2
boshisheng	博士生2
bosi	波斯3
bosiwan	波斯湾2
botao	波涛2
bowei	泊位3
bowuguan	博物馆3
boxue	剥削3|博学2
boxueliang	卜学亮2
boya	博雅2
boyi	博弈2
boyin	波音2
bozhong	播种2
bozi	脖子3
buan	不安3
bubai	不败2
bubao	补报2
bubaohe	不饱和2
bubi	不必3
bubian	不变3|不便3
bubing	步兵3
bubingshi	步兵师2
bubiyao	不必要2
bubu	步步2
buceng	不曾3
buchang	补偿3
bucheng	不成3
buchi	不吃3
buchong	补充3
bucuo	不错3
buda	不大2
budai	布袋2
budan	不但3|不单2
budang	不当2
budao	不到4
bude	不得3
budebu	不得不3
budele	不得了2
budeng	不等3
budeyi	不得已2
buding	不定2|补丁2
budingqi	不定期2
budongchan	不动产2
buduan	不断4
budui	部队4|不对2
buduoshi	不多时2
buer	布尔2|不二2
bufa	步伐3|不乏2|不法2
bufan	不凡2
bufang	不妨3
bufei	不菲2
bufen	部分4
bufu	不服2|不负2|不符2
bugai	不该3
bugan	不敢4|不甘2
bugandang	不敢当2
bugong	不公2
bugou	不够3
bugu	不顾3
buguan	不管3
buguang	不光2
buguize	不规则2
buguo	不过4
buhao	不好3
buhe	不合2
buheli	不合理2
buhui	不会4
buhuo	捕获2
buhuoliang	捕获量2
buji	不及3|补给2|不计2|不济2|部级2
bujian	不见3|部件2|不减2
bujiande	不见得2
bujiang	部将2|不降2
bujie	不解2
bujin	不仅4|不禁3|不尽2
bujingqi	不景气2
bujingyi	不经意2
bujinjin	不仅仅3
bujiu	不久3|补救2
bujiuqian	不久前2
buju	布局3
bujue	不觉3
bujun	不均2
bukan	不堪2
bukao	不靠2
buke	不可3|补课2
bukebu	不可不2
buken	不肯3
bukuai	不快2
bukui	不愧2
bula	布拉2
bulage	布拉格2
bulang	布朗2
bulao	捕捞2
bulei	部类3|布雷2
buli	不利3|不理2|不力2|布里2
buliang	不良3
buliao	不了3|不料3
buliedian	不列颠2
buling	不灵2
buliu	不留2
buliyu	不利于2
bulu	步履2
bulun	不论3
bulunshi	不论是2
buluo	部落3
buman	不满3|布满2
bumen	部门4
bumian	不免3
bumiao	不妙2
buming	不明2
bunaifan	不耐烦2
bunan	不难3
buneng	不能4
bunengbu	不能不3
bupa	不怕3
bupasi	不怕死2
bupei	不配2
bupi	布匹2
buping	不平2
bupo	不破2
buqi	不期2
buqiang	步枪3
buqiyan	不起眼2
buqu	不屈2
buque	补缺2
buran	不然3
burang	不让3
buren	不忍2
burong	不容2
buru	不如3|步入2|哺乳2
burulei	哺乳类2
buruyi	不如意2
busha	捕杀2
bushan	不善2
bushao	不少3
bushe	布设2
bushen	布什2|不慎2
busheng	不胜2
bushi	不是4|不时2|捕食2|不适2|不失2
bushiwei	不失为2
bushu	部署3|部属3
bushuai	不衰2
bushun	不顺2
busu	不俗2
busuan	不算3
butiao	布条2
butie	补贴2
buting	不停3
butong	不同4|不通2
butongyu	不同于3
butuo	不妥2
buwai	不外2
buwei	部位3|部委2|不畏2|不惟2
buweiguo	不为过2
buwen	不问2
buwu	不无2
buxi	不惜2|不息2
buxia	不下3|部下2
buxiang	不想3|不祥2|不详2
buxianggan	不相干2
buxiao	不小3|不消2|不孝2|不肖2
buxie	不屑2|不懈2
buxing	不行3|不幸3|步行2
buxiu	不休2|不朽2
buxiugang	不锈钢2
buxu	不许3|不须2
buxuan	补选2
buxue	补血2
buyan	不严2
buyao	不要4
buyaojin	不要紧2
buyaolian	不要脸2
buyayu	不亚于2
buyi	不易3|不宜3|不已3|不一2|不意2|布衣2
buyihui	不一会2
buyizu	布依族2
buyong	不用3
buyou	不由2
buyoude	不由得3
buyu	不语2|捕鱼2|不予2|不育2
buyuan	不远3
buyuanchu	不远处2
buyue	不悦2
buyun	不孕2
buzai	不再3|不在3
buzaihu	不在乎2
buzenme	不怎么2
buzhang	部长3|补涨2
buzhen	布阵2
buzheng	不正2|不争2
buzhengshi	布政使2
buzhi	不知4|布置3|不止2|不致2|不值2|不支2
buzhiyu	不至于2|不致于2
buzhong	不中2
buzhou	步骤2
buzhu	不住3|补助2
buzhun	不准3
buzhuo	捕捉2
buzi	步子2
buzijin	不自禁2
buzu	不足3|部族2
buzuosheng	不做声2
buzuyi	不足以2
caibao	财宝2
caice	猜测2
caicha	采茶2
caichan	财产3
caichou	彩绸2
caidan	菜单2
caidian	彩电2
caidianqu	蔡甸区2
caiding	裁定2
caiduan	裁断2
caifa	采伐2|财阀2
caifaliang	采伐量2
caifang	采访3
caifeng	裁缝2
caifu	财富3
caigan	才干2
caigou	采购3
caihesen	蔡和森2
caihong	彩虹2
caihongzhu	蔡宏柱2
caihua	彩画2|才华2|采花2
caihui	彩绘3
caiji	采集2|猜忌2
caijian	裁减2
caijiatan	蔡家潭2
caijing	财经2
caijue	裁决2
caijun	裁军2
caikuang	采矿2
caikuangye	采矿业2
cailanzi	菜篮子2
caili	财力2
cailiao	材料3
caimei	采煤2
caina	采纳2
caineng	才能3
cainian	财年2
caipan	裁判2
caipanyuan	裁判员2
caipiao	彩票2
caiqu	采取3
caise	彩色2
caishi	采石2
caishui	财税2
caitang	菜汤2
caitao	彩陶2
caitu	彩图2
caituan	财团2
caiwenjing	蔡文静2
caiwu	财务3|财物3
caixi	菜系3
caixiang	猜想2
caiyao	菜肴3
caiyi	猜疑2
caiyin	彩印2
caiyong	采用4
caiyuan	裁员2
caiyuanpei	蔡元培2
caiyun	彩云2
caizhai	采摘2
caizheng	财政3
caizhengbu	财政部2
caizhi	材质2|才智2
caizhu	财主2
caizi	才子2
canan	惨案3
canbai	惨白2|惨败2|参拜2
canbao	残暴2
canbu	残部2
cancun	残存2
candou	蚕豆2
canfei	残废2
cangbai	苍白2
cangchuan	藏传2
cangcu	仓促2
canggai	舱盖2
canghai	沧海2
canghua	藏画2
canghuang	仓皇2
cangku	仓库2
canglao	苍老2
cangliang	苍凉2
cangmang	苍茫2
cangmen	舱门2
cangnei	舱内2
cangpin	藏品2
cangsang	沧桑2
cangshen	藏身2
cangshu	藏书2
cangtian	苍天2
canguan	参观3|餐馆2
cangwen	藏文2
cangying	苍蝇2
cangyou	藏有2
cangyu	藏语2
cangzhou	沧州2
canhai	残害2|残骸2
canji	残疾2
canjia	参加4
canjian	参见2|蚕茧2
canjiao	惨叫2
canjiazhe	参加者2
canjiren	残疾人2
canju	餐具2
canjun	参军2
cankao	参考3
cankaoshu	参考书2
canku	残酷3
cankui	惭愧2
cankun	灿坤2
canlan	灿烂2
canliang	参量2
canlie	惨烈2
canliu	残留2
canmou	参谋2
canmoubu	参谋部2
canmouzhang	参谋长2
canpo	残破2
canque	残缺2
canran	惨然2
canren	残忍2
cansai	参赛2
cansha	残杀2
canshi	蚕食2
canshu	参数3
cansi	惨死2
canting	餐厅2
cantong	惨痛2
canxiang	惨象2
canyan	参演2
canyi	参议2
canyin	餐饮2
canyiyuan	参议院2|参议员2
canyu	参与3|残余2|参预2
canyuzhe	参与者2
canzan	参赞2
canzao	惨遭2
canzhan	参战2|参展2
canzhao	参照2
canzheng	参政2
canzhong	惨重2
canzhuang	惨状2
canzhuo	餐桌2
caoan	草案3
caoben	草本2
caocao	曹操3|草草2
caochang	草场2|操场2
caochi	操持2
caocong	草丛2
caodi	草地2
caodian	草甸2
caogao	草稿2
caogen	草根2
caohuachun	曹化淳2
caokun	曹锟2
caolian	操练2
caoliao	草料2
caomao	草帽2
caomu	草木2
caoni	草拟2
caonima	草泥马2
caopi	曹丕2
caoping	草坪2
caorulin	曹汝霖3
caoshu	草书2
caoshuai	草率2
caotang	草堂2
caowei	曹魏2
caowenzhao	曹文诏2
caoxiaoshi	曹萧诗2
caoxin	操心2
caoyan	操演2
caoyanzhen	曹燕珍2
caoyao	草药2
caoyu	曹禺2
caoyuan	草原3
caoyun	漕运2
caoyunqi	曹云奇2
caoza	嘈杂2
caozong	操纵3
caozuo	操作3
cashi	擦拭2
cechu	测出2
ceding	测定3
cedong	策动2
ceer	侧耳2
cefeng	册封2
cehua	策划3
cehui	测绘2
ceju	测距2
celi	册立2
celiang	测量3
celue	策略3
cema	策马2
cemian	侧面2
cenchunxuan	岑春煊2
cenci	参差2
cengceng	层层2
cengci	层次3
cengdouqu	曾都区2
cengguofan	曾国藩2
cengjing	曾经3
cenglingliang	曾令良2
cengmian	层面2
cengsiyu	曾思玉2
cengweichu	曾为楚2
cengxianzi	曾宪梓2
cengzimo	曾子墨2
ceping	测评2
ceshen	侧身2
ceshi	测试3
cesuan	测算2
cesuo	厕所2
cexian	侧线2
ceyan	测验2
ceying	策应2
cezhong	侧重2
chaban	查办2
chabei	茶杯2
chabie	差别3
chabuduo	差不多3
chachu	查处2|查出2
chacuo	差错2
chadao	茶道2
chadian	差点2
chadianer	差点儿2
chae	差额2
chaersi	查尔斯2
chaguan	茶馆2
chahaer	察哈尔2
chahu	茶壶2
chahua	插话2|茶花2
chahuo	查获2
chaicao	柴草2
chaichu	拆除3
chaihe	柴禾2
chaihui	拆毁2
chaihuo	柴火2
chaijie	拆解2
chaikai	拆开2
chaiqian	差遣2|拆迁2
chaisan	拆散2
chaishi	差使2|差事2
chaiyi	差役2
chaiyou	柴油2
chaiyouji	柴油机2
chaji	茶几2
chajia	差价2
chaju	差距3|茶具2
chajue	察觉2
chakai	岔开2
chakan	查看3|察看2
chakou	插口2
chali	查理2
chalou	茶楼2
chaming	查明2
chana	刹那2
chanchu	产出2|蟾蜍2|铲除2
chandi	产地2
chandong	颤动2
chandou	颤抖2
chanfu	产妇2|搀扶2
changan	长安3
changbaishan	长白山2
changchang	常常3|尝尝2|长长2
changcheng	长城3
changchu	长处2
changchun	长春2
changci	场次2
changda	畅达2
changdao	倡导2|肠道2|尝到2|唱道2
changde	常德2
changdi	场地2
changdu	长度3
changduan	长短2
change	嫦娥2
changfa	长发2
changfang	厂房2
changfangxing	长方形3
changfu	偿付2
changge	唱歌2
changgong	长工2
changgui	常规3
changguisai	常规赛2
changhe	场合3|长河2
changhong	长虹2
changhuan	偿还2
changjia	厂家2|长假2
changjian	常见3|长剑3
changjiang	长江4
changjianyu	常见于2
changjie	长街2
changjing	场景2
changjiu	长久2
changjue	猖獗2
changkai	敞开2
changkuai	畅快2
changkuang	猖狂2
changlang	长廊2
changle	长乐2
changli	厂里2|常理2|常例2
changliang	常量2
changlu	常绿2
changmao	长矛2
changmian	场面3
changming	唱名2
changnei	场内2
changnian	常年2|长年2
changpao	长袍2
changpian	长篇2|唱片2
changping	昌平2
changqi	长期3|唱起2|长崎2
changqiang	唱腔2|长枪2
changqing	常青2
changren	常人2|常任2
changsha	长沙3
changshan	长衫2
changshang	厂商3|场上2
changshashi	长沙市2
changshe	常设3
changsheng	长生2|常胜2
changshengjun	常胜军2
changshi	尝试3|常识2|长诗2|长石2|常事2
changshou	长寿2
changshu	常数2|常熟2
changsuo	场所3
changtai	常态2
changtan	长叹2
changtong	畅通2
changtu	长途2
changwei	常委3|肠胃2
changweihui	常委会3
changwen	常温2
changwu	常务3
changxi	唱戏2
changxian	长线2
changxiao	畅销3|长啸2
changxing	畅行2
changyandao	常言道2
changyi	倡议2
changyong	常用3
changyou	常有3|畅游2
changyu	长于2
changyuan	长远2
changyuchun	常遇春2
changzhang	厂长2
changzheng	长征2
changzhou	常州2
changzhu	常住2|常驻2
changzi	肠子3|场子2
changzu	长足2
chanhui	忏悔2
chanlian	蝉联2
chanliang	产量3
chanluan	产卵3
chanmian	缠绵2
chanming	阐明3
channeng	产能2
chanpin	产品4
chanqu	产区2
chanquan	产权2
chanrao	缠绕2
chansheng	产生4
chanshi	禅师2|阐释2
chanshu	阐述3
chanwu	产物3
chanxiao	产销2
chanxiaolu	产销率2
chanye	产业3
chanyehua	产业化3
chanyelian	产业链2
chanyeyuan	产业园2
chanyu	产于2|单于2
chanzhang	禅杖2
chanzhi	产值3
chanzhu	缠住2
chanzong	禅宗2
chaobai	朝拜2
chaoben	抄本2
chaobiao	超标2
chaocai	炒菜2
chaochen	朝臣2
chaochu	超出3
chaodai	朝代2
chaodao	超导2
chaoe	超额2
chaofeng	嘲讽2
chaofu	朝服2
chaoguo	超过4|炒锅2
chaohu	超乎2|巢湖2
chaoji	超级2
chaojia	吵架2|抄家2
chaojian	朝见2
chaojin	朝觐2
chaoju	潮剧2
chaoliu	潮流2
chaomi	炒米2
chaomian	炒面2
chaonao	吵闹2
chaonong	嘲弄2
chaopiao	钞票2
chaoqian	超前2
chaoqun	超群2
chaoren	超人2
chaosheng	超声2
chaoshengbo	超声波2
chaoshi	潮湿2|超市2
chaoshui	潮水2
chaotianjiao	朝天椒2
chaoting	朝廷3
chaoxi	潮汐2
chaoxian	朝鲜3
chaoxiang	朝向2
chaoxianren	朝鲜人2
chaoxianzu	朝鲜族2
chaoxiao	嘲笑2
chaoxue	巢穴2
chaoyang	朝阳2
chaoyangqu	朝阳区2
chaoye	朝野2
chaoyinsu	超音速2
chaoyue	超越3
chaozhe	朝着2
chaozheng	朝政2
chaozhi	炒制2
chaozhou	潮州2
chaozuo	炒作2
chapushi	查浦诗2
chaqing	查清2
chaqu	插曲2
charu	插入2
chashou	插手2
chashu	茶树2
chashui	茶水2
chatu	插图2
chawan	茶碗2
chawen	查问2
chaxun	查询2
chaye	茶叶3|插页2
chayi	差异3|诧异3
chayidian	差一点2
chayuan	茶园2
chayue	查阅2
chazhao	查找2
chazhuang	茶庄2
chazui	插嘴2
chechen	车臣2
checheng	车程3|车城2
chechengxi	车城西2
chechu	撤出2|撤除2
chechuang	车窗2
chedao	车道2
chedi	彻底3
chedui	车队2
cheerku	车尔库2
chefu	车夫2
chehui	撤回2
chehuo	车祸2
chejian	车间2
chejun	撤军2
cheli	撤离2|车里2
cheliang	车辆3
chelun	车轮2
chema	车马2
chemen	车门2
chenai	尘埃2
chenbao	晨报2
chenbaozhu	陈宝柱2
chenbiqiao	陈币桥2
chenboda	陈伯达2
chenchangzhi	陈昌智2
chenchen	沉沉2
chenchuan	沉船2
chendahai	陈达海2
chendamin	陈大民2
chendian	沉淀2
chendiandian	沉甸甸2
chendongsheng	陈东升2
chenduxiu	陈独秀2
chenfu	臣服2
chenfuzhong	陈富忠2
chengba	称霸2
chengbai	成败2
chengban	承办2|惩办2
chengbang	城邦4
chengbao	承包2|城堡2
chengbei	城北2
chengben	成本3
chengcai	成才2
chengche	乘车2
chengchen	称臣2
chengchi	城池2
chengchong	成虫2
chengchu	惩处2
chengchuan	乘船2
chengdan	承担3
chengdao	称道2
chengde	承德2
chengdeshang	称得上2
chengdi	称帝2
chengdong	城东2
chengdu	程度3|成都3
chengdushi	成都市2
chengfa	惩罚3|成法2|乘法2
chengfang	成方2|城防2
chengfen	成分3|成份2
chenggong	成功4
chenggonglu	成功率2
chenggui	成规2
chengguo	成果3
chenghang	成行2
chenghao	称号3
chenghu	称呼3
chenghua	成化2
chenghuan	承欢2
chenghun	成婚2
chengji	成绩3|乘机3
chengjian	城建2
chengjiao	城郊2|成交2
chengjiaoliang	成交量2
chengjiaoxing	城郊型2
chengjie	承接2
chengjiu	成就3
chengke	乘客2
chengken	诚恳2
chengli	成立4|城里3
chenglingsu	程灵素2
chengliren	城里人2
chenglou	城楼3
chenglupan	承露盘2
chengma	乘马2
chengmen	城门3
chengming	成名2
chengnan	城南2
chengnei	城内3
chengnian	成年2
chengnianren	成年人2
chengnuo	承诺3
chengpai	成排2
chengpian	成片2
chengpin	成品2
chengqi	称奇2
chengqiang	城墙3
chengqiangong	承乾宫2
chengqin	成亲2
chengqing	澄清2
chengqingbo	成清波2
chengqingzhu	程青竹2
chengqiwei	成其为2
chengqu	城区3
chengquan	成全2
chengqun	成群2
chengran	诚然2
chengren	承认3|成人3|成仁2
chengse	成色2
chengshi	城市4|乘势2|诚实2|程式2
chengshihua	城市化2
chengshou	承受3
chengshu	成熟3|成书2
chengsiwei	成思危2
chengsong	称颂2
chengtao	成套2
chengtian	成天2
chengtianzhi	承天之2
chengtou	城头2
chenguoqiang	陈国强2
chengwai	城外3
chengwang	称王2
chengwei	成为4|称为4|称谓2
chengwen	成文2
chengwenti	成问题2
chengxi	城西2|承袭2
chengxia	城下2
chengxian	呈现3
chengxiang	城乡3|丞相3|成像2
chengxiansheng	程先生2
chengxiao	成效3
chengxin	诚信2|诚心2
chengxing	成型2|成形2
chengxiong	称雄2
chengxu	程序3
chengxuyuan	程序员2
chengyao	撑腰2
chengyaojia	程瑶迦2
chengyi	诚意2
chengyiju	程贻举2
chengyin	成因2
chengyu	成语2
chengyuan	成员3|城垣2|乘员2
chengyuanguo	成员国2
chengyun	承运2
chengzai	承载2
chengzan	称赞3
chengzhang	成长3
chengzhe	乘着2
chengzhen	城镇3
chengzhi	城址2|惩治2|程志2|诚挚2
chengzhiwei	称之为3
chengzhong	城中3
chengzhuan	城砖2
chengzuda	成祖大2
chengzuo	称作2|乘坐2|称做2
chenhuanghou	陈皇后2
chenji	沉积3|趁机2|沉寂2
chenjiagui	陈佳贵2
chenjiahu	陈家湖2
chenjiaji	谌家矶2
chenjialuo	陈家洛3
chenjiang	沉降2
chenjiansheng	陈建生2
chenjiapu	陈家铺2
chenjin	沉浸2
chenjing	沉井2|沉静2
chenjingyun	陈警云2
chenjinnan	陈近南2
chenjiu	陈旧2
chenjiwu	沉积物2
chenjiyan	沉积岩2
chenlie	陈列2
chenlusheng	陈履生2
chenmen	沉闷2
chenmin	臣民2
chenmingxia	陈名夏2
chenmo	沉默3|沉没2
chenmusen	陈木森2
chennanxian	陈难先2
chenpixian	陈丕显2
chenqiaonian	陈乔年2
chenqie	臣妾2
chenru	沉入2
chenshan	衬衫2
chenshe	陈设2
chenshi	趁势2
chenshimei	陈世美2
chenshu	陈述2
chenshui	沉睡2
chenshuibian	陈水扁2
chensi	沉思2
chentanqiu	陈潭秋2
chentong	沉痛2
chentu	尘土2
chentuo	衬托2
chenwen	沉稳2
chenwenhong	陈文洪2
chenxiang	沉香2
chenxiaopao	陈小炮2
chenxiazi	陈瞎子2
chenxilian	陈锡联2
chenxingyu	陈兴瑜2
chenxinjia	陈新甲2
chenxiurong	陈秀榕2
chenyi	陈毅2|衬衣2
chenyige	陈艺戈2
chenyin	沉吟3
chenyiyu	陈宜瑜2
chenyongfu	陈永福2
chenyouliang	陈友谅2
chenyuanyuan	陈圆圆2
chenyun	陈云2
chenzaidao	陈再道2
chenzao	趁早2
chenzhangliang	陈章良2
chenzhe	趁着2
chenzhengde	陈正德2
chenzhengwei	陈政委2
chenzhenhui	陈贞慧2
chenzhi	称职2
chenzhong	沉重3
chenzhuo	沉着2
chenzi	臣子2
chenzui	沉醉2
chepai	车牌2
chepiao	车票2
cheshang	车上2
cheshen	车身2
cheti	车体2
chetui	撤退2
chexiang	车厢2
chexiao	撤销3
chexing	车型2
chezai	车载2
chezhan	车站2
chezhang	车长2
chezhi	撤职2
chezi	车子2
chezou	撤走2
chibang	翅膀2
chibi	赤壁2
chibishi	赤壁市2
chicheng	驰骋2
chichi	迟迟2
chicun	尺寸2
chidai	痴呆2
chidao	赤道2|迟到2|持刀2
chidiao	吃掉2
chidu	尺度2
chidun	迟钝2
chifa	吃法2
chifan	吃饭3
chige	斥革2
chigu	持股2
chihaotian	迟浩田2
chihe	池河3|吃喝2
chihuan	迟缓2
chijin	吃紧2
chijing	吃惊2
chijishang	池际尚2
chijiu	持久2|吃酒2
chijiuzhan	持久战2
chikaren	持卡人2
chiku	吃苦2
chikui	吃亏2
chili	吃力2
chilun	齿轮2
chiluo	赤裸2
chiluoluo	赤裸裸2
chimi	痴迷2
chiming	驰名2
chiping	持平2
chire	炽热2
chiru	耻辱2
chishui	吃水2
chitang	池塘2
chiwen	鸱吻2
chixiao	耻笑2
chixu	持续3
chiyao	吃药2
chiyi	迟疑2
chiyou	持有3
chiyuan	驰援2
chiyuedi	池月堤2
chiyufeng	池宇峰2
chizao	迟早2
chize	斥责2
chizi	赤字2|尺子2
chongai	宠爱2
chongbai	崇拜3
chongchi	充斥2
chongchong	重重3
chongchu	冲出2
chongci	冲刺2
chongdan	冲淡2
chongdang	充当2
chongdian	充电2
chongdiao	冲掉2
chongdie	重叠2
chongdong	冲动2
chongfan	重返2
chongfen	充分3
chongfeng	冲锋2|重逢2
chongfengqiang	冲锋枪2
chongfu	重复3
chonggao	崇高2
chongguang	崇光2
chonghe	重合2
chongji	冲击3|冲积2|充饥2
chongjian	重建3
chongjibo	冲击波2
chongjili	冲击力2
chongjing	崇敬2|憧憬2
chongjun	充军2
chongkai	冲开2
chongman	充满3
chongpei	充沛2
chongpo	冲破2
chongqing	重庆3
chongren	充任2|崇仁2
chongru	冲入2
chongsan	冲散2
chongsha	冲杀2
chongshang	崇尚2
chongshen	重申2
chongsheng	冲绳2
chongshi	充实2
chongshua	冲刷2
chongti	重提2
chongtian	冲天2
chongtu	冲突3
chongwei	重围2
chongwen	崇文2|重温2
chongwenmen	崇文门2
chongwu	宠物2
chongxi	冲洗2
chongxian	重现2
chongxiang	冲向2
chongxin	重新3|宠信2
chongxiu	重修2
chongxu	冲虚2
chongxue	充血2
chongyan	重演2
chongyang	重阳2
chongyangxian	崇阳县2
chongyu	充裕2
chongzhe	冲着2
chongzhen	崇祯3
chongzhuang	冲撞2
chongzi	虫子2
chongzu	充足3|重组2
chouban	筹办2
choubei	筹备2
choubeihui	筹备会2
choucha	抽查2
chouchang	惆怅2
chouchu	抽出2|踌躇2|抽搐2
choucuo	筹措2
chouda	抽打2
choudi	仇敌2
choudiao	抽调2
choudoufu	臭豆腐2
chouduan	绸缎2
choue	丑恶2
chouhen	仇恨2
chouhua	筹划2
chouji	筹集2
choujia	仇家2
choujian	筹建2
choulou	丑陋2
chouma	筹码2
choumi	稠密2
chouqi	臭气2|抽泣2
chouqian	抽签2
chouqu	抽取2
chouren	仇人2
choushen	抽身2
choushi	仇视2
chouti	抽屉2
chouwei	臭味2
chouweihui	筹委会2
chouwen	丑闻2
chouxiang	抽象2
chouyan	抽烟2
chouyang	抽样2|臭氧2
chuaimo	揣摩2
chuanbian	传遍2
chuanbo	传播3|船舶3
chuanbozhe	传播者2
chuancang	船舱2
chuancha	穿插2
chuanchang	船厂2
chuancheng	传承2
chuanchu	传出2
chuanci	穿刺2
chuanda	传达2
chuandai	穿戴2
chuandan	传单2
chuandao	传到2|传导2
chuandi	传递3
chuandong	传动2|川东2
chuandui	船队2
chuanganqi	传感器2
chuangban	创办3
chuangbian	床边2
chuangchu	创出2
chuangdan	床单2
chuangei	传给2
chuanghu	窗户2
chuanghui	创汇2
chuangjian	创建3|创见2
chuangjianzhe	创建者3
chuangjin	闯进2
chuangkan	创刊2
chuangkou	窗口3
chuangli	创立3
chuanglian	窗帘2
chuangqian	窗前2
chuangru	闯入2
chuangshang	床上3|创伤2|窗上2
chuangshe	创设2
chuangshi	创始2
chuangshiren	创始人2
chuangtou	床头2
chuanguo	穿过3
chuangwai	窗外3
chuangwang	闯王3
chuangwei	创维2
chuangxia	创下2
chuangxin	创新3
chuangyan	床沿2
chuangye	创业3
chuangyeyuan	创业园2
chuangyi	创意2
chuangzao	创造3
chuangzaoli	创造力2
chuangzaoxing	创造性2
chuangzhi	创制2
chuangzi	窗子2
chuangzuo	创作3
chuanhu	传呼2
chuanhua	传话2
chuanjia	船家2
chuanjiadan	穿甲弹2
chuanjiao	传教2
chuanjiaoshi	传教士2
chuankai	传开2
chuankong	穿孔2
chuanlai	传来3
chuanlian	串联2
chuanling	传令2
chuanmei	传媒3
chuanqi	传奇2|喘气2
chuanqiu	传球2
chuanran	传染2
chuanranbing	传染病2
chuanranxing	传染性2
chuanren	传人2
chuanru	传入3
chuanshang	船上3
chuanshen	船身2|传神2
chuanshi	传世2
chuanshou	传授2
chuanshu	传输2
chuanshuo	传说3
chuansong	传送2
chuansuo	穿梭2
chuanti	船体2
chuantong	传统4
chuantou	船头2|穿透2
chuanwei	船尾2
chuanwen	传闻2
chuanwu	船坞2
chuanxi	喘息2
chuanxiao	传销2
chuanxing	穿行2
chuanyan	传言2
chuanyi	传译2|穿衣2
chuanyuan	船员2
chuanyue	穿越2
chuanzha	船闸2
chuanzhang	船长3
chuanzhen	传真2
chuanzhi	船只3
chuanzhong	传中2
chuanzhu	串珠2
chuba	初八2
chuban	出版3
chubanshe	出版社3
chubanwu	出版物2
chubei	储备3
chubing	出兵2
chubu	初步3
chucang	储藏2
chucangliang	储藏量2
chuchai	出差2
chuchan	出产2
chuchang	出场2
chuchanpin	畜产品2
chuchu	处处3|楚楚2
chuchuang	橱窗2
chuci	初次2|楚辞2
chucun	储存2
chucuo	出错2
chudeng	初等2
chudian	出点2
chudiao	除掉2
chudong	出动2|触动2|初冬2
chuer	初二2
chufa	出发3|处罚3|触发2
chufadian	出发点2
chufan	触犯2
chufang	厨房3|出访2|处方2
chufei	除非3
chufen	处分2
chuguo	出国2|楚国2|出过2
chuhai	出海2
chuhan	出汗2
chuhu	出乎2
chuideng	吹灯2
chuifenghui	吹风会2
chuilei	垂泪2
chuiniu	吹牛2
chuiti	垂体2
chuiwei	垂危2
chuixiang	吹响2
chuixu	吹嘘2
chuizhi	垂直3
chuizou	吹奏2
chuji	初级3|出击2|触及2
chujia	出嫁2|出家2
chujian	初见2
chujiao	触角2
chujiaren	出家人2
chujie	出界2
chujinan	楚纪南2
chujing	处境2|出境2
chujingyou	出境游2
chuju	出具2|出局2
chujue	处决2
chukou	出口3
chukouguo	出口国2
chukouliang	出口量2
chulai	出来4
chulan	出栏2
chule	除了3
chuli	处理4|出力2|矗立2
chuliang	储量3
chuliji	处理机2
chuliqi	处理器2
chulu	出路2|出炉2
chuma	出马2
chumai	出卖2
chumen	出门3
chumian	出面2
chuming	出名3
chumo	出没2|触摸2
chunbai	纯白2
chuncai	莼菜2
chuncui	纯粹2
chundu	纯度2
chunfeng	春风2
chunhou	醇厚2
chunian	初年2
chunji	春季2
chunjian	纯碱2
chunjie	春节3|纯洁2
chunjing	纯净2
chunpiao	纯朴2
chunpu	淳朴2
chunqiu	春秋3
chunshouru	纯收入2
chunshu	纯属2|纯熟2
chuntian	春天3
chunu	触怒2|处女2
chunyi	春义2
chunyou	春游2
chunyu	春雨2
chunzhen	纯真2
chunzheng	纯正2
chuohao	绰号2
chuoxue	辍学2
chuoxuelu	辍学率2
chupin	出品2
chuqi	初期3|出奇2|出气2
chuqian	出钱2
chuqiao	出鞘2
chuqin	畜禽2
chuqu	出去3|除去2
chuque	出缺2
churen	出任3
churu	出入3
churujing	出入境2
chusan	初三2
chuse	出色3
chushan	出山2
chushen	出身3
chusheng	出生3|畜生2|初生2
chushenglu	出生率2
chushi	初时2|出使2|初始2|出世2|出事2|出示2
chushou	出售3|出手3|触手2
chushui	出水2
chusi	处死2
chusu	初速2
chusuo	处所2
chutai	出台3
chutao	出逃2
chuti	出题2
chutou	出头2|锄头2
chutu	出土3
chuwai	除外2|出外2
chuwang	楚王2
chuwenhua	楚文化2
chuxi	出席3|出息2|除夕2
chuxia	初夏2
chuxian	出现4|出线2
chuxie	出血2
chuxin	出新2
chuxing	出行2|雏形2
chuxingjing	初兴靖2
chuxu	储蓄2
chuyan	出言2
chuyanchao	楚雁潮2
chuyi	初一2|处以2|除以2
chuying	出迎2
chuyou	出游2
chuyu	处于3|出于3|出狱2
chuyuan	出院2
chuyuanpai	楚源牌2
chuzai	处在2
chuzhan	出战2
chuzhang	处长3
chuzheng	出征3
chuzhi	处置3
chuzhong	初中3|初衷2|出众2
chuzhuangwang	楚庄王2
chuzi	出自2|出资2|厨子2
chuzu	出租2
chuzuche	出租车2
ciai	慈爱2
cian	此案2
ciba	糍粑2
cibei	慈悲2
cibie	辞别2
cichang	磁场3
cichu	此处3
cici	此次3
cidai	磁带2
cidao	刺刀2
cideng	此等2
cidi	此地2|次第2
cidian	词典2|辞典2
cier	刺耳2|词儿2
cifa	此法2
cihou	此后3|伺候2
cihua	此话2|磁化2
cihui	词汇2
ciji	刺激3
cijian	此间3
cijisu	雌激素2
cijixing	刺激性2
ciju	此举3|磁矩2|词句2
cike	此刻3|刺客2
cilei	此类2
cili	此理2
cinian	次年3
cininggong	慈宁宫2
cipan	磁盘2
ciping	瓷瓶2
ciqi	瓷器2
ciqian	此前3
ciqu	辞去2|词曲2
ciren	此人3|词人2
ciri	次日3
cisha	刺杀2
cishan	慈善2
cishang	刺伤2
cisheng	次生2|此生2
cishi	此时3|此事3|刺史3|磁石2
cishu	次数3|此书2
citang	祠堂2
citiao	词条4
citie	磁铁2
citong	刺痛2
ciwai	此外3
ciwei	刺猬2
ciwu	此物2
cixi	慈禧3
cixiang	此项2|慈祥2
cixing	磁性2|此行2|雌性2
cixiong	雌雄2
cixitai	慈禧太2
cixiu	刺绣2
cixu	次序2
ciyan	此言2
ciyao	次要2
ciyi	此役2
ciyu	词语2|赐予2|次于2
cizhan	此战2
cizhi	辞职3|次之2
cizhong	此种2|刺中2
cizi	次子2
congbu	从不3
congci	从此3
congcong	匆匆3|淙淙2
congdaqing	从大清2
conger	从而3
conghui	聪慧2
congjin	从今2
congjun	从军2
conglai	从来3
conglaibu	从来不2
conglin	丛林2
congmang	匆忙2
congmei	从没2
congming	聪明3
congmingren	聪明人2
congqian	从前3
congrong	从容2
congsheng	丛生2
congshi	从事3
congshu	丛书2|从属2
congtou	从头2
congwei	从未3
congxiao	从小3
congyan	从严2
congye	从业3
congyezhe	从业者2
congzheng	从政2
congzhong	从中3|丛中2
couhe	凑合2
coujin	凑近2
couqiao	凑巧2
cuandong	攒动2
cuanduo	篡夺2
cubao	粗暴2
cucao	粗糙2
cucheng	促成2
cuda	粗大2
cuguang	粗犷2
cuican	摧残2
cuicu	催促2
cuihua	催化2
cuihuaji	催化剂2
cuihui	摧毁2
cuimian	催眠2
cuiqiushan	崔秋山2
cuiqu	萃取2
cuiruo	脆弱2
cujin	促进3
culu	粗鲁2
culue	粗略2
cunchu	存储2
cunchuqi	存储器2
cunfang	存放2|村坊2
cunganbu	村干部2
cunhuo	存活2|存货2
cunkuan	存款2
cunli	村里3
cunliang	存量2
cunliren	村里人2
cunluo	村落2
cunmin	村民3
cunru	存入2
cunwang	存亡2
cunweihui	村委会3
cunxin	存心2
cunyou	存有2
cunzai	存在4
cunzhang	村长2
cunzhen	村镇2
cunzhuang	村庄2
cunzi	村子2
cuobai	挫败2
cuoci	措辞2
cuojue	错觉2
cuoluo	错落2
cuoshang	磋商2
cuoshi	措施3
cuowu	错误3
cuozhe	挫折2
cuozhi	措置2
cushi	促使3
cuxi	粗细2
cuxiao	促销2
cuyong	簇拥2
cuzhuang	粗壮2
daai	大碍2
daan	答案3
daba	大坝2
dabai	打败3|大败2
daban	打扮3|大半2|大阪2
dabange	大半个2
dabannian	大半年2
dabao	大包2
dabashan	大巴山2
dabenying	大本营2
dabi	大笔2
dabian	大便2|答辩2
dabiao	达标2
dabieshan	大别山3
dabing	大病2|大兵2
dabo	大伯2
dabu	大部2|大步2
dabufen	大部分3
dabuliao	大不了2
dachang	大肠2
dachao	大潮2
dache	大车2
dachen	大臣3
dacheng	达成3|大成2|大城2|打成2|大乘2|搭乘2
dachengshi	大城市2
dachong	大虫2
dachu	打出2|大厨2
dachuan	大船2
dada	大大3|鞑靼2
dadade	大大的2
dadan	大胆3
dadang	搭档2
dadao	达到4|大道3|打倒3|答道3|大刀2|大岛2
dade	大德2
dadi	大地3|大堤2|大帝2|大抵2|大敌2
dadian	大典3|大殿3|打点2
dadianhua	打电话3
dadong	打动2|大洞2
dadou	大豆2
dadoucheng	大都城2
dadu	大都3
daduan	打断2
daduhe	大渡河2
dadui	大队3|大堆2
daduizhang	大队长2
daduo	大多3
daduoshu	大多数3
daerba	达尔巴2
daerwen	达尔文2
daerzi	大儿子2
dafa	打发2|打法2|大发2|大法2
dafan	大凡2
dafang	大方2
dafen	打分2
dafeng	大风2
dafu	大夫3|大幅3|答复3
dafudu	大幅度2
dagai	大概3
dagang	大纲2|大港2
dage	大哥3
dageming	大革命2
dagezi	大个子2
dagong	打工2|大功2|大公2
dagonglu	大功率2
dagu	打鼓2|大鼓2
daguan	大官2|大观2|大关2
daguanyuan	大观园2
daguimo	大规模3
dagukou	大沽口2
daguniang	大姑娘2
daguo	大国3
dahai	大海3
dahan	大汉3|大喊2
dahao	大好2
dahe	大河2
dahei	大黑2
dahong	大红2
dahongmen	大红门2
dahongshan	大洪山2
dahu	大湖2|大户2
dahua	答话2|大华2
dahuang	大黄2
dahui	大会3
dahuitang	大会堂2
dahuo	大伙2|大火2|大祸2
dahuoer	大伙儿3
dahuzi	大胡子2
daibiao	代表4
daibiaochu	代表处2
daibiaoren	代表人2
daibiaotuan	代表团3
daibiaoxing	代表性2
daibiaozuo	代表作3
daibing	带兵2
daibu	逮捕3
daidaidi	呆呆地2
daidao	带到2
daidian	带电2
daiding	待定2
daidong	带动3
daidu	歹毒2
daidui	带队2
daier	戴尔2
daigaole	戴高乐2
daigei	带给2
daihao	代号2
daihui	带回2
daihuier	待会儿2
daijia	代价3
daijian	待见2
daijin	殆尽2
daike	代课2|待客2
daikuan	贷款3|带宽2
dailai	带来3
daili	代理3
dailing	带领3
dailiren	代理人2
dailishang	代理商2
dailu	带路2
daima	代码3
daiman	怠慢2
daiming	待命2
dairen	待人2
dairu	带入2
daishang	带上2
daishu	代数2
daishuxue	代数学2
daiti	代替3
daitou	带头2
daitouren	带头人2
daitu	歹徒2
daiwei	代为2
daixie	代谢2
daiyanren	代言人2
daiyou	带有3
daiyu	待遇3
daizhengliang	戴证良2
daizhi	呆滞2
daizhuang	带状2
daizhuren	代主任2
daizi	呆子2|袋子2|带子2
daizou	带走2
daizu	傣族2
daji	打击3|大计2|大忌2
dajia	大家4|打架2|打假2|大加2|搭架2
dajian	大件2|搭建2|打尖2
dajiang	大将3|大江2|大奖2
dajiangjun	大将军2
dajiangsai	大奖赛2
dajiao	大叫3
dajiaodao	打交道2
dajiating	大家庭2
dajie	大街3|大姐2|大捷2|打劫2
dajing	打井2
dajiu	搭救2
dajiudian	大酒店2
daju	大局3|大举2
dajun	大军3
dakai	打开3
daku	大哭2
dakuai	大块2
dala	耷拉2
dalai	达赖2
dalao	打捞2
dalaoye	大老爷2
dale	大乐2
dali	大力3|大理2|大礼2|搭理2
dalian	大连3
daliang	大量4|打量2|大梁2
dalianshi	大连市2
dalie	打猎2
dalishi	大理石2
dalisi	大理寺2
dalitang	大礼堂2
dalou	大楼2
dalu	大陆3|大路2
daluan	大乱2|打乱2
dalujia	大陆架2
daluxing	大陆性2
dama	大妈2
damai	大麦2
damen	大门3
damenkou	大门口2
dami	大米3
damianji	大面积2
damiao	大庙2
daming	大明3|大名2
damo	大漠2|达摩2
damuzhi	大拇指2
danan	大难2
danao	大脑2
danbai	蛋白3
danbaizhi	蛋白质3
danban	单板2
danbao	担保2
danbing	单兵2
danbo	单薄2
danceng	单层2
danchen	诞辰2
danchi	丹墀2
danchun	单纯3
danci	单词2
danda	单打2|胆大2
dandan	淡淡2|单单2
dandande	淡淡的2
dandandi	淡淡地2
dandang	担当2
dandao	单刀2|弹道2
dandiao	单调2
dandong	丹东2
dandu	单独3
danei	大内2
danfa	单发2
danfan	但凡2
danfangmian	单方面2
danfu	担负3
dangan	档案3|胆敢2
dangang	担纲2
dangao	蛋糕2
dangbing	当兵2
dangchang	当场3
dangcheng	当成2
dangchu	当初3
dangci	档次2
dangdai	当代3
dangdaibiao	党代表2
dangdi	当地3
dangdiren	当地人2
dange	单个2|耽搁2
danger	当儿2
dangfeng	党风2
dangguan	当官2
danggui	当归2
danghong	当红2
dangji	当即3|党籍2
dangjia	当家2
dangjiade	当家的2
dangjian	党建2
dangjin	当今3
dangju	当局3
dangliang	当量2
dangmian	当面2
dangnei	党内3
dangneiwai	党内外2
dangnian	当年3
dangpai	党派2
dangpu	当铺2
dangqi	档期2
dangqian	当前3
dangquan	当权2
dangran	当然4
dangren	党人2
dangri	当日3
dangshi	当时4
dangshiren	当事人3
dangtian	当天3
dangtou	当头2
danguchun	胆固醇2
danguo	单果2
danguoxian	单果鲜2
dangwai	党外2
dangwan	当晚2
dangwei	党委3
dangwu	党务2
dangxia	当下3
dangxian	当先2
dangxiang	党项2
dangxiao	党校2
dangxin	当心2
dangxing	党性2
dangxuan	当选3
dangyang	当阳2|荡漾2
dangyangshi	当阳市2
dangye	当夜2
dangyu	党羽2
dangyuan	党员3
dangzhang	党章2
dangzhe	当着2
dangzhen	当真3
dangzheng	党政2|当政2
dangzhengjun	党政军2
dangzhi	当值2
dangzhibu	党支部2
dangzhong	当中3|当众2
dangzhongyang	党中央3
dangzhu	挡住2
dangzu	党组2
dangzuo	当作3|当做2
dangzuzhi	党组织2
danhua	淡化2
danhuang	淡黄2
dani	大鲵2
daniang	大娘2
danjia	担架2
danjiangkou	丹江口2
danke	蛋壳2|弹壳2|单科2
danliang	胆量2
danmai	丹麦3
danmaidui	丹麦队2
danmo	淡漠2
dannang	胆囊2
dannier	丹尼尔2
danqie	胆怯2
danqing	丹青2
danran	淡然2
danren	担任3|单人2
danshen	单身2
dansheng	诞生3
danshi	但是4
danshui	淡水3
danshuihu	淡水湖2
danshuiyu	淡水鱼3
danti	单体2
dantian	丹田2
dantou	弹头2
danwan	弹丸2
danwei	单位4
danweizhi	单位制2
danwu	耽误2
danxia	弹匣2
danxiang	单向2|单项2
danxiao	胆小2
danxibao	单细胞2
danxin	担心3
danxing	单行3|单性2
danyang	丹阳2
danyao	弹药3
danyi	单一3
danyou	担忧2
danyuan	单元2|但愿2
danzhanxie	单詹歇2
danzhi	胆汁2
danzi	胆子2|担子2|单子2
danzou	弹奏2
daoba	倒把2
daoban	盗版2
daobi	倒闭2
daoburu	倒不如2
daocao	稻草2
daochang	道场2|到场2
daochu	到处3|导出2
daoda	到达3
daodan	导弹3|刀丹2
daode	道德3
daodi	到底3|倒地2
daodian	导电2
daofa	刀法2
daofeng	刀锋2
daogao	祷告2
daogong	刀工2
daogu	稻谷2|道姑2
daoguan	导管2|道观2
daoguang	道光2
daoguo	岛国2
daohang	导航2
daohao	倒好2
daohen	刀痕2
daohui	捣毁2
daojia	道家2
daojian	刀剑2|刀尖2
daojiao	道教3
daojishi	倒计时2
daoju	道具3|刀具2
daolai	到来3
daoli	道理3
daolu	道路3
daoluan	捣乱2
daomei	倒霉2
daomeilan	刀美兰2
daomi	稻米2
daomu	盗墓2
daomuzei	盗墓贼2
daonei	岛内2
daonian	悼念2
daopang	道旁2
daopao	道袍2
daoqi	到期2
daoqian	道歉2
daoqiang	刀枪2
daoqie	盗窃2
daoren	道人3|刀刃2
daoru	倒入2
daoshang	岛上3
daoshi	道士3|导师2
daoshihou	到时候2
daoshou	到手2
daoshu	倒数2|导数2
daota	倒塌2
daote	道特2
daoteng	倒腾2
daoti	导体2
daotian	稻田2
daotou	到头2
daotoulai	到头来2
daotui	倒退2
daowei	到位2
daoxia	倒下2
daoxian	导线2
daoxiang	导向2|倒像2
daoxie	道谢2
daoyan	导演3
daoyi	道义2
daoyin	导引2
daoyou	导游2
daoyu	岛屿3
daozei	盗贼2
daozhang	道长2
daozhi	导致3
daozhu	岛主2
daozhuan	倒转2
daozi	刀子2
dapai	大牌2|打牌2
dapan	大盘2
dapao	大炮3
dapei	搭配2
dapi	大批3
dapian	大片3
dapo	打破3
daqi	大气3|大旗2
daqian	大钱2
daqiao	大桥3
daqiceng	大气层2
daqing	大清3|大庆2
daqu	大区2
daquan	大权2|大全2
darao	打扰2
daren	大人3|打人2
daru	打入2
dasai	大赛3
dasan	大三2
dasao	大嫂2|打扫2
dasha	大厦2
dashan	大山2
dashang	打伤2
dashe	大赦2
dashen	大神2|大婶2
dasheng	大声3|大圣2|大胜2
dashi	大事3|大师3|大使3|大石2|大势2
dashiguan	大使馆2
dashitou	大石头2
dashou	大寿2
dashu	大树2|大叔2
dashuai	大帅2
dashui	大水2
dashun	大顺2
dashunchao	大顺朝2
dashunjun	大顺军2
dasi	打死3|大肆2|大四2
dasima	大司马2
dasuan	打算3|大蒜2
databu	大踏步2
datan	打探2
datang	大堂2|大唐2
dati	大体3|答题2
dating	大厅3|打听3
datishang	大体上2
datong	大同2|打通2|大通2
datongdao	大通道2
datou	大头2
datuanjie	大团结2
datui	大腿2|打退2
dawan	大碗2|大湾2
dawang	大王2
dawante	大湾特2
dawei	大为3|大卫2
dawen	答问2
dawu	大雾2
dawuxian	大悟县2
daxi	大喜2|达西2|大戏2
daxia	大侠2|打下2|大夏2
daxiagu	大峡谷2
daxiang	大象2|打响2
daxiao	大小3|大笑3|打消2|大校2
daxing	大型3|大兴2
daxiongmao	大熊猫2
daxiu	大修2
daxiyang	大西洋3
daxuan	大选2
daxue	大学4|大雪2
daxuesheng	大学生3
daxueshi	大学士3
dayang	大洋2
dayangshu	大杨树2
dayangzhou	大洋洲2
daye	大业3|大爷3|大冶2
dayeshi	大冶市2
dayi	大衣2|大意2|大义2
dayin	打印2
daying	答应3|大营2|打赢2
dayinji	打印机2
dayu	大于3|大雨2
dayuan	大院2|大员2
dayuanshuai	大元帅2
dayue	大约3
dayuejin	大跃进2
dayunhe	大运河2
dazai	搭载2
dazao	打造2
dazeng	大增2
dazhai	大寨2
dazhalan	大栅栏2
dazhan	大战3
dazhang	打仗3
dazhangfu	大丈夫2
dazhaohu	打招呼2
dazhe	打着3|打折2
dazhekou	打折扣2
dazhen	大振2
dazheng	大政2
dazhi	大致3
dazhong	大众3|打中2|大中2
dazhongkuang	大冢匡2
dazhongxing	大中型2
dazhou	大洲2
dazhuan	大专2
dazi	大字2
dazibao	大字报2
daziji	打字机2
daziran	大自然2
dazong	大宗2
dazongtong	大总统2
dazu	大族2
dazuo	大作2
dean	德安2
deanfu	德安府2
debudao	得不到2
decheng	得逞2
dechu	得出3
dedang	得当2
dedao	得到4
defen	得分3
deguo	德国3
deguodui	德国队2
deguoren	德国人2
deheilan	德黑兰2
dehua	的话3|德化2
dejun	德军2
delai	得来2
deli	得力2|德里2
deming	得名3
dengbaichuan	邓百川2
dengchang	登场2
dengdai	等待3
dengdao	等到3
dengdeng	等等3
dengguang	灯光3
denghou	等候3
denghuo	灯火2
dengji	等级3|登记3|登基3|登极2
dengjia	等价2
dengjialing	邓家岭2
dengjiawu	等价物2
dengjiri	登记日2
dengjizhi	等级制2
dengken	邓肯2
dengliang	等量2
denglizi	等离子2
denglong	灯笼2
denglu	登陆3|登录2
denglujian	登陆舰2
dengluting	登陆艇2
dengmen	登门2
dengshan	登山2
dengshandui	登山队2
dengshang	登上3
dengshi	登时3|瞪视2
dengshikou	灯市口2
dengta	灯塔2
dengtai	登台2
dengtong	等同2
dengtongyu	等同于2
dengxian	等闲2
dengxiaoping	邓小平3
dengyan	瞪眼2
dengyoumi	邓有米2
dengyu	等于3
dengyue	登月2
dengzi	凳子2
desheng	得胜2
deshengmen	德胜门2
deshi	得失2
deshou	得手2
deti	得体2
dewen	德文2
dexi	得悉2
dexing	德行2|德性2
deyi	得以3|得意3|得益2
deyizhi	德意志2
deyu	德语2|德育2
dezhi	得知3
dezhou	德州2
dezhu	得主2
dezui	得罪3
diai	低矮2
dianbao	电报2
dianbo	颠簸2|电波2
dianchang	电场2|电厂2
dianche	电车2
dianchi	电池2
dianci	电磁2
diancibo	电磁波2
diancichang	电磁场2
diandao	颠倒2
diandeng	电灯2
diandengpao	电灯泡2
diandi	点滴3
diandian	点点2
diandiantou	点点头3
dianding	奠定3
diandong	电动2
diandongji	电动机2
diandongshi	电动势2
dianer	点儿2
dianfan	典范2
dianfanbao	电饭煲2
dianfen	淀粉2
dianfeng	巅峰2
dianfu	颠覆2
diangong	电工2
diangu	典故2
dianguang	电光2
dianhe	电荷2
dianhou	殿后2
dianhu	佃户2
dianhua	电话3
dianhuaji	电话机2
dianhuo	点火2
dianhuoqi	点火器2
dianji	电机2|电极2|点击2|典籍2|惦记2|奠基2
dianjia	电价2|店家2
dianjie	电解2
dianjiezhi	电解质2|电介质2
dianjiren	奠基人2
dianjunqu	点军区2
dianlan	电缆2
dianli	电力3|典礼2|店里2|电离2
dianliang	点亮3
dianliceng	电离层2
dianliu	电流3
dianlu	电路2
dianmao	点卯2
dianmen	地安门2
dianming	点名2
diannao	电脑3
diannei	殿内2
dianneng	电能2
diannong	佃农2
dianpei	颠沛2
dianping	点评2
dianpu	店铺2
dianqi	电器3|电气2
dianqihua	电气化2
dianqiu	点球2
dianran	点燃2
dianrong	电容2
dianshi	电视3|殿试3
dianshiji	电视机2
dianshiju	电视剧2
dianshitai	电视台3
diantai	电台3
diantang	殿堂2
dianti	电梯2
diantou	点头3
dianwang	电网2
dianwei	电位2
dianxia	殿下2
dianxian	癫痫2|电线2
dianxiaoer	店小二2
dianxin	电信3|点心2
dianxing	典型3
dianxue	点穴2
dianxun	电讯2
dianya	电压2|典雅2
dianying	电影3
dianyingjie	电影节2
dianyingting	电影厅2
dianyingyuan	电影院2
dianyuan	电源2
dianzhan	电站2
dianzhang	典章2
dianzhao	点着2
dianzhong	点中2
dianzhu	店主2
dianzhui	点缀2
dianzi	电子3|点子2
dianziguan	电子管2
dianzishu	电子书2
dianzixue	电子学2
dianzizhan	电子战2
dianzu	电阻2
diao	迪奥2
diaobao	碉堡2
diaobo	调拨2
diaocang	吊舱2
diaocha	调查3
diaodong	调动3
diaodu	调度2
diaoguanzhen	调关镇2
diaohua	雕花2
diaoji	调集2
diaojiaolou	吊脚楼2
diaoke	雕刻3
diaolai	调来2
diaolan	雕栏2
diaopei	调配2
diaoqian	调遣2
diaoqiao	吊桥2
diaoren	调任2
diaoru	调入2
diaosi	吊死2
diaosu	雕塑2
diaotou	掉头2
diaoxiang	雕像2
diaoxu	调蓄2
diaoyan	调研2|吊唁2
diaoyong	调用2
diaoyu	钓鱼2
diaoyudao	钓鱼岛2
diaozi	调子2
diba	第八2
dibajie	第八届2
diban	地板2
dibanchang	地板厂2
dibazhang	第八章2
dibei	地被2
dibiao	地表2
dibiaoshui	地表水2
dibu	地步3|底部2
diceng	地层3|底层2
dichan	地产2
dichao	低潮2
dichen	低沉2
dichu	地处3|抵触3
dichui	低垂2
dici	地磁2
dicichang	地磁场2
dida	抵达2
didai	地带3
didaixing	地带性2
didang	抵挡2
didao	地道2
didi	弟弟3|地底2
didian	地点3
didiao	低调2
diding	滴定2
diduan	地段2|低端2
didui	敌对2
diedang	跌宕2
diedao	跌倒2
diedie	爹爹3
diefu	跌幅2
diejia	叠加2
dieluo	跌落2
diema	爹妈2
dieniang	爹娘2
dier	第二3
dierbu	第二步2|第二部2
dierceng	第二层2
dierchang	第二场2
dierci	第二次3
dierdai	第二代2
dierdao	第二道2
dierge	第二个3
dierji	第二级2
dierjian	第二件2
dierjie	第二节2|第二届2
dierjuan	第二卷2
dierlei	第二类2
dierlun	第二轮2
dierming	第二名2
diernian	第二年2
dierpi	第二批2
diertian	第二天3
diertiao	第二条2
dieru	跌入2
dierwei	第二位2
dierzhang	第二章2
dierzhong	第二种2|第二重2
diezi	碟子2
difang	地方4|敌方2|提防2
difangguan	地方官2
difangxing	地方性3
difen	低分2
digei	递给3
digong	地宫2
digu	低估2|嘀咕2|低谷2
diguo	帝国3|敌国2
dihou	敌后2
diji	低级2|敌机2|地基2
dijia	低价2
dijian	递减2
dijiao	递交2|地窖2
dijie	缔结3
dijishi	地级市2
dijiu	第九2
dijiujie	第九届2
dijun	敌军2
dikang	抵抗3
dikangli	抵抗力2
dikong	低空2
dilei	地雷2
dili	地理3|地里2
dilian	低廉2
diliu	第六2
diliuci	第六次2
diliujie	第六届2
diliuzhang	第六章2
dilixue	地理学2
diluo	低落2
diman	地幔2
dimao	地貌3
dimei	弟妹2
dimi	低迷2
dimian	地面3|底面2
diming	地名2
dingbu	顶部2
dingchunqiu	丁春秋2
dingdan	订单2
dingdang	叮当2
dingdawang	丁大旺2
dingdian	定点2|顶点2
dingdu	定都2
dingduan	顶端2
dingduo	顶多2|定夺2
dinge	定额2
dingfeng	顶峰2
dinggou	订购2
dingguobao	丁国宝2
dinghun	订婚2
dinghuo	订货2
dingji	顶级2
dingjia	定价2
dingjian	顶尖2
dingjing	定睛2
dingju	定居2|定局2
dingli	订立2|定理2|鼎立2
dingliang	定量2
dinglu	定律3
dinglun	定论2
dingmao	丁卯2
dingming	定名2
dingminjun	丁敏君2
dingnengtong	丁能通3
dingpeng	顶棚2
dingqi	定期3
dingran	定然2
dingruchang	丁汝昌2
dingshang	顶上2
dingsheng	鼎盛2
dingshi	定时2
dingshisun	丁石孙2
dingsitian	丁思甜2
dingti	顶替2
dingwei	定位3|定为3
dingxia	定下2
dingxiang	定向2|丁香2
dingxing	定型2|定性2
dingyi	定义3
dingyu	定于2
dingyuan	定远2
dingzhi	定制2
dingzhu	叮嘱2|顶住2|盯住2
dingzhuang	顶撞2
dingzi	钉子2
diouni	狄欧尼2
dipan	地盘2|底盘2
dipi	地皮2
dipingxian	地平线2
dipu	地铺2
diqi	第七2
diqiao	地壳2
diqing	敌情2
diqiu	地球3
diqizhang	第七章2
diqu	地区4
dique	的确3
diquxing	地区性2
dire	地热2
diren	敌人4
disan	第三3
disanbu	第三步2
disanci	第三次2
disandai	第三代2
disanfang	第三方2
disange	第三个2
disanji	第三纪2
disanjie	第三届2
disanjuan	第三卷2
disanming	第三名2
disanpi	第三批2
disantian	第三天2
disantiao	第三条2
disanwei	第三位2
disanzhang	第三章2
disanzhe	第三者2
disanzhong	第三种2
dishang	地上3
disheng	低声3|笛声2
dishi	地势3|第十2|敌视2
dishiba	第十八2
dishici	第十次2
dishijie	第十届2
dishini	迪士尼2
dishiyi	第十一2
dishou	敌手2
dishouru	低收入2
dishui	滴水2
disi	第四3
disici	第四次2
disidai	第四代2
disige	第四个2
disiji	第四纪2
disijie	第四节2|第四届2
disijuan	第四卷2
disini	迪斯尼2
disiwei	第四位2
disizhang	第四章2
disizhong	第四种2
disu	低速2
ditai	地台2
ditan	地毯2|地坛2
ditanchang	地毯厂2
ditie	地铁3
ditou	低头3
ditu	地图3
diudiao	丢掉2
diulian	丢脸2
diuqi	丢弃2
diuren	丢人2
diushi	丢失2
diuxia	丢下2
diwa	低洼2
diwang	帝王3
diwei	地位4|地委2|帝位2|低微2
diwen	低温2
diwo	敌我2
diwu	第五3
diwuci	第五次2
diwudai	第五代2
diwujie	第五届2
diwuzhang	第五章2
dixia	地下3|低下3|底下3|地峡2
dixiadang	地下党2
dixian	底线2
dixiao	抵消2|抵销2
dixiashi	地下室2
dixiashui	地下水3
dixing	地形3
dixiong	弟兄3
diya	抵押2|低压2
diyi	第一4|敌意2
diyibu	第一部2|第一步2
diyichang	第一场2
diyici	第一次3
diyidai	第一代2
diyidao	第一道2
diyifen	第一分2|第一份2
diyifeng	第一峰2
diyifu	第一副2
diyige	第一个3
diyiguan	第一罐2
diyijia	第一家2|第一架2
diyijian	第一件2
diyijie	第一届2|第一节2
diyiju	第一句2
diyijuan	第一卷2
diyike	第一颗2
diyilei	第一类2
diyiliu	第一流2
diyilun	第一轮2
diyimen	第一门2
diyimian	第一面2
diyiming	第一名2
diyinian	第一年2
diyipi	第一批3
diyipian	第一篇2
diyiqi	第一期2
diyiren	第一任2
diyisou	第一艘2
diyitai	第一台2
diyitian	第一天2
diyitiao	第一条2
diyiwei	第一位2
diyixian	第一线2
diyizhang	第一章2
diyizhong	第一种2|第一重2
diyizuo	第一座2
diyu	低于3|地域3|抵御2|地狱2
diyuan	堤垸2|地缘2
diyueguo	缔约国2
diyun	底蕴2
dizao	缔造2
dizeng	递增3
dizhen	地震3
dizhi	地址3|地质3|抵制2|帝制2
dizhixue	地质学2
dizhonghai	地中海3
dizhu	地主3
dizi	弟子3|笛子2|底子2
dizu	地租3
dizuo	底座2
dongan	东岸2|东安2
donganmen	东安门2
dongbaoqu	东宝区2
dongbei	东北3
dongbeibu	东北部2
dongbeice	东北侧2
dongbeijiao	东北角2
dongbeijun	东北军2
dongbian	东边2
dongbiwu	董必武2
dongbu	东部3
dongbudong	动不动2
dongce	东侧3
dongchaoxi	东朝西2
dongcheng	东城2
dongci	动词2
dongdan	东单2
dongdang	动荡2
dongdao	东道2
dongdaozhu	东道主2
dongde	懂得3
dongdong	咚咚2
dongduan	东段2
dongfang	东方3|洞房2
dongfei	东非2
dongfeng	东风3
donggan	动感2
donggong	动工2|东宫2
donggua	冬瓜2
dongguan	东莞2|东关2
donghai	东海2
donghaian	东海岸2
donghan	东汉3
donghu	东湖3
donghua	动画2
donghuamen	东华门2
donghuapian	动画片2
dongji	冬季3|动机2
dongjia	董家2|东家2
dongjiang	东江2
dongjianhua	董建华2
dongjiao	东郊2
dongjie	冻结2|东街2
dongjin	东晋2
dongjing	东京3|动静3|东经3
dongkai	洞开2
dongkou	洞口2
dongku	洞窟2
donglai	东来2
dongli	动力3
dongliang	动量2
donglianwu	东连吴2
donglin	东林2
donglindang	东林党2
donglixue	动力学2
donglu	东路2
dongluan	动乱2
dongmai	动脉2
dongman	动漫2
dongmen	东门2|洞门2
dongmeng	东盟2
dongmian	东面2|冬眠2
dongnan	东南3
dongnanbu	东南部3
dongnanjiao	东南角2
dongnanya	东南亚3
dongneng	动能2
dongnuange	东暖阁2
dongou	东欧2
dongping	东平2
dongpo	东坡2
dongporou	东坡肉2
dongqi	东起2
dongqing	动情2
dongren	动人2
dongri	冬日2
dongsansheng	东三省2
dongshan	东山2
dongshen	动身2
dongsheng	东升2
dongshengzhen	东升镇2
dongshi	董事3|懂事2
dongshihui	董事会3
dongshizhang	董事长3
dongshou	动手3
dongsi	冻死2
dongtai	动态3
dongtan	动弹2
dongtian	冬天3
dongting	洞庭2|动听2
dongtinghu	洞庭湖3
dongtu	冻土2
dongwei	东魏2
dongwu	动物3|东吴2|动武2
dongwujie	动物界2
dongwuqun	动物群2
dongwuyuan	动物园2
dongxi	东西4
dongxian	东线2
dongxiang	动向2
dongxiaowan	董小宛2
dongxifang	东西方2
dongxin	动心2
dongxixiang	东西向2
dongxue	洞穴2
dongya	东亚2
dongyang	东洋2
dongyao	动摇2
dongyong	动用2
dongyuan	动员3
dongyue	东岳2
dongzhan	东站2
dongzhe	动辄2
dongzheng	东征2
dongzhengjiao	东正教2
dongzhi	冬至2|东至2
dongzhiwu	动植物2
dongzhou	东州2|东周2
dongzhuo	董卓2
dongzu	侗族2
dongzuo	动作3
doubi	陡壁2
doudong	抖动2
doudufu	都督府2
doufu	豆腐3
dougong	斗拱2
douke	豆科2
doulei	豆类2
douling	都灵2
douliu	逗留2
doumeiyi	窦美仪2
douniu	斗牛2
douou	斗殴2
doupeng	斗篷2
douqiao	陡峭2
douran	陡然2
dousi	都司2
douxing	都行2
douzheng	斗争3
douzhi	斗志2
duanceng	断层2
duanchang	断肠2
duancheng	短程2
duancu	短促2
duandai	断代2
duandao	短刀2
duande	端的2
duanding	断定2
duanduan	短短2
duanduande	短短的2
duanjian	短剑2
duanjue	断绝2
duankou	端口2
duanlian	锻炼3
duanlie	断裂2
duanliedai	断裂带2
duanluo	段落2
duanmen	端门2
duanmian	断面2
duanming	短命2
duanni	端倪2
duanqi	短期3
duanqirui	段祺瑞2
duanque	短缺2
duanran	断然2
duanshijian	段时间2
duansisi	段思思2
duansong	断送2
duanwen	短文2
duanwujie	端午节2
duanxian	短线2
duanxiang	端详2
duanxiao	短小2
duanxin	短信2
duanxu	断续2
duanyan	断言2
duanyanqing	段延庆2
duanzan	短暂2
duanzao	锻造2
duanzheng	端正2
duanzhengchun	段正淳2
duanzhuang	端庄2
duanzi	段子2|缎子2
duanzuo	端坐2
duban	督办2
dubo	赌博2
ducai	独裁2
ducaizhe	独裁者2
ducha	督察2|督查2
duchang	赌场2
duchayuan	都察院2
ducheng	都城2
duchong	毒虫2
duchuang	独创2
ducu	督促2
dudao	独到2
dudu	都督2
dufu	杜甫3
dugu	独孤2
duguo	度过2|渡过2
duhai	毒害2
duhe	渡河2
duian	对岸2
duibai	对白2
duibi	对比3
duibuqi	对不起3
duibuzhu	对不住2
duice	对策2
duichen	对称2
duichenxing	对称性2
duici	对此3
duida	对答2
duidai	对待3
duideqi	对得起2
duidi	对敌2
duifang	对方3
duifu	对付3
duihua	对话3|对华2
duihuan	兑换3
duiji	堆积2
duijie	对接2
duijue	对决2
duikang	对抗3
duikou	对口2
duile	对了2
duili	对立3|队里2
duilian	对联2
duilie	队列2
duilimian	对立面2
duiliu	对流2
duiman	堆满2
duimian	对面3
duinei	对内2
duiou	对偶2
duisheng	对生2
duishi	对视2
duishou	对手3
duishu	对数2
duitou	对头2
duiwai	对外3
duiwu	队伍3
duixian	兑现2
duixiang	对象3
duixing	队形2
duiying	对应3
duiyou	队友2
duiyu	对于4
duiyuan	队员3
duizhang	队长3
duizhao	对照2
duizhen	对阵2
duizheng	对症2
duizhi	对峙2
duizhun	对准2
duji	妒忌2|毒剂2
dujia	度假3|独家2
dujiacun	度假村2
dujiang	渡江2
dujiangyan	都江堰2
dujie	堵截2
duju	独具2
dujuan	杜鹃2
dujuanhua	杜鹃花2
dujue	杜绝2
dujun	督军2
dujushi	独居石2
dukou	渡口2
dula	毒辣2
duli	独立3|肚里2
duliang	度量2
dulianti	独联体2
dulidiao	杜里调2
dulixing	独立性2
dulumen	杜鲁门2
duncu	敦促2
dunhuang	敦煌2
dunliangtian	吨粮田2
dunpai	盾牌2
dunshi	顿时3
duntai	墩台2
dunwei	吨位2
dunxia	蹲下2
dunzu	顿足2
dunzuo	蹲坐2
duoban	多半3
duobi	躲避2
duobian	多边2|多变2
duobu	多部2
duocang	躲藏2
duoceng	多层2
duocengci	多层次2
duochu	多处2|多出2
duoci	多次3
duoda	多达2
duodaoqu	掇刀区2
duode	夺得3
duodeduo	多得多2
duodian	多点2
duoduo	多多2
duoergun	多尔衮3
duofa	多发2
duofang	多方2
duofangmian	多方面2
duoge	多个3
duogen	多根2
duogongli	多公里2
duogongneng	多功能2
duogua	多寡2
duoguan	夺冠2
duoguo	躲过2
duohui	夺回2
duojia	多家3
duojiao	跺脚2
duojiu	多久3
duokai	躲开2
duokong	多孔2
duokou	垛口2
duokui	多亏2
duolu	多路2|夺路2
duolunduo	多伦多2
duoluo	堕落2|多罗2
duome	多么3
duomeiti	多媒体2
duomi	多米2
duoming	多名3
duomu	夺目2
duonaohe	多瑙河2
duonian	多年3
duoniansheng	多年生2
duopian	多篇2
duopulei	多普勒2
duoqi	多期2
duoqianmi	多千米2
duoqu	夺取3|夺去2
duoquan	夺权2
duori	多日2
duoru	堕入2
duoshan	躲闪2
duoshao	多少4
duoshu	多数3
duosui	多岁2
duosuo	多所2|哆嗦2
duotai	多胎2
duotian	多天2
duotiao	多条2
duotou	多头2
duowan	多万2
duowanyuan	多万元2
duowei	多位2
duoxiang	多项2
duoxie	多谢2|多些2
duoyang	多样2
duoyanghua	多样化2
duoyangxing	多样性2
duoyi	多疑2
duoyidian	多一点2
duoyixie	多一些2
duoyong	多用2
duoyu	多于2|多余2
duoyuan	多元2
duoyuanhua	多元化2
duoyue	多月2
duoze	多则2
duozhang	多长2
duozhe	多者2
duozhi	多只2
duozhong	多种3|多重2
duozhu	舵主2
duozi	多子2
duozou	夺走2
duozuo	多座2
dupi	肚皮2
dupin	毒品2
duqi	毒气2|赌气2
duqian	赌钱2
duri	度日2
duse	堵塞2
dushe	毒蛇2
dushenyan	杜审言2
dushi	都市2
dushou	毒手2
dushu	读书3
dushuren	读书人2
dusi	毒死2
dusu	毒素2
dute	独特3
dutiehuan	杜铁环2
dutong	都统2
duwan	读完2
duwei	都尉2
duwu	毒物2|读物2
duxie	读写2
duxing	毒性2
duyao	毒药2
duye	毒液2
duyijin	杜宜瑾2
duyou	独有2
duzhan	督战2|独占2
duzhe	读者3
duzhong	杜仲2
duzhu	堵住2
duzi	肚子3|独自3|独资2
duzou	独奏2
duzun	独尊2
ecaiyu	鄂菜鱼2
echengqu	鄂城区2
echou	恶臭2
edong	鄂东3
edou	恶斗2
edu	恶毒2|额度2
efang	俄方2
egong	俄共2
egui	恶鬼2
eguo	俄国3|恶果2
eguoren	俄国人2
ehenhen	恶狠狠2
ehua	恶化2
ejiao	额角2
ejun	俄军2
elie	恶劣3
eluosi	俄罗斯3
emei	峨嵋2
emeishan	峨眉山2
emeng	噩梦2
emo	恶魔2
enai	恩爱2
enan	鄂南3
ende	恩德2
endian	恩典2
engesi	恩格斯2
engong	恩公2
eniang	额娘2
enkun	蒽醌2
enqing	恩情2
enren	恩人2
enshi	恩施3|恩师2
enshishi	恩施市3
enshizhou	恩施州2
enyuan	恩怨2
eqi	恶气2
eran	愕然2
erba	尔巴2
erbai	二百2
erbian	耳边2
erceng	二层2
ercheng	二成2
erchi	二尺2
erci	二次2
erdao	二道2
erdeng	二等2
erdengjiang	二等奖2
erduo	耳朵3
eren	恶人2
erfen	二分2
erge	二哥2|二个2
erguang	耳光2
erhao	二号2
erhou	而后2|尔后2
erhuan	二环2|耳环2
erji	二级3|耳机2
erjiguan	二极管2
erjin	而今2
erlai	二来2
erlangmiao	二郎庙2
erlao	二老2
erli	而立2
erliang	二两2
erliao	饵料2
erlitou	二里头2
erlong	二龙2|耳聋2
erlou	二楼2
erlu	二路3|二氯2
erlun	而论2
ermen	二门2
erming	耳鸣2
ermu	耳目2
ernian	二年3
erniang	二娘2
ernu	儿女2
erpan	耳畔2
erpao	二炮2
erpin	二品2
erqi	二七2|二期2
erqian	二千2
erqie	而且4
erqilu	二七路2
erren	二人3
ersan	二三2
ersanshi	二三十2
ershi	而是4|二十3|二世2|儿时2
ershige	二十个2
ershili	二十里2
ershinian	二十年3
ershiri	二十日2
ershisi	二十四2
ershisui	二十岁2
ershiwan	二十万2
ershiwu	二十五2
ershiyi	二十一2
ershiyu	二十余2
ershu	二数2
ersun	儿孙2
ertong	儿童3
erwei	二位2|二维2
erxi	儿媳2|儿戏2
erxifu	儿媳妇2
eryan	而言3
erye	二爷2
eryi	而已3
eryu	耳语2
eryuan	二元2
eryue	二月3
erze	二则2
erzhan	二战2
erzhe	二者3
erzhong	二中2
erzhu	二柱2
erzi	儿子3
esanzhou	鄂三州2
esha	扼杀2
esi	饿死2
etou	额头2
ewai	额外3
ewan	鄂皖2
exi	鄂西3
exibei	鄂西北2
exin	恶心2
exing	恶性2|恶行2
eyi	恶意2
eyu	鳄鱼2|俄语2
eyun	厄运2
eyushan	鄂豫陕2
eyuwan	鄂豫皖2
ezei	恶贼2
ezhan	恶战2
ezhi	遏制2|遏止2
ezhou	鄂州3
ezhoushi	鄂州市3
ezuoju	恶作剧2
faan	法案2
fabai	发白2
fabao	法宝2
fabiao	发表3
fabing	发病2|发兵2
fabinglu	发病率2
fabu	发布3
fabuhui	发布会3
fabuquan	发布权2
fabuting	发布厅2
facai	发财2
fachou	发愁2
fachu	发出3
fada	发达3
fadian	发电2|法典2
fadianji	发电机2
fading	法定3
fadong	发动3
fadongji	发动机3
fadou	发抖2
fadu	法度2
fafang	发放3
fafeng	发疯2
fagei	发给2
faguan	法官2
faguang	发光2
fagui	法规3
faguo	法国4
faguodui	法国队2
faguoren	法国人2
fahei	发黑2
fahong	发红2
fahua	发话2
fahui	发挥3
fahuo	发火2
faji	发髻2
fajia	法家2
fajiao	发酵2
fajin	罚金2
fajue	发掘3|发觉2
fakuan	罚款2
faladi	法拉第2
falai	发来2
falang	法郎2
falanke	法兰克2
falanxi	法兰西2
falao	法老2
falei	法勒2
fali	乏力2
faliang	发亮2
faling	法令3
falu	法律4
faluo	发落2
fama	发麻2|砝码2
famao	发毛2
famen	法门2
faming	发明3|法名2
fanan	发难2
fanbai	凡百2
fanbi	反比2
fanbo	反驳2
fancai	饭菜2
fancha	反差2
fanchang	反常2
fancheng	樊城2
fanchengqu	樊城区2
fanchou	范畴2
fanchuan	帆船2
fandang	反党2
fandao	反倒2|反导2
fandi	反帝3
fandian	饭店3
fandong	反动3
fandongpai	反动派2
fandu	贩毒2
fandui	反对3
fanduidang	反对党2
fanduipai	反对派2
fanduipiao	反对票2
fanduo	繁多2
faner	反而3
fanersai	凡尔赛2
fanfa	犯法2
fanfan	翻翻2
fanfu	反复3|繁复2
fangai	妨碍2
fangan	方案3|反感2
fangbei	防备2
fangbian	方便3
fangcai	方才3
fangchan	房产2
fangcheng	方程3|方城2
fangchengshi	方程式2
fangchengzu	方程组2
fangchong	防虫2
fangchu	放出2
fangda	放大2
fangdai	房贷2
fangdao	放到3
fangdaqi	放大器2
fangdian	放电2
fangdichan	房地产3
fangding	房顶2
fangdong	房东2
fangeming	反革命3
fangfa	方法4
fangfalun	方法论2
fangfan	防范2
fangfu	仿佛3|防腐2
fangfuji	防腐剂2
fangguan	房管2
fangguanju	房管局2
fangguo	放过2
fanghong	防洪2
fanghu	防护2
fanghua	访华2
fanghuo	放火2|防火2
fangji	房基2|方剂2
fangjia	房价2|放假2
fangjian	房间3|放箭2
fangjieshi	方解石2
fangjin	放进2
fangkai	放开3
fangke	方可2
fangkong	防空3
fangkuan	放宽2
fangli	房里2
fangliang	放量2
fangliao	放疗2
fanglibang	方李邦2
fangliu	放流2
fanglue	方略2
fangman	放慢2
fangmen	房门2
fangmian	方面4
fangmianjun	方面军2
fangmu	放牧2
fangong	反共2|反攻2
fangpi	放屁2
fangqi	放弃3
fangqu	防区2
fangren	放任2
fangru	放入2
fangsha	纺纱2
fangshai	防晒2
fangshe	放射2|房舍2
fangshen	防渗2|防身2
fangsheng	放声2
fangshexing	放射性2
fangshi	方式4|方始2
fangshou	防守3|放手2
fangshui	防水2
fangsi	放肆2
fangsong	放松3
fangtan	访谈2
fanguan	饭馆2
fangui	犯规2
fangun	翻滚2
fanguo	翻过2
fanguolai	反过来2
fangwei	方位2|防卫2
fangwen	访问3
fangwu	房屋3|防务3
fangxia	放下2
fangxian	防线2|房县2
fangxiang	方向3|芳香2
fangxiao	仿效2
fangxiaodun	方小顿2
fangxileng	方西冷2
fangxin	放心3
fangxing	方形2|放行2
fangxue	放学2
fangxun	防汛2
fangyan	方言3|放眼2
fangyang	放养2
fangying	放映2
fangyingshi	放映师2
fangyizhi	方以智2
fangyu	防御3
fangyuan	方圆2
fangzai	放在3
fangzhang	方丈2
fangzhao	仿照2
fangzhen	方针3|仿真2|方阵2
fangzheng	方正2
fangzhi	纺织3|防止3|防治3|放置2|仿制2
fangzhichang	纺织厂2
fangzhipin	纺织品2
fangzhiye	纺织业2
fangzhong	房中2
fangzhu	放逐2
fangzhuan	方砖2
fangzi	房子3
fangzong	放纵2
fangzou	放走2
fangzu	房租2
fanhao	番号2
fanhengshan	范恒山2
fanhou	饭后2
fanhua	繁华2
fanhuan	返还2
fanhui	返回3|反悔2
fanji	反击3
fanjian	反剪2|翻建2
fankai	翻开2
fankan	翻看2
fankang	反抗3
fankong	反恐2
fankui	反馈2
fanlan	泛滥2
fanli	范蠡2|范例2
fanlian	翻脸2
fanlimiao	范蠡庙2
fanmai	贩卖2
fanmang	繁忙2
fanmao	繁茂2
fanmian	反面2
fannao	烦恼3
fanpan	反叛2
fanpu	饭铺2|反扑2
fanqi	泛起2
fanqian	反潜2
fanqingxiao	反倾销2
fanqipeng	樊启鹏2
fanren	犯人3
fanrong	繁荣3
fanshe	反射3
fanshen	翻身3
fansheng	繁盛2
fanshi	凡是3|凡事2
fanshou	反手2
fansi	反思2
fansuo	繁琐2
fantan	反弹2
fanteng	翻腾2
fantizi	繁体字2
fanu	发怒2
fanwan	饭碗2
fanwang	藩王2
fanwei	范围4
fanwen	梵文2|反问2
fanwencheng	范文程2
fanxia	犯下2
fanxiang	反响2|反向2
fanxing	反省2
fanxiu	翻修2
fanyan	繁衍2
fanyi	翻译3
fanying	反应3|反映3
fanyingdui	反应堆2
fanyingwu	反应物2
fanyiweng	樊一翁2
fanyu	繁育2|梵语2
fanyue	翻阅2
fanyun	贩运2
fanza	繁杂2
fanzao	烦躁2
fanzei	反贼2
fanzhen	藩镇2
fanzheng	反正3
fanzhi	繁殖3|反之2|泛指2
fanzhili	繁殖力2
fanzhong	繁重2
fanzhuan	翻转2
fanzhuo	饭桌2
fanzi	贩子2
fanziyu	范子愚2
fanzui	犯罪3
fapiao	发票2
fapiqi	发脾气2
faqi	发起3
faqing	发情2
faqiren	发起人2
faqiu	发球2|罚球2
faquan	法权2
fare	发热2
faren	法人2
farengu	法人股2
fasan	发散2
fashang	法商2
fashao	发烧2
fashe	发射3
fasheguan	发射管2
fashejia	发射架2
fasheng	发生4|发声2
fashengdi	发生地2
fashenglu	发生率2
fashengqi	发生器2
fashenwei	发审委2
fasheqi	发射器2
fashi	发誓2|法师2
fasong	发送2
fatie	发帖2
fating	法庭3
fawang	法王2
fawei	乏味2
fawen	法文2
faxian	发现4
faxiangdi	发祥地2
faxie	发泄2
faxin	发信2
faxing	发行3|发型2
faxingliang	发行量2
faxinren	发信人2
faxinshe	法新社2
faxisi	法西斯2
faxue	法学3
faxuejia	法学家2
faxueyuan	法学院2
faya	发芽2
fayan	发言3|发炎2
fayang	发扬2
fayanquan	发言权2
fayanren	发言人4
fayin	发音2
fayu	发育3|法语2
fayuan	法院3|发源2
fayuandi	发源地2
faze	法则2
fazhan	发展4
fazhanguan	发展观2
fazhanshi	发展史2
fazheng	法政2
fazhi	法制3|法治2
fazi	法子3|发自2
fazuo	发作3
feiai	肺癌2
feibang	诽谤2
feiben	飞奔2
feibu	肺部2
feichang	非常4
feicheng	费城2
feichi	飞驰2
feichu	废除3|废黜2
feichuan	飞船2
feicui	翡翠2
feida	肥大2
feidan	非但2|飞弹2
feidao	飞刀2
feidei	非得2
feidian	沸点2|非典2
feifa	非法3
feifan	非凡2
feiguo	飞过2
feihou	肥厚2
feihua	废话2
feihuang	飞蝗2
feiji	飞机3|斐济2
feijia	飞架2
feijian	飞溅2
feijie	费解2
feijin	费劲2
feijinshu	非金属2
feikuai	飞快2
feilai	飞来2
feili	费力2|肥力2|腓力2
feiliao	肥料2
feilipu	飞利浦2
feilixing	非理性2
feilubin	菲律宾3
feima	飞马2
feiniao	飞鸟2
feinongye	非农业2
feipang	肥胖2
feipin	妃嫔2|废品2
feiqi	废弃2|废气2
feiqu	飞去2
feirou	肥肉2
feishen	飞身2
feisheng	飞升2
feishengchao	费胜潮2
feishi	费时2
feishui	废水2
feisu	飞速2
feiteng	沸腾2
feitian	飞天2
feiwang	飞往2
feiwo	肥沃2
feiwu	飞舞2|废物2
feixiang	飞翔2
feixianxing	非线性2
feixin	费心2
feixing	飞行3
feixingqi	飞行器2
feixingyuan	飞行员3
feixu	废墟2
feiyan	肺炎2|飞檐2
feiyang	飞扬2
feiyong	费用3
feiyue	飞跃2
feizao	肥皂2
feizhengshi	非正式2
feizhi	废止2
feizhou	非洲3
feizhouren	非洲人2
feizi	妃子2
fenbian	分辨2|粪便2|分辩2
fenbianlu	分辨率2
fenbie	分别4
fenbu	分布4|分部2
fenbuqu	分布区2
fenceng	分层2
fencheng	分成3
fenchu	分出2
fencun	分寸2
fendan	分担2
fendou	奋斗3
fenduan	分段2
fendui	分队2
fene	份额3
fener	份儿2
fenfa	分发2|奋发2
fenfan	纷繁2
fenfang	芬芳2
fenfei	纷飞2
fenfen	纷纷3|愤愤2
fenfeng	分封2
fenfu	吩咐3|分付2
fengbao	风暴3
fengbi	封闭3
fengbishi	封闭式2
fengbo	风波3
fengcai	风采2
fengchan	丰产2
fengchao	风潮2
fengchen	风尘2
fengcheng	奉承2
fengchenxiu	丰臣秀2
fengci	讽刺2
fengcun	封存2
fengdi	封地2
fengding	峰顶2|封顶2
fengdong	封冻2|风洞2
fengdu	风度2
fenge	分割2|分隔2
fengei	分给2
fengfan	风范2
fengfeng	峰峰2
fengfu	丰富4
fengge	风格3
fenggonggong	冯公公2
fengguang	风光3
fenghan	风寒2
fenghao	封号2
fenghenggao	奉恒高2
fenghou	丰厚2
fenghua	风化2
fenghuang	凤凰3
fenghuangshan	凤凰山2
fenghuo	烽火2
fengjian	封建3
fengjiang	封疆2
fengjianzhu	封建主2
fengjieer	凤姐儿2
fengjing	风景3
fengjingqu	风景区3
fengjingxian	风景线2
fengjue	封爵2
fengkou	封口2
fengkuang	疯狂3
fenglang	风浪2
fengli	锋利2|风力2
fengliu	风流2
fenglu	俸禄2
fengman	丰满2
fengmang	锋芒2
fengmao	风貌2
fengmei	丰美2
fengmi	蜂蜜2|风靡2
fengmian	封面2
fengming	奉命2
fengong	分工3
fengongsi	分公司2
fengqi	风气2
fengqing	风情2
fengqu	风趣2
fengsha	风沙2
fengshan	凤山2
fengshang	风尚2|封赏2
fengsheng	风声2|丰盛2
fengshi	风湿2|风蚀2
fengshigu	封师古2
fengshou	丰收2
fengshui	风水2
fengshuo	丰硕2
fengsu	风俗2|风速2
fengsuo	封锁3
fengtian	奉天2|丰田2
fengtiannan	凤天南2
fengtou	风头2
fenguan	分管2
fengwei	风味3
fengwen	风闻2
fengwenxiu	冯文修2
fengwo	蜂窝2
fengxi	缝隙2
fengxian	风险3|奉献2
fengxiang	风向2
fengxifan	冯锡范2
fengxin	封信2
fengxing	奉行2|风行2
fengxue	风雪2
fengyang	凤阳2|奉养2
fengyong	蜂拥2
fengyu	风雨2
fengyue	风月2
fengyun	风云2|风韵2
fengyunqiao	冯云乔2
fengyuxiang	冯玉祥2
fengyuzhi	丰豫之2
fengzheng	风筝2
fengzhi	奉旨2
fengzhijun	冯之浚2
fengzhizheng	封之政2
fengzi	疯子2
fenhang	分行2
fenhao	分毫2
fenhen	愤恨2
fenhong	分红2|粉红2
fenhongse	粉红色2
fenhua	分化3
fenhui	分会2|焚毁2
fenji	分级2
fenjie	分解3
fenjiedian	分界点2
fenjiexian	分界线2
fenju	分局2
fenkai	分开3|愤慨2
fenlan	芬兰2
fenlei	分类3
fenleifa	分类法2
fenli	分离3|奋力2|分立2
fenliang	分量2
fenlie	分裂3|分列2
fenliu	分流3
fenluan	纷乱2
fenmen	愤懑2
fenmi	分泌3
fenmian	分娩2
fenming	分明3
fenmiwu	分泌物2
fenmo	粉末2
fenmu	坟墓2
fennu	愤怒3|忿怒2
fenpai	分派2
fenpei	分配3
fenpi	分批2
fenqi	分歧2|奋起2|分期2
fenqing	分清2
fenqu	分区2
fenrao	纷扰2
fensan	分散3
fenshao	焚烧2
fenshe	分社2|分设2
fenshen	分身2|分神2
fenshou	分手2
fenshu	分数3|分属2
fenshua	粉刷2
fenshuiling	分水岭2
fenshuxian	分数线2
fensi	粉丝2
fensong	分送2
fensui	粉碎3
fentou	分头2
fentuan	分团2
fenwai	分外2
fenwei	分为3|氛围2
fenxi	分析4
fenxiang	分享3|焚香2
fenxiao	分校2
fenxifa	分析法2
fenxijia	分析家2
fenxin	分心2
fenxishi	分析师2
fenyong	奋勇2
fenyuan	分院2
fenzang	分赃2
fenzhan	奋战2
fenzheng	纷争2|粉蒸2
fenzhi	分支3|分治2|分枝2|分值2
fenzhong	分钟3
fenzhuang	粉状2
fenzi	分子3
fenziliang	分子量2
fenzishi	分子式2
fenzu	分组2
fofa	佛法2
fojiao	佛教3
fojing	佛经2
fomen	佛门2
foshan	佛山2
fosi	佛寺2
fota	佛塔2
fotuo	佛陀2
fouding	否定3
foujue	否决2
fouren	否认2
fouze	否则3
foxiang	佛像2
foxue	佛学2
fozhu	佛珠2
fozu	佛祖2
fubai	腐败3
fubao	福报2
fubi	复辟2
fubing	伏兵2
fubu	腹部3
fucha	复查2
fuchanke	妇产科2
fuchen	拂尘2
fucheng	府城2
fuchengmen	阜成门2
fuchi	扶持2
fuchong	俯冲2
fuchou	复仇2
fuchu	付出3|复出2|浮出2
fucong	服从3
fudai	附带2
fudan	负担3|复旦2
fudao	辅导2
fudaoban	辅导班2
fudehui	傅德辉2
fudi	腹地2|府邸2
fudiao	浮雕3
fudong	浮动2
fudu	幅度3
fufa	复发2
fufang	复方2
fufei	付费2
fufu	夫妇3|俯伏2
fugai	覆盖3
fugailu	覆盖率2
fugei	付给2
fugesen	弗格森2
fugu	复古2
fuguan	副官2
fugui	富贵2|复归2
fuhaifeng	付海峰2
fuhan	富含2
fuhao	符号3|富豪2
fuhe	符合3|复合2|负荷2|附和2
fuhu	富户2
fuhua	孵化2|腐化2
fuhuo	复活2|俘获2
fuji	富集2|伏击2
fujia	附加2|富家2
fujian	福建3|附件2
fujiang	副将2
fujiansheng	福建省2
fujiaoshou	副教授2
fujin	附近3|福晋2
fukan	副刊2
fukangan	福康安2
fuke	妇科2
fukuan	付款2
fuladuo	福拉多2
fulan	腐烂2|扶栏2
fulao	父老2
fuli	福利3|富丽2|浮力2
fulian	妇联2
fulin	福临3|芙琳2
fuling	茯苓2|涪陵2
fuliye	傅里叶2
fulu	俘虏3|附录2
fuma	驸马2
fumian	负面2|腹面2
fumie	覆灭2
fumin	富民2
fuming	复明2
fumingxia	伏明霞2
fumo	抚摸2
fumu	父母3
fumuqin	父母亲2
funiushan	伏牛山2
funong	富农2
funu	妇女3|父女2
fupin	扶贫2
fuqi	夫妻3|福气2|服气2|腹鳍2
fuqian	肤浅2
fuqiang	富强2|腹腔2
fuqiao	浮桥2
fuqin	父亲3
furao	富饶2
furen	夫人3|妇人3|富人2
furencheng	夫人城2
furendao	夫人道2
furong	芙蓉2
furongzhen	芙蓉镇2
furu	妇孺2
fuse	肤色2|服色2
fushan	釜山2
fushang	府上2|负伤2|富商2
fushe	辐射3
fusheliang	辐射量2
fushen	俯身2
fushi	服侍2|腐蚀2|服饰2|复试2|伏侍2|浮式2
fushu	附属2|富庶2|复数2|服输2
fushui	赋税2|富水2
fushun	抚顺2
fusu	复苏2
fute	福特2
futong	腹痛2
futou	斧头2
fuwang	父王2
fuwei	抚慰2|复位2
fuweng	富翁2
fuwu	服务4
fuwuqi	服务器2
fuwuye	服务业2
fuwuyuan	服务员2
fuxi	复习3|父系2|附息2
fuxian	复线2|浮现2
fuxie	腹泻2
fuxin	负心2
fuxing	复兴2|福星2
fuxiong	父兄2
fuxiu	腐朽2
fuxu	抚恤2
fuyan	敷衍2|赴宴2
fuyang	抚养2|俯仰2
fuyao	服药2
fuye	复叶2
fuyi	服役3|赋役2|辅以2
fuyin	福银2|复印2|辅音2
fuyinjian	复印件2
fuyong	服用2
fuyou	富有3|负有2|附有2|浮游2|赋有2
fuyu	赋予3|富裕2|富于2|负于2
fuyuan	复原2|复员2
fuza	复杂3
fuzai	负载2
fuzao	浮躁2
fuzaxing	复杂性2
fuze	负责4
fuzeren	负责人3
fuzezhi	负责制3
fuzhai	负债2
fuzhang	腹胀2
fuzhenbang	傅振邦2
fuzheng	辅政2
fuzhi	复制2|副职2|扶植2
fuzhihuan	傅志寰2
fuzhong	腹中2|浮肿2|附中2|负重2
fuzhou	福州2
fuzhoushi	福州市2
fuzhu	辅助3|扶助2
fuzhuang	服装3
fuzhuo	附着2
fuzi	父子3
fuziying	傅自应2
fuzong	副总2
fuzonglong	傅宗龙2
fuzuo	辅佐2
fuzuoyong	副作用2
gaibang	丐帮3
gaibian	改变4|改编3
gaibing	该病2
gaibu	该部2
gaiche	该车2
gaicheng	改称3|改成2|该城2
gaichu	该处2
gaici	盖茨2
gaidang	该当2|该党2
gaidao	改道2
gaide	盖德2
gaidi	该地2
gaidong	改动2
gaige	改革4
gaiguan	改观2
gaiguo	该国2
gaihang	改行2
gaihuan	改换2
gaihui	该会2
gaiji	该机2
gaijian	改建3
gaijin	改进3
gaijinxing	改进型2
gaiju	该剧2
gaike	该科2
gaikou	改口2
gaikuang	概况3
gaikuo	概括3
gailan	概览3
gailiang	改良2
gailu	概率2
gailulun	概率论2
gailun	概论2
gaimao	概貌2
gaiming	改名3
gainian	概念3
gaiqu	该区2
gairen	改任2
gaishan	改善3
gaishi	该市2|该是2
gaishu	该书2|概述2
gaisi	该死2
gaituan	该团2
gaiwei	改为3
gaixiang	该项2
gaixiao	该校2
gaixie	改写2
gaixing	该行2|改型2
gaiyong	改用2
gaiyou	改由2
gaiyuan	该院2|改元2
gaizao	改造3
gaizhang	盖章2
gaizheng	改正2
gaizhi	改制2|钙质2
gaizhuang	改装3
gaizhuangche	改装车2
gaizi	盖子2
gaizu	改组2
ganai	肝癌2
ganbei	干贝2
ganbing	肝病2
ganbu	干部3
ganbulang	干步廊2
gancao	甘草2
ganchu	感触2
gancui	干脆3
gandan	肝胆2
gandao	感到3|赶到3
gandi	甘地2
gandong	感动3
ganen	感恩2
ganfu	赶赴2
ganga	尴尬3
gangao	港澳2
gangban	钢板2
gangbi	港币2|钢笔2
gangcai	刚才3|钢材2
gangchang	钢厂2|纲常2
gangdao	钢刀2
ganggan	杠杆2
ganggang	刚刚3
gangguan	钢管2
gangguo	刚果2
gangguohe	刚果河2
ganghao	刚好2
gangjin	钢筋2
gangkou	港口3
gangliang	钢梁2
gangling	纲领3
ganglingxing	纲领性2
gangmen	肛门2
gangqin	钢琴2
gangqu	港区2
gangren	港人2
gangshao	岗哨2
gangsi	钢丝2
gangti	刚体2
gangtie	钢铁3
ganguan	感官2
ganguang	感光2
gangwan	港湾2
gangwei	岗位3
gangxing	刚性2
gangyao	纲要2
gangyi	刚毅2
gangyuan	港元2
gangzhen	钢针2
ganhan	干旱3
ganhe	干涸2
ganhui	赶回2
ganhuo	干活2
ganji	感激3
ganjiaohan	干椒含2
ganjin	赶紧3
ganjing	干净3|干警2
ganju	柑橘2
ganjue	感觉3
ganjun	杆菌2
gankai	感慨2
gankuai	赶快3
ganlai	赶来3
ganlan	橄榄2
ganlian	干练2
ganliang	干粮2
ganliu	干流2
ganlu	赶路2|甘露2
ganma	干吗2
ganmang	赶忙2
ganmao	感冒2
ganmian	干面2
gannan	赣南2
ganqing	感情3
ganquan	甘泉3
ganran	感染3
ganranli	感染力2
ganrao	干扰3
ganren	感人2
ganshang	赶上2|感伤2
ganshe	干涉3
ganshenme	干什么3
ganshi	干事2|干尸2|干湿2
ganshou	感受3
ganshouqi	感受器2
ganshu	甘薯2
gansu	甘肃3
gansusheng	甘肃省2
gantan	感叹2
ganwang	赶往2
ganwu	感悟2
ganxi	干系2
ganxian	干线3
ganxiang	感想2
ganxibao	干细胞2
ganxie	感谢3
ganxin	甘心2
ganxing	感性2
ganxiu	甘休2
ganyan	肝炎2
ganying	感应2
ganyu	干预2|敢于2
ganyuan	甘愿2
ganzang	肝脏2
ganzao	干燥3
ganzhe	甘蔗2|赶着2
ganzhi	感知2|赶制2
ganzhong	干重2
ganzhou	赣州2
ganzi	杆子2
ganzou	赶走2
gaoang	高昂2
gaoao	高傲2
gaobie	告别2
gaobonian	高伯年2
gaoceng	高层3
gaocha	高差2
gaochan	高产2
gaochang	高唱2
gaochao	高潮3|高超2
gaocheng	高程2
gaochu	高出3|高处2
gaoci	告辞2
gaoda	高大3
gaodang	高档2
gaodeng	高等3
gaodi	高低3|高地2
gaodian	高点2|糕点2
gaodiao	高调2
gaoding	搞定2
gaodu	高度3
gaoduan	高端2
gaoe	高额2
gaoerfu	高尔夫2
gaoerji	高尔基2
gaofa	高法2|告发2
gaofen	高分2
gaofeng	高峰3
gaofengqi	高峰期2
gaofenzi	高分子2
gaogao	高高2
gaogaode	高高的2
gaoge	高歌2|高阁2
gaogenxie	高跟鞋2
gaoguan	高官2
gaogui	高贵2
gaohan	高喊2|高寒2
gaohao	搞好2
gaohu	高呼3
gaohuo	搞活2
gaoji	高级3|告急2
gaojia	高家2|高价2
gaojialing	高家岭2
gaojian	高检2|稿件2
gaojiao	高教2
gaojiasuo	高加索2
gaojie	告诫2
gaojimiao	高基庙2
gaoju	高举2
gaokang	高亢2
gaokao	高考3
gaokeji	高科技2
gaokong	高空2
gaoli	高丽2
gaoliang	高粱2
gaolidai	高利贷2
gaoling	高陵2|高龄2
gaolingfeng	高凌风2
gaolingzhen	高陵镇2
gaolou	高楼2
gaolu	高卢2
gaomi	高密2
gaoming	高明2
gaoneng	高能2
gaopao	高炮2
gaopin	高频2
gaopo	高坡2
gaoqiang	高强2|高墙2
gaosan	高三2
gaoseng	高僧2
gaoshan	高山3
gaoshang	高尚2
gaoshanzu	高山族2
gaoshen	高深2
gaosheng	高声2
gaoshepao	高射炮2
gaoshi	告示2
gaoshou	高手3
gaosi	高斯2
gaosong	高耸2
gaosu	告诉4|高速3
gaotai	高台2
gaotaiwei	高太尉2
gaotie	高铁2
gaotong	高通2
gaotui	告退2
gaowan	睾丸2
gaowei	高位2
gaowen	高温3
gaoxia	高下2
gaoxiao	高校3|搞笑3|高效3
gaoxin	高新2|高薪2
gaoxing	高兴3
gaoxingneng	高性能2
gaoxinqu	高新区2
gaoxuan	高悬2
gaoxueya	高血压2
gaoya	高压2|高雅2
gaoyao	膏药2
gaoyi	高一2
gaoyigong	高一功2
gaoyin	高音2
gaoyingxiang	高迎祥2
gaoyou	高邮2
gaoyu	高于3
gaoyuan	高原3
gaozhang	高涨2
gaozhanghe	高长河2
gaozhao	高招2
gaozhi	告知2|高职2
gaozhong	高中3|告终2
gaozhongsheng	高中生2
gaozhuang	告状2
gaozi	稿子2
gaozong	高宗2
gaozu	高祖2
gebi	隔壁2|戈壁2
gebie	个别3|各别2
gebo	胳膊3
gebu	各部3
gechang	歌唱2
gechangjia	歌唱家2
gechu	各处2
geci	歌词2
geda	疙瘩2
gede	歌德2
gedi	各地3|割地2
gediao	格调2
gedou	格斗2
geduan	割断2
gedui	各队2
geer	个儿2|哥儿2
geerlia	哥儿俩2
gefang	各方2
gege	各个3|哥哥3|个个3|咯咯2|格格2
gegu	个股2
geguo	各国3
gehe	隔阂2
geheyan	隔河岩2
geichu	给出2
geiqian	给钱2
geishizhong	给事中2
geji	各级4
gejia	各家3
gejie	各界3|圪节2
geju	格局3|歌剧2|割据2
gejue	隔绝2
gejuyuan	歌剧院2
gekai	隔开2
geke	各科2
gelaozu	仡佬族2
gelei	各类3
geli	隔离2
gelie	割裂2
gelinglan	格陵兰2
gelou	阁楼2
gelu	各路2|格律2
gelunbu	哥伦布2
gemen	各门2
geming	革命4
gemingdang	革命党2
geminghua	革命化2
gemingjia	革命家2
gemingjun	革命军2
gemingpai	革命派2
gemingxing	革命性2
gemingzhe	革命者2
genben	根本3
genbenxing	根本性2
genbu	根部2
genbushang	跟不上2
gengdi	耕地3
gengdie	更迭2
genggai	更改2
genghao	更好3
genghekuang	更何况2
genghuan	更换2
gengjia	更加3
gengju	更具2
gengming	更名3
gengnianqi	更年期2
gengshen	更深2
gengshi	更是3
gengti	更替2
gengtian	耕田2
gengwei	更为3
gengxin	更新3
gengye	哽咽2
gengyun	耕耘2
gengzhong	耕种2
gengzuo	耕作2
gengzuoye	耕作业2
genji	根基2
genjin	跟进2
genju	根据4
genjudi	根据地3
genqian	跟前2
genshang	跟上2
gensui	跟随3
genxi	根系2
genyuan	根源2
genzhe	跟着3
genzhi	根治2
genzi	根子2
genzong	跟踪3
gepai	各派2
gequ	歌曲3|各区2
gerang	割让2
geren	个人4|各人3
gese	各色2
gesha	格杀2
gesheng	各省3|歌声2
geshi	各市2|格式2|各式2
geshou	歌手2
geshu	个数2
gesong	歌颂2
geti	个体3
getiao	各条2
getou	个头2
gewai	格外3
gewei	各位3
geweihui	革委会2
gewu	歌舞2
gewutuan	歌舞团2
gexia	阁下2
gexian	各县2
gexiang	各项3
gexiao	各校3
gexin	革新3
gexing	个性3|各型2
gexinghua	个性化2
geyan	格言2
geyao	歌谣2
geyi	各异2
gezhi	革职2|搁置2
gezhong	各种4
gezhou	各州2
gezhouba	葛洲坝2
gezi	各自3|个子2|鸽子2|格子2
gezihua	鸽子花2
gezu	各族3
gongan	公安3|公案2
gonganbu	公安部2
gonganju	公安局2
gonganxian	公安县2
gongban	公办2
gongbao	公报2
gongbing	工兵2
gongbu	公布3|工部3
gongcaihui	宫才会2
gongcha	贡茶2
gongchai	公差2
gongchan	共产2|公产2
gongchandang	共产党3
gongchang	工厂3|工场2
gongche	公车2
gongchen	功臣2
gongcheng	工程4|宫城2
gongchengchu	工程处2
gongchengju	工程局2
gongchengnan	宫城南2
gongchengshi	工程师3
gongcun	共存2
gongda	攻打2
gongdadian	宫大典2
gongdang	工党2
gongdao	公道2
gongde	功德2|公德2
gongdeng	宫灯2
gongdi	工地2|功底2
gongdian	宫殿3|供电2
gongdianshi	宫殿式2
gongdu	攻读2
gongfang	攻防2
gongfei	公费2
gongfen	公愤2
gongfeng	供奉3
gongfu	功夫3|工夫2
gonggao	公告3
gonggong	公共3|公公2
gonggu	巩固3
gongguan	攻关3|公关2|公馆2
gongguo	公国2|功过2
gonghai	公害2
gonghe	共和3
gonghedang	共和党2
gongheguo	共和国3
gonghou	恭候2
gonghui	工会2|公会2
gonghuo	供货2
gongji	攻击3|供给3|功绩2|共计2|公鸡2|公祭2
gongjia	公家2
gongjian	弓箭2|攻坚2|共建2|工件2
gongjiang	工匠3
gongjiao	公交2
gongjiaoche	公交车2
gongjiji	攻击机2
gongjijin	公积金2
gongjili	攻击力2
gongjin	公斤3|恭谨2
gongjing	恭敬2|宫颈2
gongjingai	宫颈癌2
gongjixing	攻击型2
gongju	工具3
gongjue	公爵2
gongkai	公开3
gongkaisai	公开赛2
gongke	攻克2|功课2|工科2
gongkuan	公款2
gonglao	功劳2
gongli	公里4|功力2|宫里2|公理2|公立2|功利2
gonglu	公路3|功率2
gonglue	攻略2
gongluqiao	公路桥2
gongluwang	公路网2
gongmao	工贸2
gongmen	宫门2
gongmin	公民4
gongming	功名2|共鸣2
gongnei	宫内2
gongneng	功能3
gongnengxing	功能性2
gongniu	公牛2
gongnong	工农2
gongnongbing	工农兵2
gongnongye	工农业2
gongnu	宫女3
gongpin	贡品2
gongping	公平3
gongpo	攻破2
gongpu	公仆2
gongqian	工钱2
gongqiang	宫墙2
gongqing	公顷2
gongqingtuan	共青团2
gongqiu	供求2
gongqu	攻取2
gongque	宫阙2
gongran	公然2
gongren	工人4|公认2|公人2
gongrendang	工人党2
gongru	攻入2
gongshang	工商3
gongshangju	工商局2
gongshangye	工商业2
gongshe	公社3
gongshen	躬身3
gongsheng	共生2|公生2
gongshengmen	公生门2
gongshengqiao	公生桥2
gongshi	公式3|公使2|攻势2|共识2|工事2|公事2
gongshou	拱手3|攻守2
gongshu	公署2
gongshui	供水2
gongsi	公司4|公私2
gongsifa	公司法2
gongsun	公孙2
gongsunlu	公孙绿2
gongsunsheng	公孙胜2
gongsunzhi	公孙止2
gongting	宫廷3
gongtong	共同4|共通2
gongtongti	共同体2
gongtu	公凸2
gongwei	恭维2
gongwen	公文2
gongwu	公务2
gongwuyuan	公务员3
gongxi	恭喜2
gongxia	攻下2
gongxian	贡献3|攻陷2
gongxiang	共享2
gongxianzhe	贡献者3
gongxiao	功效2|工效2|供销2
gongxiaoshe	供销社2
gongxinchu	工信处2
gongxing	拱形2
gongxu	工序2|供需2
gongxueyuan	工学院2
gongxun	功勋2
gongyang	供养2
gongye	工业4|功业2
gongyehua	工业化3
gongyepin	工业品2
gongyeqian	公冶乾2
gongyequ	工业区2
gongyeyuan	工业园2
gongyi	工艺3|公益2
gongying	供应3
gongyinglian	供应链2
gongyingshang	供应商2
gongyipin	工艺品2
gongyong	共用2|公用2|功用2
gongyou	共有2|公有2
gongyouzhi	公有制2
gongyu	公寓2
gongyuan	公元3|公园3
gongyuanqian	公元前3
gongyue	公约2
gongzeyi	龚泽艺2
gongzhai	公债2
gongzhan	攻占3
gongzhang	公章2
gongzhen	共振2
gongzheng	公正3|公证2|工整2
gongzhi	公职2|供职2
gongzhong	公众3|宫中3
gongzhonggu	公众股2
gongzhongwang	公众网2
gongzhu	公主3
gongzhuan	公转2
gongzhudao	公主道2
gongzi	工资3|公子3
gongzuo	工作4
gongzuoliang	工作量2
gongzuori	工作日2
gongzuozhan	工作站2
gongzuozhe	工作者2
gongzuozu	工作组2
goucheng	构成3
goudang	勾当2
goufang	购房2
gougu	沟谷2
gouhuo	篝火2
goujia	构架2
goujian	构件2|构建2|勾践2
goujie	勾结2
goujin	购进2
goule	勾勒2
gouli	沟里2
goulou	佝偻2
goumai	购买3
goumaili	购买力2
goupi	狗屁2
gouqi	枸杞2
gouqu	沟渠2
gouri	狗日2
gourou	狗肉2
gousi	构思2
goutong	沟通3
goutu	构图2
gouwu	购物2
gouxiang	构想2
gouxiao	购销2
gouyin	勾引2
gouzao	构造3
gouzei	狗贼2
gouzhi	购置2
gouzhu	构筑2
guafen	瓜分2
guafu	寡妇2
guage	瓜葛2
guagou	挂钩2
guaguo	瓜果2
guaibude	怪不得2
guaiguai	乖乖2
guaiquan	怪圈2
guairen	怪人2
guaishi	怪事2
guaishou	怪兽2
guaiwan	拐弯2
guaiwu	怪物2
guaiyi	怪异2
guaizhang	拐杖2
guaizi	拐子2
guaizui	怪罪2
guanai	关爱2|关隘2
guanbi	关闭3
guanbing	官兵3
guanbingmen	官兵们2
guancai	棺材3
guance	观测3
guancha	观察3
guanchajia	观察家2
guanchang	官场2
guanchayuan	观察员2
guanche	贯彻3
guanchuan	贯穿2
guancong	灌丛2
guandai	管带2|管待2
guandao	管道3|关岛2
guandi	官邸2
guandian	观点3
guandong	关东2
guandongjun	关东军2
guaner	官儿2
guanfang	官方3
guanfu	官府3|官服2
guangai	灌溉3
guangbo	广播3|光波2|广博2
guangbu	广布2
guangbuzheng	广布政2
guangcai	光彩2
guangchang	广场3
guangda	广大3|光大2
guangdao	广岛2
guangdian	光电2
guangdong	广东3
guangdongsheng	广东省2
guangdu	广度2|光度2
guangfan	广泛3
guangfu	光复2
guanggao	广告3
guanggu	光谷2|光顾2
guangguang	逛逛2
guanghe	光合2
guanghua	光华3|光滑2
guanghuan	光环2
guanghui	光辉3
guangjie	逛街2
guangjing	光景2
guangkuo	广阔3
guanglan	光缆2
guangliang	光亮2
guanglin	光临2
guangmang	光芒3
guangming	光明3
guangnian	光年2
guangong	关公2
guangpan	光盘2
guangpu	光谱2
guangrong	光荣3
guangshanshan	光闪闪2
guangshi	光是2
guangshu	光束2
guangshuishi	广水市2
guangsu	光速2
guangtou	光头2
guangtutu	光秃秃2
guanguang	观光2
guanguangfu	关广富2
guanguo	棺椁2
guangwei	广为2
guangxi	广西3|光熙2
guangxian	光线2|光纤2
guangxu	光绪3
guangxudi	光绪帝2
guangxue	光学3
guangyao	光耀2
guangyi	广义2
guangyin	光阴2
guangyuan	光源2
guangze	光泽3
guangzhao	光照2
guangzhou	广州3
guangzhoushi	广州市2
guangzi	光子2
guanhongye	关洪野2
guanhu	关乎2
guanhua	官话2
guanhuai	关怀2
guanian	挂念2
guanjia	官家3|管家2
guanjian	关键3
guanjianzi	关键字2
guanjiao	管教2
guanjie	关节2
guanjieyan	关节炎2
guanjing	观景2
guanjun	冠军3|官军3
guankan	观看3
guankou	关口2
guanli	管理4|官吏3|惯例2|观礼2
guanlian	关联2
guanliao	官僚3
guanliceng	管理层2
guanlichu	管理处2
guanliju	管理局2
guanliquan	管理权2
guanlitai	观礼台2
guanliyuan	管理员2
guanlizhe	管理者2
guanluqi	关路圻2
guanmen	关门2
guanming	冠名2|官名2
guanmingmei	关明梅2
guanmo	观摩2
guanmu	灌木2|棺木2
guanmucong	灌木丛2
guannei	关内2
guannian	观念3
guanningbing	关宁兵2
guanqie	关切2
guanqu	灌区2
guanren	官人2
guanshan	关山2|官山2
guanshang	观赏2|关上2
guanshen	官绅2
guanshi	管事2
guanshiyin	观世音2
guanshu	官署2|灌输2
guanshui	关税2
guansi	官司2
guantianhu	官田湖2
guantong	贯通2
guantou	关头2|罐头2
guanwai	关外2
guanwang	观望2
guanwei	官位2|管委2
guanxi	关系4
guanxia	管辖3
guanxian	管线2|官衔2
guanxiangyun	关相云2
guanxianyue	管弦乐2
guanxiaquan	管辖权2
guanxin	关心3
guanxinbing	冠心病2
guanxing	惯性2
guanxiren	关系人2
guanya	关押2
guanyi	冠以2
guanyin	观音2
guanyong	管用2|惯用2
guanyu	关于4|关羽2
guanyuan	官员3
guanzhan	观战2
guanzhang	馆长2
guanzhao	关照2
guanzhi	官职3|管制2|官制2
guanzhong	观众3|关中2
guanzhu	关注3
guanzi	罐子2|管子2
guapai	挂牌2
guaren	寡人2
guashuiqi	刮水器2
guatou	寡头3
guazi	瓜子2|褂子2
guba	古巴2
gubao	古堡2
guben	股本2
gubude	顾不得2
gubushang	顾不上2
gucheng	古城3|故城2|古称2|固城2|谷城2
guchengxian	谷城县2
guchui	鼓吹2
gudai	古代3
gudan	孤单2
gudao	故道3|古道2
gudi	谷地2|谷底2|故地2
gudian	古典3
guding	固定3
gudong	股东3|鼓动2|古董2
gudu	孤独2|古都2
guer	孤儿2|故而2
gufen	股份3
gufenzhi	股份制2
gufu	辜负2
gugan	骨干3
guge	骨骼2
gugong	故宫3|雇工2
gugu	姑姑3|咕咕2
guguai	古怪3
guhongming	辜鸿铭2
guhuarong	古华容2
guhui	骨灰2
guibai	跪拜2
guibi	规避2
guibin	贵宾2
guicheng	规程2
guidang	归档2
guidao	轨道3|跪倒2
guiding	规定4
guierzi	龟儿子2
guifan	规范3
guifanhua	规范化2
guifanxing	规范性2
guifei	贵妃2
guifu	归附2
guige	规格2
guigong	归公2|归功2
guigu	硅谷2
guiguai	鬼怪2
guiguan	桂冠2
guiguo	归国2|贵国2
guihua	规划3|桂花2
guihuan	归还2
guihuashi	规划师2
guihuishi	硅灰石2
guihun	鬼魂2
guiji	轨迹2|诡计2
guijie	归结2
guijinshu	贵金属2
guijiu	归咎2
guiju	规矩3
guike	贵客2
guilai	归来2
guilian	鬼脸2
guilin	桂林3
guilu	规律3
guiluxing	规律性2
guimi	诡秘2
guimo	规模4
guina	归纳2
guinu	闺女2
guiqiao	归侨2
guiren	贵人2
guiru	归入2
guishen	鬼神2
guishu	归属2
guishun	归顺2
guisu	归宿2
guisuanyan	硅酸盐2
guitai	柜台2
guixia	跪下3
guixiang	归降2
guiyana	圭亚那2
guiyang	贵阳2
guiyi	诡异2|皈依2
guiyu	归于2|鳜鱼2|桂鱼2
guiyue	规约2
guize	规则3
guizhang	规章2
guizheng	规整2
guizhiting	桂质廷2
guizhong	贵重2
guizhou	贵州3|归州2|贵胄2
guizhousheng	贵州省2
guizi	鬼子2|柜子2
guizu	贵族3
guji	估计3|古迹3|顾及2|古籍2|顾忌2|孤寂2
gujia	股价2|估价2|骨架2
gujianfen	谷建芬2
gujianzhu	古建筑3
gujin	古今2
gujinbiao	顾金标2
guju	故居2
guke	顾客3
gukou	谷口2
gulanjing	古兰经2
gulao	古老3
gulesheng	鼓乐声2
guli	鼓励3|孤立3|故里3|古力2
guliang	估量2
gulingling	孤零零2
guliuxian	谷六仙2
gulongzhong	古隆中2
gulou	鼓楼2
gulu	顾虑2
guluoma	古罗马2
guma	姑妈2
gumu	古墓3|姑母2
gumuqun	古墓群2
gunainai	姑奶奶2
gunbang	棍棒2
gundong	滚动2
gungun	滚滚2
guniang	姑娘3
gunkai	滚开2
gunluo	滚落2
gunong	咕哝2
guntang	滚烫2
gunxueqiu	滚雪球2
gunzi	棍子2
guoan	国安2
guoandui	国安队2
guoaodui	国奥队2
guoba	锅巴3
guoban	过半2
guobao	国宝2
guobie	国别2
guobin	国宾2
guobuqu	过不去2
guoce	国策2
guochan	国产2
guochang	过长2
guochaoren	郭超人2
guocheng	过程4
guochi	国耻2
guocuo	过错2
guodadang	国大党2
guodao	国道2|过道2
guodaxia	郭大侠2
guodu	过渡3|过度3|国度2
guoduan	果断2
guoer	过儿2
guofang	国防3
guofangbu	国防部3
guofen	过分3
guofenglian	郭凤莲2
guofu	国父2
guoge	国歌2
guogong	国共2
guoguan	过关2
guohao	国号2
guohe	过河2
guohou	过后2
guohu	过户2
guohui	国会3|国徽3
guohuo	过活2
guoji	国际4|国籍2
guojia	国家4
guojiadui	国家队2
guojiaji	国家级3
guojiao	国教2
guojidui	国际队2
guojie	过节2|国界2
guojifa	国际法2
guojihua	国际化2
guojing	过境2|国境2
guojixing	国际性2
guojun	国军2|国君2
guokeyu	郭柯宇2
guoku	国库2
guolai	过来4
guoli	国立2|国力2
guolian	国联2
guoliang	过量2
guolu	过滤2|锅炉2|国旅2
guolufang	锅炉房2
guomei	国美2
guomen	国门2
guomin	国民3|过敏2
guomindang	国民党3
guoming	国名2
guominjun	国民军2
guominxing	过敏性2
guomoruo	郭沫若2
guomu	过目2
guonei	国内4
guoneiwai	国内外3
guonian	过年3
guopin	果品2
guoqi	国旗3|国企2|过期2
guoqiban	国旗班2
guoqing	国情3|国庆2
guoqingjie	国庆节2
guoqingri	国庆日2
guoqu	过去4
guoran	果然3
guore	过热2
guoren	国人2|过人2
guorizi	过日子2
guoshang	过上2
guosheng	过剩2
guoshenglian	郭生练2
guoshi	国师3|果实2|过时2|国事2|国势2|过失2
guoshu	果树2|果蔬2
guoshuyan	郭树言2
guotianmin	郭天民2
guotou	过头2
guotu	国土3
guowai	国外3
guowang	国王3|过往2
guowen	过问2
guowu	国务2
guowuqing	国务卿2
guowuyuan	国务院4
guoxing	国姓2
guoxizhang	郭锡章2
guoyaoshi	郭药师2
guoye	过夜2
guoyin	过瘾2
guoying	国营2|过硬2
guoyonghong	郭永宏2
guoyou	国有3
guoyouhua	国有化2
guoyouming	郭有明2
guoyu	过于3|国语2
guoyuan	果园2
guozao	过早2
guozei	国贼2
guozhai	国债2
guozhao	过招2
guozhen	果真2
guozheng	国政2
guozhenqian	郭振乾2
guozhi	果汁2
guozhong	过重2
guozhongyao	郭中姚2
guozi	果子2
guozijian	国子监2
guoziwei	国资委2
gupiao	股票3|古朴2
guqi	骨气2
guqie	姑且2
guqintai	古琴台2
guqiushui	顾秋水2
guquan	股权3
guran	固然3
guren	古人3|故人2
gurenlei	古人类2
gurou	骨肉2
gusanguo	古三国2
gushan	古山2
gushen	孤身2
gusheng	鼓声2
gushengdai	古生代2
gushengzu	辜胜阻2
gushi	故事3|股市3|古时2|古诗2|古尸2|古史2
gushipian	故事片2
gushou	固守2
gushu	股数2|古书2
gusu	姑苏2
gusuan	估算2
gusui	骨髓2
gutai	固态2
guti	固体3
gutian	古田2
gutou	骨头2
gutu	故土2
guwan	古玩2
guwen	顾问3|古文2
guwenhua	古文化2
guwu	鼓舞2|谷物2|古物2
guxi	姑息2
guxiang	故乡3
guxila	古希腊2
guxiulian	顾秀莲2
guyangmin	顾养民2
guyanwu	顾炎武2
guye	姑爷2
guyi	故意3
guyong	雇佣2|雇用2
guyou	固有2
guyuan	顾源2|雇员2
guyue	鼓乐2|古月2
guzao	鼓噪2
guzhang	故障2|鼓掌2
guzhangdi	古长堤2
guzhe	骨折2
guzhen	古镇2
guzhi	固执2|股指2|骨质2|估值2
guzhu	雇主2|谷主2
guzhuo	固着2
guzi	谷子2|股子2
guzili	骨子里2
guzuo	故作2
haerbin	哈尔滨2
hafu	哈佛2
haha	哈哈3
hahaha	哈哈哈2
haian	海岸3
haianxian	海岸线2
haiba	海拔3
haibao	海报2|海豹2
haibian	海边2
haibin	海滨2
haichan	海产2
haichao	海潮2
haichong	害虫2
haichuan	海船2
haidai	海带2
haidao	海盗2|海岛2
haidebao	海德堡2
haidi	海底3|海地2
haidianqu	海淀区2
haier	孩儿3|海尔2
haifang	海防2
haifeng	海风2
haigang	海港2
haigou	海沟2
haigu	骸骨2
haiguan	海关2
haigui	海龟2
haihao	还好2
haihe	海河2
haijun	海军3
haikou	海口2
haikoushi	海口市2
haikuan	还款2
hailang	海浪2
haili	海里2
hailing	海岭2
hailiu	海流2
hailu	海陆2
hailun	海轮2
hailuoyin	海洛因2
haimian	海面2|海绵2
hainan	海南3
hainandao	海南岛2
hainansheng	海南省2
hainei	海内2
haineiwai	海内外2
haining	海宁2
haipa	害怕3
haipen	海盆2
haipingmian	海平面2
haiqu	海区2
hairan	骇然2
hairen	害人2
hairui	海瑞2
haishang	海上3
haishen	海参2
haishi	还是3|海事2
haishui	海水3
haisi	害死2
haitan	海滩2
haitang	海棠2
haitong	孩童2
haitun	海豚2
haiwai	海外3
haiwan	海湾2
haixia	海峡3
haixian	海鲜2
haixiao	海啸2
haixin	海信2
haixiu	害羞2
haiya	海牙2
haiyan	海盐2
haiyang	海洋3
haiyao	还要3
haiyi	骇异2
haiyou	还有4
haiyu	海域3
haiyun	海运2
haizao	海藻3
haizhan	海战2
haizi	孩子4
hali	哈里2
hama	蛤蟆2
hami	哈密2
hanbaiyu	汉白玉3
hanbao	汉堡2
hanbaoju	韩宝驹2
hanchao	汉朝2|寒潮2
hancheng	汉城2
hanchuan	汉川2
hanchuanshi	汉川市2
handai	汉代2|寒带2
handan	邯郸2
handanxian	汉丹线2
handao	喊道2
handi	旱地2
hanfeng	寒风2
hangai	涵盖2
hangaohu	韩高湖2
hangaozu	汉高祖2
hangban	航班3
hangcheng	航程2
hangdang	行当2
hangdao	航道2|巷道2
hangdecha	杭得茶2
hangdian	航电2
hanghai	航海3
hanghaijia	航海家2
hanghan	杭汉2
hanghui	行会2
hangjia	行家2
hangkong	航空3
hangkongbing	航空兵2
hangkonggang	航空港2
hanglie	行列2
hangmu	航母3
hangqing	行情3
hangsu	航速2
hangtian	航天3
hangtianqi	航天器2
hangtianyuan	航天员2
hangtianzui	杭天醉2
hanguang	寒光2
hanguo	韩国3
hanguodui	韩国队2
hangxian	航线3
hangxiang	航向2
hangxing	航行3
hangye	行业3
hangyun	航运3
hangzhang	行长2
hangzhou	杭州3
hangzhoushi	杭州市2
hanhu	含糊2
hanizu	哈尼族2
hanjian	汉奸3|罕见3
hanjiang	汉江3
hanjiangquan	汉江全2
hanjiao	喊叫2
hanjie	焊接2
hanjinliang	含金量2
hankou	汉口3
hankouzhan	汉口站2
hanlei	含泪2
hanleng	寒冷2
hanliang	含量3
hanlin	翰林2
hanliner	韩林儿2
hanlinyuan	翰林院2
hanliu	寒流2
hanmu	汉墓2
hanmulin	韩木林2
hannanqu	汉南区2
hanningfu	韩宁夫2
hannuowei	汉诺威2
hanqi	寒气2
hanren	汉人3
hanshaliang	含沙量2
hansheng	喊声2|鼾声2
hanshilu	汉施路2
hanshu	函数3|汉书2
hanshui	汉水2|汗水2
hantaitai	韩太太2
hantang	汉唐2
hanwang	汉王2
hanwei	捍卫2|汉魏2
hanwen	汉文2
hanwudi	汉武帝2
hanwuji	寒武纪2
hanxianchu	韩先楚2
hanxiao	含笑2
hanxiaoying	韩小莹2
hanxin	韩信2
hanxu	含蓄2
hanxuan	寒暄2
hanxue	汉学2
hanxueting	韩雪亭2
hanyan	旱烟2
hanyang	汉阳3
hanyangfu	汉阳府2
hanyangjun	汉阳军2
hanyangqu	汉阳区2
hanyi	含义3|寒意2|含意2|涵义2
hanying	汉英2
hanyou	含有3|罕有2
hanyu	汉语3|韩愈2
hanzai	旱灾2
hanzhong	汉中2
hanzhu	汗珠2
hanzi	汉子3|汉字2
hanziqi	韩子奇2
hanzu	汉族3
haoban	好办2
haobi	好比2
haobu	毫不3
haobuhao	好不好2
haocao	蒿草2
haocheng	号称3
haochi	好吃3
haochu	好处3
haoda	浩大2
haodai	好歹2
haodatong	郝大通2
haoduanduan	好端端2
haoduo	好多2
haofei	耗费2
haogan	好感2
haoge	豪格2
haogou	壕沟2
haohaizi	好孩子2
haohan	好汉3
haohao	好好3
haohaoer	好好儿2
haohe	好喝2
haohua	豪华3
haohuai	好坏2
haoji	好几2
haojiao	号角2
haojie	豪杰2|浩劫2
haojige	好几个2
haojin	耗尽2
haojinian	好几年2
haojiu	好久2
haokan	好看3
haoke	毫克2
haolaiwu	好莱坞2
haoling	号令2
haoma	号码2
haomai	豪迈2
haomao	毫毛2
haomen	豪门2
haomi	毫米3
haoping	好评2
haoqi	好奇2|好气2|豪气2
haoqiang	豪强2
haoqing	豪情2
haoqixin	好奇心2
haoren	好人2
haorizi	好日子2
haorongyi	好容易2
haose	好色2
haosheng	好生3|毫升2
haoshi	好事3
haoshou	好手2|好受2
haoshuang	豪爽2
haosi	好似2
haoting	好听2
haotong	号筒2
haowan	好玩2
haowangjiao	好望角2
haowu	毫无3
haoxi	好戏2
haoxiang	好像3|好象3
haoxiao	好笑2
haoxiaoxi	好消息2
haoxie	好些2
haoxin	好心2
haoyaoqi	郝摇旗2
haoyi	好意2
haoyibiao	郝一标2
haoyisi	好意思2
haoyou	好友2
haoyun	好运2
haozhai	豪宅2
haozhan	好战2
haozhao	号召3
haozhuan	好转2
haozi	耗资2|耗子2
hasake	哈萨克2
heai	和蔼2
hean	河岸2
heban	合办2
hebao	荷包2
hebaozha	核爆炸2
hebei	河北3
hebeisheng	河北省2
hebenke	禾本科2
hebi	何必3
hebian	河边2|合编2
hebing	合并3
hebingyan	贺炳炎2
hebu	何不2
hecai	喝彩2|喝采2
hecha	喝茶2|核查2
hechang	何尝2|合唱2
hechangtuan	合唱团2
hecheng	合成3|合称2
hechengming	何晟铭2
hechi	呵斥2
hechu	何处3
hechuan	河川2
hechuang	河床3
hechunlin	何椿霖2
hecixi	和慈禧2
hedan	核弹2
hedantou	核弹头2
hedao	喝道3|河道3
hedeng	何等2
hedi	河堤2|何地2
hedian	核电2
hedianzhan	核电站2
heding	核定2
hedong	河东2
hedongli	核动力2
heduan	河段2
hedui	核对2
hefa	合法3
hefahua	合法化2
hefang	何方2|何妨2
hefanying	核反应2
hefaxing	合法性2
hefei	合肥2
hefeng	鹤峰2|和丰2
hefengxian	鹤峰县2
hegang	河港2
hegansuan	核苷酸2
hege	合格3
hegelu	合格率2
hegou	河沟2
hegu	河谷3|何故2
heguo	核果2
hehongyao	何红药2
hehu	合乎3|河湖2|呵护2
hehua	荷花2
hehuo	合伙2
hehuoren	合伙人2
heian	黑暗3
heibai	黑白2
heiban	黑板2|黑斑2
heichenchen	黑沉沉2
heidian	黑点2
heidong	黑洞2
heidou	黑豆2
heigeer	黑格尔2
heihai	黑海2
heihei	嘿嘿2
heihong	黑红2
heihuxing	黑虎星2
heike	黑客2
heilongjiang	黑龙江3
heima	黑马2
heiren	黑人2
heise	黑色3
heisha	黑纱2
heishehui	黑社会2
heishui	黑水2
heitao	黑陶2
heixiong	黑熊2
heiyaya	黑压压2
heiye	黑夜2
heiyi	黑衣2
heiying	黑影2
heiyouyou	黑黝黝2
heiyu	黑鱼3
heizi	黑子2
heji	合计2
hejian	河间2
hejie	和解2
hejin	合金3
hejingang	合金钢2
hejishu	核技术2
hejiu	喝酒3
hekou	河口3
heku	何苦2
hekuang	何况3
hela	赫拉2
helai	何来2
helan	荷兰3
helandui	荷兰队2
helanren	荷兰人2
heli	合理3|合力2|河里2
heliliang	核力量2
heling	喝令2
heliu	河流3
helixing	合理性2
helong	贺龙2
helonglai	贺龙来2
heluli	何鲁丽2
hema	荷马2
hemen	何门2
hemian	河面2
hemou	合谋2
hemu	和睦2
henan	河南3
henanren	河南人2
henansheng	河南省3
henbude	恨不得2
henda	很大3
hendu	狠毒2
henduo	很多4
henduonian	很多年2
henei	河内2
heneng	核能2
hengbiao	横标2
hengchuan	横穿2
hengding	恒定2
henge	横额2
hengfu	横幅2
henggen	横亘2
henggou	横沟2
hengguan	横贯3
henghe	恒河2
hengheng	哼哼2
hengkua	横跨2
hengli	亨利2
hengliang	衡量2|横梁2
hengsao	横扫2
hengshan	恒山2|衡山2
hengshu	横竖2
hengte	亨特2
hengwo	横卧2
hengxiang	横向2
hengxing	恒星2|横行2
hengyang	衡阳2
henhen	狠狠2
henji	痕迹2
henkuai	很快3
hennanshuo	很难说2
henshao	很少3
henxiao	很小3
henxin	狠心2
henzao	很早2
henzhua	狠抓2
hepan	河畔2
heping	和平3
heqianting	核潜艇2
hequn	合群2
heran	赫然2
heranliao	核燃料2
heren	何人2
herenlong	贺人龙2
heri	何日2
heru	何如2
hese	褐色2
heshan	和善2
heshang	和尚3
hesheng	和声2
heshi	合适3|何时2|何事2|核实2|合十2|河势2
heshiyan	核试验2
heshui	河水2|喝水2
hesuan	核算2|核酸2
hetaichong	何太冲2
hetan	和谈2|河滩2
hetao	核桃2|河套2
heti	合体2
hetian	和田2
hetishou	何惕守2
hetong	合同3
hetou	河头2
hewan	河湾2
hewang	河网2
hewei	合为2|何为2|合围2
hewen	喝问2
hewu	何物2
hewuli	核物理2
hewuqi	核武器3
hexi	河西2
hexian	和县2
hexie	和谐3|河蟹2
hexin	核心3
hexing	合兴2
hexinyin	何心隐2
heye	荷叶2
heyehui	何晔晖2
heyi	何以3|合一2|和议2|合宜2
heyicheng	贺一诚2
heying	合营2|合影2
heyingqin	何应钦2
heyong	何用2
heyu	河鱼2
heyuan	河源2
heyue	和约2|合约2
heyuehua	何月华2
hezai	何在2
hezang	合葬2
hezangmu	合葬墓2
heze	菏泽2
hezeng	何曾2
hezhe	何者2
hezhi	何止2
hezhong	何种2
hezhu	合著2
hezhun	核准2
hezi	合资2|盒子2|河子2
hezizhen	贺子珍2
hezou	合奏2
hezudao	何足道2
hezui	喝醉2
hezuo	合作4
hezuohua	合作化2
hezuoshe	合作社2
hongan	红安2
honganxian	红安县2
hongbao	红包2
hongbaoshi	红宝石2
hongcai	鸿才2
hongchengchou	洪承畴3
hongchou	红绸2
hongda	宏大2|宏达2
hongdeng	红灯2
hongdong	轰动2
hongdou	洪都2
hongfeng	洪峰2
hongfuren	洪夫人2
honggou	鸿沟2
hongguan	宏观3
hongguang	红光2
honghai	红海2
honghu	洪湖3
honghua	红花2
honghuo	红火2
honghushi	洪湖市2
hongji	轰击2
hongjun	红军3
hongkao	烘烤2
honglao	洪涝2
hongli	红利2
honglian	红莲2|红脸2
hongliang	洪亮2
honglingbo	洪凌波2
hongliu	洪流2
honglong	轰隆2
honglou	红楼2
hongloumeng	红楼梦2
hongmei	红梅2
hongmiaozheng	红苗正2
hongming	轰鸣2
hongmu	红木2
hongniang	红娘2
hongniangzi	红娘子2
hongpai	红牌2
hongqi	红旗3
hongqiang	红墙3
hongqigong	洪七公3
hongran	轰然2
hongrang	红壤2
hongrun	红润2
hongse	红色3
hongshan	洪山3
hongshanqu	洪山区3
hongshao	红烧2
hongshenghai	洪胜海2
hongshu	红薯2
hongshui	洪水3
hongshulin	红树林2
hongtang	红糖2
hongtu	红土2
hongwai	红外2
hongwaixian	红外线2
hongwei	宏伟2
hongweibing	红卫兵2
hongwu	洪武2
hongxia	红霞2
hongxian	红线2
hongxibao	红细胞2
hongxing	红星2
hongxiu	红袖2
hongxiuquan	洪秀全2
hongyan	红眼2
hongyang	弘扬2
hongyi	红衣2
hongyun	红晕2
hongzao	红枣2
hongzha	轰炸2
hongzhaji	轰炸机2
hongzhi	弘治2
hongzhong	红肿2
houbei	后备2|后背2|后辈2
houbian	后边2
houbu	后部2|候补2
houchang	后场2
houche	后撤2
houdai	后代3
houdao	厚道2
houdu	厚度2
houdun	后盾2
houer	猴儿2
houfa	后发2
houfang	后方2
houfangyu	侯方域2
houfei	后妃2
hougong	后宫2
houguo	后果3
houhan	后汉2
houhe	后河2
houhoude	厚厚的2
houhu	后湖2
houhuan	后患2
houhui	后悔2
houjiao	吼叫2
houjin	后劲2|后金2|后晋2
houlai	后来4
houlong	喉咙2
houmen	后门2
houmian	后面3
hounao	后脑2
houqi	后期3
houqin	后勤3|后秦2
houren	后人3|后任2
houshan	后山2
housheng	后生2|吼声2
houshi	后世3|后市2|厚实2|后事2
houtai	后台2
houtang	后唐2|后堂2
houtian	后天2
houtonghai	侯通海2
houtou	猴头2|后头2|喉头2
houtougu	猴头菇2
houtui	后退2
houwang	猴王2
houwei	后卫2|后魏2
houxu	后续2
houxuan	候选2
houxuanren	候选人3
houyao	后腰2
houyi	后裔2|后移2
houyibin	侯义斌2
houyizheng	后遗症2
houyuan	后院2|后缘2
houzhangan	侯长安2
houzhangxin	侯张信2
houzhe	后者3
houzhi	后肢2
houzhong	厚重2
houzhou	后周2
houzhu	后主2
houzi	猴子2
huabai	花白2
huaban	花瓣2
huabei	华北3|花被2
huabian	花边2
huabiao	华表3
huabing	滑冰2
huacao	花草2
huace	画册2
huachen	华辰2
huachenchun	华辰春2
huacheng	化成2
huachu	划出2
huachuan	划船2
huacong	花丛2
huadeng	花灯2
huading	划定2
huadong	华东2|滑动2
huaduo	花朵2
huaer	花儿2|话儿2
huaerjie	华尔街2
huafa	画法2
huafei	花费2|化肥2|话费2
huafen	划分3|花粉2
huafeng	画风2
huagangyan	花岗岩3
huagong	化工3
huagongchang	化工厂2
huagu	花菇2
huaguan	花冠2
huaguanjing	花观景2
huagui	划归2|华贵2
huaguofeng	华国锋2
huahe	化合2
huahewu	化合物3
huahua	画画2
huahui	花卉2
huaian	淮安2
huaibao	怀抱2
huaibei	淮北2
huaidan	坏蛋2
huaihe	淮河2
huaihua	坏话2
huaili	怀里3
huainan	淮南2
huainian	怀念2
huairen	坏人2
huaishi	坏事2
huaishu	槐树2
huaisi	坏死2
huaitabu	怀塔布2
huaiyi	怀疑3
huaiyin	淮阴2
huaiyou	怀有2
huaiyun	怀孕2
huaizhe	怀着2
huaizhong	怀中3
huaji	滑稽2
huajia	画家3
huajiao	花轿2
huajie	化解2
huaju	话剧2
huajuan	画卷2
huajueming	华觉明2
huajun	化军2
hualaishi	华莱士2
hualang	画廊2
huali	华丽2|华里2
hualiao	化疗2
hualuo	滑落2
huamei	华美2
huamian	画面2
huaming	化名2
huamu	花木2
huamulan	花木兰2
huan	湖岸2
huanan	华南2
huanbao	环保3|环抱2
huanbing	患病2
huanbu	缓步2
huancheng	换成2
huanchong	缓冲2
huancun	缓存2
huandao	环岛2
huanfa	焕发2
huangan	黄安2
huangbang	黄榜2
huangbeiqu	黄陂区2
huangcao	荒草2
huangchao	皇朝2
huangcheng	皇城3
huangchengzi	黄橙子2
huangchong	蝗虫2
huangdan	荒诞2|黄疸2
huangdao	黄道2|黄岛2|荒岛2
huangdi	皇帝4|黄帝2|荒地2
huangdong	晃动2
huangdou	黄豆2
huangei	还给2
huangerzhou	黄二州2
huangfei	荒废2
huangfeng	黄蜂2
huangfengdian	黄封殿2
huanggang	黄冈3|皇岗2
huanggangshi	黄冈市3
huanggexuan	黄格选2
huanggong	皇宫3
huanggua	黄瓜2
huangguhao	黄古蒿2
huanghai	黄海2
huanghe	黄河3
huanghelou	黄鹤楼2
huanghese	黄褐色2
huanghou	皇后3
huanghu	恍惚2
huanghua	黄花2|黄骅2|谎话2
huanghun	黄昏2
huanghuo	惶惑2
huangji	惶急2
huangjia	皇家3|黄家2
huangjiahu	黄家湖2
huangjiatan	黄家潭2
huangjin	黄金3
huangjinwan	黄金湾2
huangjinzhou	黄金周3
huangkangsheng	黄康生2
huangkong	惶恐2
huanglian	黄连2
huangliang	荒凉2
huanglianhu	黄莲湖2
huangling	黄陵2|皇陵2
huanglong	黄龙2
huangluan	慌乱2
huangma	皇马2|黄麻2
huangmang	慌忙2
huangmeiseng	黄眉僧2
huangmeixian	黄梅县2
huangmingsheng	黄明生2
huangmiu	荒谬2
huangmo	荒漠2
huangniu	黄牛2
huangpai	黄牌2
huangpi	黄陂3|荒僻2
huangpu	黄埔2
huangpujiang	黄浦江2
huangquan	皇权2
huangran	恍然2
huangrongjian	黄蓉见2
huangrongxiao	黄蓉笑2
huangse	黄色3
huangsha	黄沙2
huangshan	黄山2|荒山2|黄鳝2
huangshang	皇上4
huangshi	黄石3|皇室2
huangshishi	黄石市3
huangshui	黄水2
huangshulang	黄鼠狼2
huangsongling	黄松龄2
huangtaihou	皇太后3
huangtaiji	皇太极2
huangtaizi	皇太子2
huangtang	荒唐2
huangtingjian	黄庭坚2
huangtu	黄土3
huangtugang	黄土岗2
huangu	环顾2
huanguan	宦官2
huangwafei	黄瓦飞2
huangwazhu	黄瓦朱2
huangwei	皇位2
huangwu	荒芜2
huangyan	谎言2
huangyaoshi	黄药师2
huangye	皇爷2|荒野2
huangyibiao	黄一彪2
huangyiyi	黄依依3
huangyongsheng	黄永胜2
huangyu	鳇鱼2
huangyuan	黄原2|荒原2
huangyueying	黄月英2
huangzhang	慌张2
huangzhi	黄纸2
huangzhizhen	黄知真2
huangzhong	黄忠2
huangzhou	黄州3
huangzhoucai	黄州菜2
huangzhouqu	黄州区2
huangzi	皇子2|幌子2
huangzongxi	黄宗羲3
huangzu	皇族2
huanhe	缓和2
huanhu	欢呼2
huanhuan	缓缓3
huanhuande	缓缓的2
huanhusheng	欢呼声2
huaniao	花鸟2
huanji	还击2
huanjie	环节3|缓解3|换届2
huanjing	环境4
huanjue	幻觉2
huankuai	欢快2
huanlai	换来2
huanle	欢乐3
huanlegu	欢乐谷2
huanliu	环流2
huanman	缓慢3
huannan	患难2
huanqi	唤起2
huanqing	欢庆2
huanqiu	环球2
huanqu	换取2
huanrao	环绕2
huanren	换人2
huansan	涣散2
huanshang	换上2|患上2
huanshou	还手2
huansuan	换算2
huanxi	欢喜3
huanxia	换下2
huanxian	环线2
huanxiang	幻想3
huanxiao	欢笑2
huanxin	欢心2
huanxing	唤醒2|环形2|缓刑2
huanyanzhi	换言之2
huanying	欢迎3|幻影2
huanyou	患有2
huanyu	欢娱2
huanyuan	还原2
huanzhe	患者3
huanzhuang	换装2|环状2
huapai	画派2
huaping	花瓶2
huapo	滑坡2|划破2
huapu	花圃2
huaqian	花钱2
huaqiao	华侨3
huaren	华人2
huarong	华容2
huarongqu	华容区2
huarongxian	华容县2
huaru	划入2
huarui	华瑞2
huase	花色2
huasha	华沙2
huashan	华山3|花山2
huashen	化身2
huasheng	花生2
huashengdun	华盛顿2
huashi	化石3
huashidai	划时代2
huatan	花坛2
huati	话题3
huatiegan	花铁干2
huating	花厅2
huatong	话筒2
huatou	话头2
huawei	化为2|华为2
huawen	花纹2
huaxia	华夏3
huaxian	化纤2
huaxiang	画像3|花香2|滑翔2
huaxing	滑行2
huaxu	花序2|花絮2
huaxue	化学3|滑雪2
huaxuejia	化学家2
huayan	化验2
huayang	花样2
huayi	划一2|华裔2
huayin	话音2
huayu	话语2
huayuan	花园3
huazhan	画展2
huazheng	华筝2
huazhengfang	花正芳2
huazhong	华中3
huazhuang	化妆2|化装2
huazhuangpin	化妆品2
huazi	化子2
huazuo	化作2
hubei	湖北4
hubeisheng	湖北省4
hubian	湖边2
hubingchen	胡秉宸3
hubu	户部3|互不2|互补2
huchunhua	胡春华2
hudage	胡大哥2
hudeping	胡德平2
hudi	忽地2|湖底2
hudie	蝴蝶2
hudong	互动2
huer	忽而2
hufa	护法2
hufang	互访2
hufeng	胡风2
huguang	湖广3
huguangbao	胡光宝2
huguo	护国2
huhan	呼喊2
huhang	护航2
huhe	呼喝2
huhoukun	胡厚昆2
huhu	呼呼2
huhuan	呼唤2|互换2
huibai	灰白2
huibaise	灰白色2
huibao	汇报3|回报3
huibi	回避2
huibian	汇编2
huibiao	会标2
huican	会餐2
huichang	会场2
huichen	灰尘2
huicheng	汇成2|回城2
huicui	荟萃2
huida	回答3
huidang	回荡2
huidao	回到3
huidiao	毁掉2
huidong	挥动2
huidui	汇兑2
huier	会儿2
huifa	挥发2
huifu	恢复3|回复2
huigou	回购2
huigu	回顾3|回鹘2
huiguan	会馆2
huigui	回归3
huiguo	回国3|回过3|回锅2
huihao	徽号2
huihe	汇合2|会合2|回合2
huihen	悔恨2
huihese	灰褐色2
huihou	会后2
huihua	绘画3
huihuai	毁坏2
huihuang	辉煌3
huihuo	挥霍2
huiji	汇集2|回击2
huijia	回家3
huijian	会见3
huijin	灰烬2
huiju	汇聚2
huikou	回扣2
huilai	回来4
huilang	回廊2
huilaojia	回老家2
huiliu	回流2
huilu	汇率3|贿赂2|回路2
huiluo	回落2
huimian	会面2
huimie	毁灭2
huimiexing	毁灭性2
huimin	回民2
huipiao	汇票2
huipu	惠普2
huiqi	晦气2
huiqu	回去3
huiru	汇入2
huise	灰色2
huishang	会上3|毁伤2
huishen	回身2|会审2
huisheng	回升2|回声2
huishi	回事3|会试2|会师2|辉石2|回师2
huishou	挥手3|回收2|回首2
huitan	会谈3
huitao	灰陶2
huitong	会同2|会通2
huitou	回头3
huiwei	回味2
huiwen	汇文2
huiwu	挥舞2|会晤2
huixia	麾下2
huixiang	回想2|回乡2
huixie	诙谐2
huixin	回信2|灰心2
huixing	彗星2
huixuan	回旋2
huiyan	灰岩2
huiyi	会议4|回忆3|会意2
huiyilu	回忆录2
huiyin	回音2
huiying	回应2|辉映2
huiyishi	会议室2
huiyou	回游2
huiyuan	会员3
huiyuanguo	会员国2
huizhan	会战2|会展2
huizhang	会长3
huizhi	绘制2|会址2
huizhou	徽州2
huizhuan	回转2
huizong	汇总2
huizu	回族3
huji	户籍2
hujia	胡佳2
hujiao	呼叫2|胡椒2
hujintao	胡锦涛2
hujiu	呼救2
hukangsheng	胡康生2
hukou	户口3|虎口2
huli	护理2|狐狸2|互利2|湖里2
hulian	互联2
hulianwang	互联网3
huliming	胡黎明2
huliye	护理液2
hulu	葫芦2
huluan	胡乱2
hulue	忽略2
huluobo	胡萝卜2
humen	虎门2
humian	湖面2
hunan	湖南3|昏暗2
hunansheng	湖南省3
hunao	胡闹2
hundan	混蛋2
hundun	混沌2
hunhe	混合3
hunhewu	混合物2
hunhou	浑厚2|婚后2
hunhuang	昏黄2
hunian	虎年2
hunjiaolin	混交林2
hunjin	混进2
hunli	婚礼2
hunluan	混乱3
hunmi	昏迷2
hunningtu	混凝土3
hunpei	婚配2
hunpo	魂魄2
hunqian	婚前2
hunru	混入2
hunshen	浑身3
hunshi	婚事2
hunshui	昏睡2
hunxiao	混淆2
hunyin	婚姻3
hunyong	昏庸2
hunyu	婚育2
hunza	混杂2
hunzhan	混战2
hunzhang	混账2
hunzhuo	浑浊2|混浊2
huoba	火把2
huoban	伙伴3
huobao	火爆2
huobi	货币3
huobiliang	货币量2
huocang	货舱2
huochai	火柴2
huoche	火车3|货车2
huochezhan	火车站3
huochu	豁出2
huoda	豁达2
huode	获得4
huodezhe	获得者2
huodi	霍地2
huodianzhan	火电站2
huodong	活动4
huodou	霍都2
huodui	火堆2
huoer	活儿2
huofo	活佛2
huogai	活该2
huogong	火攻2
huoguang	火光3
huoguo	火锅2
huohai	祸害2
huohou	火候2
huohua	火花2|活化2
huohuan	祸患2
huohuo	活活2
huoji	伙计2
huojian	火箭3
huojiandan	火箭弹2
huojiang	获奖2
huojianpao	火箭炮2
huoju	火炬2
huokong	火控2
huokuan	货款2
huolala	火辣辣2
huoli	火力3|活力3|获利2
huolong	火龙2
huolu	火炉2
huomai	活埋2
huomian	豁免2
huoming	活命2
huopao	火炮3
huopo	活泼2
huopozi	霍婆子2
huoqi	火器2|火气2
huoqiang	火枪2
huoqingtong	霍青桐2
huoqiu	火球2
huoqu	获取3
huoran	豁然2
huore	火热2
huoren	活人2
huosai	活塞2
huoshan	火山3
huoshandao	火山岛2
huoshankou	火山口2
huoshanyan	火山岩2
huoshao	火烧2
huosheng	获胜2
huoshengsheng	活生生2
huoshi	或是3|获释2|伙食2|祸事2|火势2
huosu	火速2
huotui	火腿2
huotuichang	火腿肠2
huowu	货物3
huoxi	获悉2
huoxian	火线2
huoxing	活性2|火星2
huoxu	或许3
huoyan	火焰2
huoyao	火药2
huoyue	活跃3
huoyun	货运2
huozai	火灾2
huozhe	或者4|活着3
huozheshuo	或者说2
huozhong	火种2
huozhun	获准2
huozhuo	活捉2
hupan	湖畔2
hupen	湖盆2
hupo	湖泊3|琥珀2
huqiaomu	胡乔木2
huqingfeng	胡青风2
huqingniu	胡青牛2
huqu	湖区2
huran	忽然3
huren	胡人2
hushan	虎山2
hushang	湖上2
hushen	护身2
husheng	呼声2
hushi	忽视3|护士2|胡适2
hushui	湖水2
hushuo	胡说2
husong	护送2
hutong	胡同3|互通2
hutou	虎头2
hutu	糊涂2|胡涂2
huwai	户外2
huwei	护卫2|互为2
huweijian	护卫舰2
huxi	呼吸3|湖西2
huxian	弧线2
huxiang	互相3
huxiansheng	胡贤生2
huxiao	呼啸2
huxidao	呼吸道2
huxing	弧形2
huxu	胡须2
huyan	呼延2
huyanglin	胡杨林2
huyaobang	胡耀邦2
huyaxin	胡雅歆2
huyi	狐疑2
huying	呼应2
huyou	忽悠2|护佑2
huyu	呼吁3
huzhao	护照2
huzhong	湖中2
huzhou	湖州2
huzhu	互助2
huzi	胡子3
huzigao	胡自皋2
huzongxian	胡宗宪2
jiaban	加班2|甲板2|假扮2
jiabei	加倍2
jiabeng	驾崩2
jiabin	嘉宾2
jiaceng	夹层2
jiachan	家产2
jiachang	家常2
jiachaoxuan	贾朝轩2
jiache	驾车2
jiacheng	加成2
jiachu	家畜2
jiachuan	家传2
jiachun	甲醇2
jiada	加大3
jiadang	家当2
jiadao	驾到2
jiadian	家电2
jiading	假定3|家丁2|嘉定2
jiafu	家父2
jiagai	加盖2
jiage	价格4
jiagezhan	价格战2
jiagong	加工3|夹攻2
jiagongchang	加工厂2
jiagongji	加工机2
jiagongye	加工业2
jiagou	架构2
jiagu	加固2|甲骨2
jiaguwen	甲骨文2
jiahai	加害2
jiahua	假话2
jiahuo	家伙3|假货2
jiaji	夹击2|甲基2|甲级2
jiajia	家家2
jiajiang	嘉奖2
jiajiao	家教2|夹角2
jiajie	假借2|佳节2|嫁接2
jiajin	加紧3|加进2|加劲2
jiajing	嘉靖3|家境2
jiaju	家具2|加剧2|家居2
jiajuan	家眷2
jiakuai	加快3
jialeibi	加勒比2
jiali	家里3
jialilue	伽利略2
jialin	驾临2
jialingjiang	嘉陵江2
jialiren	家里人2
jiamao	假冒2
jiamen	家门2
jiameng	加盟2
jiamenkou	家门口2
jiami	甲醚2|加密2
jiamiao	家庙2
jiamuyang	嘉木样2
jian	吉安2
jiana	加纳2|戛纳2
jianada	加拿大3
jianan	建安2
jianao	煎熬2
jianbang	肩膀3
jianbei	兼备3
jianbian	简便2
jianbie	鉴别2
jianbing	兼并2
jiancai	建材2
jiance	检测3|监测3
jiancha	检查3|检察3|监察3
jianchaguan	检察官2|监察官2
jianchan	减产2
jianchayuan	检察院3|检察员2|监察院2
jianchazhang	检察长3
jianchen	奸臣2
jiancheng	建成3|简称3
jianchi	坚持4
jianchuan	舰船2
jianci	渐次2
jiandan	简单3
jiandang	建党2
jiandao	见到3|剪刀2|尖刀2
jiande	见得2
jiandi	歼敌2|减低2
jiandie	间谍2
jianding	坚定3|鉴定3
jiandinghui	鉴定会2
jiandu	监督3|建都2
jianduan	间断2|尖端2|简短2
jiandui	舰队3
jianduquan	监督权2
jianfa	剑法3
jianfang	见方2|建房2
jianfei	减肥2
jianfeng	剑锋2
jianfu	肩负2
jiang	激昂2
jiangan	江岸2
jianganqu	江岸区2
jiangbei	江北3|奖杯2
jiangbian	江边2
jiangbodu	江波渡2
jiangcai	将才2
jiangcheng	奖惩2|江城2
jiangchi	僵持2
jiangdao	降到2|江道2
jiangdi	降低3|江底2
jiangdong	江东2
jiangdu	江都2
jiangduan	江段2
jiange	间隔2
jiangenzhu	姜恩柱2
jiangfangzhou	蒋方舟2
jiangguan	将官2
jiangguo	浆果2
jianghai	江海2
jianghan	江汉3
jianghanqu	江汉区2
jianghe	江河2
jianghongxing	蒋红星2
jianghu	江湖3|江户2
jianghua	讲话3|僵化2
jianghuai	江淮2
jiangji	降级2
jiangjia	降价2
jiangjiacha	江家岔2
jiangjiachong	蒋家冲2
jiangjiang	讲讲2
jiangjie	讲解2|疆界2|降解2
jiangjieshi	蒋介石3
jiangjin	奖金3|将近2
jiangjiu	讲究3
jiangju	僵局2
jiangjun	将军3
jiangke	讲课2
jianglai	将来3
jiangli	奖励3
jianglili	蒋丽莉2
jianglin	降临2
jiangling	江陵3|将领3|将令2
jianglingxian	江陵县2
jiangliu	江流2
jiangluo	降落2
jiangluosan	降落伞2
jiangmian	江面2
jiangnamiao	江纳苗2
jiangnan	江南3
jiangnanxi	江南西2
jiangong	建工2
jiangou	建构2
jiangpai	奖牌2
jiangqing	江青2
jiangqiu	讲求2
jiangren	匠人2
jiangshan	江山3
jiangshang	奖赏2
jiangsheng	缰绳2
jiangshengyang	姜声扬2
jiangshi	将士3|僵尸2|讲师2
jiangshou	讲授2
jiangshu	讲述2
jiangshuai	将帅2
jiangshui	降水2|江水2
jiangshuiliang	降水量3
jiangshuojie	蒋硕杰2
jiangshusheng	蒋树声2
jiangsu	江苏3
jiangsusheng	江苏省2
jiangtai	讲台2
jiangtu	疆土2
jiangtun	江豚2
jiangu	兼顾2|坚固2
jianguan	监管3|兼管2
jianguo	建国3|坚果2
jiangwen	降温2
jiangxi	江西3|讲习2
jiangxia	江夏3
jiangxiajun	江夏郡2
jiangxiang	奖项2
jiangxiao	将校2
jiangxiaqu	江夏区3
jiangxiazhi	江夏治2
jiangxisheng	江西省2
jiangxue	讲学2
jiangxuejin	奖学金2
jiangyan	讲演2
jiangyao	将要2
jiangyi	讲义2
jiangyin	江阴2
jiangying	僵硬2
jiangyou	酱油2
jiangyu	疆域2|降雨2
jiangyuanhua	蒋远华2
jiangyuliang	降雨量2
jiangzemin	江泽民3
jiangzhang	奖章2
jiangzhe	江浙2
jiangzhenghua	蒋正华2
jiangzhong	江中2
jiangzhou	江州2
jiangzhu	江猪2
jiangzhuping	蒋祝平2
jiangzuizhang	江醉章2
jiangzuo	讲座2
jianhang	建行2
jianhu	监护2
jianhua	简化2|建华2
jianhuan	减缓2
jianhuo	间或2
jianhuren	监护人2
jianji	奸计2
jianjian	渐渐3|见见2
jianjiao	尖椒3|建交2|尖叫2
jianjie	简介3|间接3|见解2|简洁2
jianjiji	歼击机2
jianjin	监禁2|渐近2
jianju	艰巨2|检举2|间距2|兼具2
jianjue	坚决3
jianjun	建军2
jiankang	健康3|建康2
jiankong	监控2
jianku	艰苦3
jianli	建立4|简历3|监利3|尖利2
jianlian	简练2
jianlixian	监利县2
jianlou	简陋2|箭楼2
jianlue	简略2
jianman	减慢2
jianmei	健美2
jianmian	见面3|减免2
jianmie	歼灭2
jianming	简明2
jianmo	缄默2
jiannan	艰难3
jianpan	键盘2
jianpao	舰炮2
jianpiao	简朴2
jianping	建平2
jianpu	俭朴2
jianpuzhai	柬埔寨2
jianqi	建起2
jianqiang	坚强3
jianqiao	建桥2|剑桥2|剑鞘2
jianqing	减轻3
jianqu	减去2
jianquan	健全3
jianren	兼任3|贱人2|坚韧2|奸人2
jianrong	兼容2
jianrui	尖锐2
jianruo	减弱2
jianshang	肩上2|鉴赏2
jianshao	减少3
jianshe	建设4
jianshelu	建设路2
jianshen	健身2
jianshexing	建设性2
jianshi	监视3|见识2|坚实2|简史2|监事2
jianshihui	监事会2
jianshixian	建始县2
jianshou	坚守2
jianshu	剑术2|建树2|减数2
jiansu	减速2
jiansuo	检索2
jianta	践踏2
jiantao	检讨2
jianting	舰艇3|监听2
jiantizi	简体字2
jiantou	肩头3|箭头2
jiantui	减退2
jianu	家奴2
jianwen	见闻2
jianwendi	建文帝2
jianxi	间隙2|奸细2
jianxian	艰险2
jianxiao	减小2|见效2
jianxie	间歇2
jianxin	艰辛2|坚信2
jianxing	碱性2
jianya	减压2
jianyan	检验3
jianyao	简要2
jianyi	建议3|简易2|检疫2|坚毅2
jianyin	奸淫2
jianying	坚硬2|兼营2
jianyong	兼用2
jianyou	建有3|兼有2
jianyu	见于3|监狱2|建于2|鉴于2
jianyuan	减员2
jianyue	检阅2
jianzai	舰载2
jianzao	建造3
jianzei	奸贼2
jianzhang	见长3|舰长2
jianzheng	见证2
jianzhengren	见证人2
jianzhi	简直3|建制3|兼职2|舰只2|减值2
jianzhu	建筑4
jianzhuang	健壮2|见状2
jianzhuqun	建筑群3
jianzhushi	建筑师2
jianzhuwu	建筑物3
jianzhuxue	建筑学2
jianzhuye	建筑业3
jianzi	剪子2
jiaoao	骄傲2
jiaoban	搅拌2
jiaoben	脚本3
jiaobu	脚步3
jiaobusheng	脚步声2
jiaocai	教材3
jiaocha	较差2|交叉2
jiaochadian	交叉点2
jiaoche	轿车2
jiaochu	交出2
jiaocuo	交错2
jiaoda	较大3
jiaodai	交代2|交待2
jiaodao	教导2|交到2
jiaodi	脚底2
jiaodian	焦点2
jiaodu	角度3
jiaoer	焦耳2
jiaofa	教法2
jiaofei	剿匪2
jiaofeng	交锋2
jiaofu	交付2|轿夫2
jiaoge	交割2
jiaogei	交给3|教给2
jiaogen	脚跟2
jiaogongli	焦公礼2
jiaoguan	教官2
jiaohan	叫喊2
jiaohao	叫好2
jiaoheng	骄横2
jiaohu	交互2
jiaohua	叫化2|狡猾2|教化2
jiaohuan	交换3|叫唤2|交还2
jiaohuang	教皇2|焦黄2
jiaohuanji	交换机2
jiaohuazi	叫化子2
jiaohui	教会3|交汇2|教诲2|交会2
jiaohuo	交货2|缴获2
jiaohuozhi	交货值2
jiaoji	焦急2|交际2|交集2
jiaojiaozhe	佼佼者2
jiaojie	交界2|交接2
jiaojiechu	交界处2
jiaojing	交警2
jiaokan	校勘2
jiaokeshu	教科书2
jiaoku	叫苦2
jiaolian	教练3
jiaoliang	较量2
jiaolianji	教练机2
jiaolianyuan	教练员2
jiaolianzu	教练组2
jiaoliu	交流3
jiaoliuxian	焦柳线2
jiaolou	角楼2
jiaolu	焦虑2
jiaoluo	角落2
jiaoma	叫骂2
jiaomai	叫卖2
jiaomie	剿灭2
jiaomin	教民2
jiaomo	角膜2
jiaona	缴纳2|交纳2
jiaonang	胶囊2
jiaonen	娇嫩2
jiaopai	教派2
jiaopan	绞盘2
jiaopei	交配2
jiaopian	胶片2
jiaoqing	交情2
jiaoqiu	角球2
jiaoqu	郊区2
jiaorang	叫嚷2
jiaorong	交融2
jiaose	脚色2
jiaoshang	交上2
jiaoshanhe	焦山河2
jiaoshe	交涉3
jiaosheng	叫声2
jiaoshi	教师3|教室2|教士2|礁石2
jiaoshou	教授3|交手2
jiaoshu	教书2
jiaota	脚踏2
jiaotan	交谈2|焦炭2
jiaotang	教堂3
jiaoti	交替2|胶体2
jiaoting	教廷2
jiaotong	交通4
jiaotongbu	交通部2
jiaotongyuan	交通员2
jiaotou	教头2
jiaotu	教徒2
jiaowai	郊外2
jiaowaner	焦宛儿2
jiaowang	交往3
jiaowei	较为3|教委2
jiaowu	教务2
jiaoxia	脚下3
jiaoxiangqu	交响曲2
jiaoxiangyue	交响乐2
jiaoxiao	叫嚣2
jiaoxing	侥幸2|叫醒2
jiaoxingjia	绞刑架2
jiaoxue	教学3
jiaoxun	教训3
jiaoyan	娇艳2
jiaoyang	教养2
jiaoyanshi	教研室2
jiaoyi	交易3|教义2|交椅2
jiaoyihui	交易会2
jiaoyin	脚印2
jiaoyiri	交易日2
jiaoyisuo	交易所2
jiaoyou	交由2
jiaoyu	教育4
jiaoyuan	教员2
jiaoyubu	教育部3
jiaoyujia	教育家2
jiaoyuju	教育局2
jiaoyuting	教育厅2
jiaoyuxue	教育学2
jiaozao	焦躁2
jiaozhan	交战2
jiaozheng	校正2|矫正2
jiaozhi	交织2|角质2|较之2|胶质2
jiaozhigong	教职工2
jiaozhixian	焦枝线2
jiaozhiyuan	教职员2
jiaozhong	教众2
jiaozhu	教主3|浇注2|叫住2
jiaozhuo	焦灼2
jiaozi	轿子2|饺子2
jiaozuo	叫做3|叫作3
jiapeng	加蓬2
jiaqi	假期2|架起2
jiaqian	价钱2
jiaqiang	加强4
jiaqiao	架桥2|甲壳2
jiaqin	家禽2
jiaqing	嘉庆2
jiaquan	甲醛2
jiare	加热3
jiaren	家人2|嫁人2|佳人2
jiari	假日2
jiariban	假日办2
jiaru	加入3|假如3
jiaruo	假若2
jiasha	袈裟2
jiashan	假山2
jiashang	加上3|架上2
jiashe	假设3|架设2
jiashen	加深2
jiashi	驾驶2|假使2|家事2|架势2
jiashicang	驾驶舱2
jiashiyuan	驾驶员2
jiashu	家属3|家数2
jiashui	加水2
jiashuo	假说2
jiasu	加速3
jiasudu	加速度2
jiasuo	枷锁2
jiasuqi	加速器2
jiataiji	迦太基2
jiating	家庭3
jiawan	甲烷2
jiawei	价位2
jiawu	家务3|甲午2
jiaxi	加息2
jiaxiang	家乡3|假象2|假想2
jiaxin	加薪2
jiaxing	嘉兴2
jiaya	加压2
jiayao	佳肴3
jiaye	家业2
jiayi	加以3|假意2
jiayibin	贾亦斌2
jiayingting	贾英廷2
jiayong	家用2
jiayou	加油2
jiayouji	加油机2
jiayu	甲鱼2|驾驭2
jiayuan	家园2
jiayuxian	嘉鱼县2
jiaza	夹杂2
jiazhang	家长3
jiazhangshi	钾长石2
jiazhi	价值4|加之2|茄汁2
jiazhiguan	价值观2
jiazhijie	贾志杰2
jiazhiliang	价值量2
jiazhong	家中3|加重3
jiazhou	加州2
jiazhu	加筑2|家主2
jiazhuang	假装2|加装2|嫁妆2
jiazhuangxian	甲状腺2
jiazi	架子2
jiazigong	架子工2
jiazu	家族3
jiazuo	佳作2
jibai	击败3|几百2
jibaijin	几百斤2
jibainian	几百年2
jibei	几杯2|脊背2|几倍2
jiben	基本4
jibenfa	基本法2
jibengong	基本功2
jibenmian	基本面2
jibenshang	基本上3
jibi	击毙2
jibian	即便3|几遍2
jibie	级别3
jibing	疾病3
jibu	几步3|基部2|缉捕2
jicang	机舱2
jice	计策2
jiceng	基层3|几层2
jicha	级差2|稽查2
jichang	机场3|几场2
jiche	机车2
jichen	击沉2
jicheng	继承3|集成2
jichengquan	继承权2
jichengren	继承人2
jichi	疾驰2|急驰2
jichu	基础4|几处2|挤出2|击出2
jichuan	击穿2
jichuang	机床2
jichuxing	基础性2
jici	几次3|讥刺2
jicongcong	急匆匆2
jicu	急促2
jicun	寄存2
jida	极大3|击打2|吉达2
jidai	几代2
jidan	鸡蛋3|忌惮2
jidang	激荡2
jidao	几道2
jide	记得3|基德2
jidi	基地4|极地2|基底2
jidian	机电2|几点2|极点2|祭奠2
jidiao	基调2
jiding	既定2
jidong	激动3|机动3
jidongche	机动车2
jidongxing	机动性2
jidu	季度3|极度2|嫉妒2|基督2
jiduan	极端3
jidujiao	基督教3
jie	饥饿2
jiebai	洁白2|结拜2
jieban	结伴2
jiebanren	接班人2
jiebao	解宝2
jiebei	戒备2
jiebing	结冰2
jieceng	阶层3
jiecheng	结成3
jiechi	劫持2
jiechu	接触3|杰出3|解除3
jieda	解答2
jiedai	接待3|借贷2
jiedairi	接待日2
jiedao	街道3|接到3|戒刀2
jiedi	接地2
jiedian	节点2
jieding	界定2
jiedu	解读2|解毒2
jieduan	阶段3|截断2
jieduanxing	阶段性2
jiedushi	节度使3
jieer	姐儿2
jiefa	揭发2
jiefang	解放3|街坊2
jiefanghou	解放后2
jiefangjun	解放军3
jiefanglu	解放路2
jiefangqian	解放前2
jiefangqu	解放区3
jiefu	姐夫2
jiegan	秸秆2
jiegei	借给2
jiegou	结构4
jiegouxing	结构性2
jiegu	解雇2
jieguan	接管2
jiegui	接轨2
jieguo	结果4|接过3
jiehe	结合3|结核2|界河2
jiehebu	结合部2
jiehou	节后2
jiehun	结婚3
jiehuo	截获2
jieji	阶级3|借机2|截击2|接济2|结集2
jiejian	借鉴2|接见2|节俭2
jiejiao	结交2
jiejiari	节假日2
jiejie	姐姐3|结节2
jiejin	接近3
jiejing	结晶2|洁净2|捷径2
jiejiu	解救2
jieju	结局2
jiejue	解决4
jiekai	解开3|揭开2
jieke	捷克2
jiekexun	杰克逊2
jiekou	借口3|接口2
jiekuan	借款2
jiekun	解困2
jieli	竭力3|接力2|借力2
jielian	接连3
jieling	界岭2
jielu	揭露3|戒律2|节律2
jielue	劫掠2
jielun	结论3
jiemao	睫毛2
jiemei	姐妹2
jiemeng	结盟2
jiemi	解密2
jiemian	界面2|截面2
jiemu	节目3|揭幕2
jiena	接纳2
jienan	劫难2
jieneng	节能2
jiepai	节拍2
jiepou	解剖2
jiepouxue	解剖学2
jieqian	借钱2|节前2
jieqing	节庆2
jier	继而2
jieran	截然2
jierang	接壤2
jieren	接任2
jieri	节日3
jieru	介入2|接入2
jiesan	解散2
jieshang	街上3|接上2
jieshao	介绍3
jiesheng	节省2
jieshi	解释3|揭示3|届时2|结实2|结识2|街市2
jieshou	接受4|接收3|接手2
jieshouji	接收机2
jieshu	结束3
jieshuo	解说2
jiesong	接送2
jiesu	借宿2
jiesuan	结算2
jieti	阶梯2|解体2|接替2|解题2
jieting	接听2
jietong	接通2
jietou	街头3|接头2
jietuo	解脱2
jiewei	结为2|解围2|结尾2
jiexi	解析2
jiexia	结下2
jiexialai	接下来3
jiexian	界限2|界线2
jiexiang	街巷2
jiexiao	揭晓2
jieyan	戒严2|戒烟2
jieyi	借以2|介意2|结义2
jieying	接应2
jieyong	借用2
jieyu	介于2
jieyue	节约2
jiezhe	接着3|借着2
jiezhi	截止3|截至3|介质2|节制2|戒指2
jiezhong	接种2
jiezhu	借助2|截住2
jiezhuyu	借助于2
jiezi	介子2
jiezou	节奏3
jiezuo	杰作2
jifa	激发3|技法2|继发2
jifan	几番2
jifang	己方2|机房2
jifatai	激发态2
jifen	几分3|积分2
jifenbang	积分榜2
jifeng	季风2|讥讽2|疾风2
jifengxing	季风性2
jifenzhong	几分钟2
jifu	肌肤2|极富2|基辅2
jigai	技改2
jige	几个4|及格2
jigen	几根2
jigong	技工2
jigou	机构4
jigu	击鼓2
jiguan	机关4|籍贯2
jiguanbao	机关报2
jiguang	激光3
jiguangqi	激光器2
jihao	极好2|记号2
jihe	集合3|几何3
jihelun	集合论2
jiheti	集合体2
jihexue	几何学2
jihousai	季后赛2
jihu	几乎3
jihua	计划4|激化2|极化2
jihuan	疾患2
jihuang	饥荒2
jihuashu	计划数2
jihui	机会3|集会3|忌讳2|击毁2|几回2
jihuo	激活2
jiji	积极3|唧唧2
jijia	几家2
jijian	几件2|基建2|纪检2|击剑2
jijiang	即将3
jijianzu	纪检组2
jijiao	计较2
jijiazui	季家嘴2
jijie	季节3|集结2
jijiexing	季节性2
jijin	基金3|激进2
jijing	寂静2|几经2|机警2
jijinhui	基金会2
jijiu	急救2
jijixing	积极性3
jiju	几句3|急剧2|积聚2|集聚2
jike	即可3|即刻2|几颗2
jikou	几口2
jiku	疾苦2
jikuai	几块2
jikui	击溃2
jile	极了3
jilei	积累3|几类2
jili	激励3|极力2|机理2|吉利2|祭礼2
jiliang	计量2|剂量2|季梁2|伎俩2|脊梁2
jilie	激烈3
jiling	即令2|机灵2
jilinsheng	吉林省2
jiliu	急流2|激流2
jilong	基隆2
jilu	记录3|纪录3|纪律3|几率2|辑录2
jiluo	击落2
jilupian	纪录片2
jiman	挤满2
jimang	急忙3
jimi	机密2|羁縻2|吉米2
jimin	饥民2|机敏2
jiming	几名2
jimo	寂寞2
jimou	计谋2
jimu	极目2|继母2
jinan	济南3|近岸2
jinanshi	济南市2
jinbi	紧闭3|进逼2|金币2
jinbian	金边2
jinbiaosai	锦标赛2
jinbing	进兵2|金兵2
jinbinghua	金炳华2
jinbo	金箔2
jinbu	进步3|禁捕2
jinbuzhu	禁不住2
jinchaji	晋察冀2
jinchang	进场2
jincheng	进程3|进城3|近程2|金城2
jinchi	矜持2
jinchu	进出2|近处2
jinchukou	进出口2
jinciyu	仅次于3
jincou	紧凑2
jindai	近代3|金代2|晋代2
jindaishi	近代史2
jindaoxiu	金刀绣2
jinde	今德2
jindi	禁地2
jindian	金殿3
jindou	筋斗2
jindu	进度2|禁毒2
jinduan	锦缎2
jine	金额3
jineiya	几内亚2
jineng	技能3|机能2
jiner	进而3|今儿2|劲儿2
jinerge	今儿个2
jinfa	进发2|金发2
jinfan	进犯2|今番2
jingai	敬爱2
jingang	金刚2
jingangshi	金刚石2
jingbao	警报2|京报2
jingbei	警备2
jingbing	精兵2
jingbu	颈部2
jingbuqi	经不起2
jingcai	精彩3
jingcha	警察3|惊诧2
jingchang	经常3
jingchangxing	经常性2
jingcheng	京城3
jingchui	颈椎2
jingdai	惊呆2
jingdao	粳稻2
jingdeqi	经得起2
jingdezhen	景德镇2
jingdi	境地2|劲敌2
jingdian	景点3|经典3|静电2
jingdong	惊动2|荆东2
jingdu	精度2|京都2
jinge	惊愕2
jingen	紧跟2
jingenzhe	紧跟着2
jingfang	警方2
jingfei	经费3
jingfeng	劲风2
jingfu	荆府2
jinggan	竟敢2|精干2
jinggangshan	井冈山2
jinggao	警告3
jingguan	景观3|警官2|经管2|京官2
jingguang	京广2|精光2
jingguangxian	京广线2
jingguo	经过4
jinghai	惊骇2
jinghan	京汉2
jinghu	惊呼2|京沪2
jinghua	精华3|净化2
jinghuang	惊慌2|惊惶2
jinghun	精魂2
jingji	经济4|竞技2|荆棘2|经纪2|经籍2
jingjian	精简2
jingjiang	荆江3
jingjiangbo	经江波2
jingjiao	惊叫2
jingjidai	经济带2
jingjie	境界3|警戒2
jingjifa	经济法2
jingjilin	经济林2
jingjing	静静2
jingjingde	静静的2
jingjingdi	静静地2
jingjiren	经纪人2
jingjiu	敬酒2
jingjiuxian	京九线2
jingjixing	经济型2
jingjixue	经济学3
jingju	京剧2|惊惧2
jingjue	警觉2|精绝2|惊觉2
jingkong	惊恐2|净空2
jingkou	井口2
jingkuang	境况2
jingli	经历3|经理3|精力3|敬礼2
jinglian	精炼2
jingliang	精良2
jingling	竟陵2|精灵2
jingliren	经理人2
jinglirun	净利润2
jingliu	径流2
jingliuliang	径流量2
jinglu	劲旅2
jingluan	痉挛2
jinglue	经略2
jingluo	经络2
jingmai	静脉2|经脉2
jingmao	经贸2
jingmei	精美3
jingmen	荆门3
jingmenshi	荆门市3
jingmi	精密2
jingmiao	精妙2
jingming	精明2
jingmo	静默2
jingnanfu	荆南府2
jingnei	境内3
jingong	进攻3|进宫2|进贡2
jingpei	敬佩2
jingpi	精辟2
jingpian	镜片2
jingpin	精品3
jingqi	惊奇2|旌旗2|景气2
jingqiao	精巧2
jingqiaoqiao	静悄悄2
jingqing	敬请2
jingqu	景区3
jingquan	警犬2
jingque	精确3
jingran	竟然3
jingren	惊人3
jingrui	精锐2
jingsai	竞赛3
jingse	景色2
jingsha	荆沙2
jingshan	京山2|景山2
jingshang	经商2
jingshanxian	京山县2
jingshashi	荆沙市2
jingshen	精神4|精深2
jingshenbing	精神病2
jingshi	竟是3|京师2|晶石2|警示2
jingshou	经受2
jingshu	经书2
jingsui	精髓2
jingtai	静态2
jingtan	惊叹2
jingti	晶体3|警惕2
jingtiguan	晶体管2
jingting	静听2
jingtong	精通2
jingtou	镜头2
jingtu	净土2
jingu	筋骨2|禁锢2
jinguan	尽管3|金冠2|进关2
jinguang	金光2
jingubang	金箍棒2
jinguo	金国2|晋国2
jingwai	境外2
jingwei	警卫2|敬畏2|精微2
jingweidui	警卫队2
jingwen	经文2
jingwu	景物2
jingxi	精细3|惊喜2|京西2|晶系2
jingxia	惊吓2|井下2
jingxian	敬献2|惊险2
jingxiang	景象3|竞相2|径向2
jingxiao	经销2
jingxiaoshang	经销商2
jingxin	精心3
jingxing	惊醒2
jingxuan	竞选2|精选2
jingxue	经学2
jingya	惊讶3
jingyan	经验3
jingyang	敬仰2
jingye	敬业2|精液2
jingyi	惊异2|惊疑2|敬意2
jingyicai	荆宜菜2
jingying	经营3|精英2|晶莹2
jingyingzhe	经营者2
jingyou	经由2
jingyu	精于2|境遇2
jingyuan	经院2
jingzhan	精湛2
jingzhaoyin	京兆尹2
jingzheng	竞争3
jingzhengli	竞争力3
jingzhengzhe	竞争者2
jingzhi	精致2|径直2|静止2|精制2|景致2
jingzhong	敬重2|警钟2
jingzhou	荆州4
jingzhouqu	荆州区2
jingzhoushi	荆州市3
jingzi	镜子2|精子2|径自2|竟自2
jingzichan	净资产2
jingzu	京族2
jingzuo	静坐2
jinhai	近海2
jinhou	今后3
jinhu	近乎2
jinhua	进化3|金花2|金华2
jinhualun	进化论2
jinhuang	金黄2
jinhuangse	金黄色2
jinian	几年3|纪念3|纪年2
jinianbei	纪念碑2
jinianguan	纪念馆2
jinianpin	纪念品2
jinianri	纪念日2
jinianshi	纪念室2
jinianzhan	纪念展2
jinima	吉尼玛2
jinji	紧急3|禁忌2|晋级2|金鸡2|进击2
jinjian	进谏2|晋见2
jinjiang	锦江2|金奖2
jinjiao	近郊2
jinjiezhe	紧接着2
jinjin	仅仅3|紧紧3
jinjing	进京2
jinjun	进军3|禁军2
jinjunshan	金俊山2
jinjunwu	金俊武2
jinkao	紧靠2
jinkeneng	尽可能3
jinkou	进口3
jinkuai	尽快3
jinkuang	近况2|金矿2
jinlai	进来3|近来3
jinli	尽力2|劲力2|金利2
jinlian	金莲2
jinliang	尽量3
jinling	金陵2|禁令2
jinlun	金轮2
jinlunfa	金轮法2
jinluo	金锣2
jinlusheng	金鲁生2
jinmen	进门2|金门2
jinmi	紧密3
jinnan	津南2|晋南2
jinnian	今年3|近年2
jinnianlai	近年来3
jinpai	金牌2
jinpao	浸泡2
jinping	金平2
jinpingmei	金瓶梅2
jinpo	紧迫2
jinpogan	紧迫感2
jinpu	金铺2|津浦2
jinqi	近期3|锦旗2
jinqian	金钱3|近前2
jinqianbao	金钱豹2
jinqin	近亲2
jinqing	尽情2
jinqiu	进球3|金秋2
jinqu	进去3|禁区2|进取2
jinque	紧缺2
jinran	浸染2
jinren	今人2
jinri	今日4|近日3
jinricheng	金日成2
jinrong	金融3
jinrongye	金融业2
jinru	进入4
jinrun	浸润2
jinse	金色2
jinshajiang	金沙江2
jinshan	金山2|进山2
jinshe	金蛇2
jinshen	谨慎3|进深2|缙绅2
jinsheng	晋升2|今生2
jinshi	进士3|金石2|进食2|近世2|近视2
jinshu	金属3|尽数2
jinshui	进水2
jinshuihe	金水河2
jinshuiqiao	金水桥2
jinshukuang	金属矿2
jinsi	近似2|金丝2
jinsihou	金丝猴2
jinsui	紧随2
jinsuo	紧缩2
jintai	金台2
jintian	今天4
jintie	津贴2|紧贴2
jintou	尽头2|浸透2|劲头2
jintui	进退2
jinu	妓女2|激怒2
jinwan	今晚3
jinwen	金文2
jinwu	进屋2
jinxiandai	近现代2
jinxienian	近些年2
jinxin	尽心2
jinxing	进行4|金星2
jinxingqu	进行曲2
jinxiu	进修2|锦绣2
jinxueceng	金学曾2
jinya	金牙2
jinyan	金嫣2
jinyao	紧要2
jinye	今夜2
jinyi	锦衣2
jinyibu	进一步4
jinyin	金银3
jinyiwei	锦衣卫2
jinyong	金庸2|禁用2
jinyu	近于2
jinyuan	金元2
jinyuanbao	金元宝2
jinyun	禁运2
jinzao	尽早2
jinzhan	进展3
jinzhang	紧张3
jinzhao	今朝2
jinzhen	金针2
jinzhengri	金正日2
jinzhengyang	今正阳2
jinzhi	禁止3
jinzhong	尽忠2
jinzhou	锦州2
jinzhu	进驻2
jinzi	金子2
jinzita	金字塔2
jiongpo	窘迫2
jipao	机炮2
jipeiding	吉佩定2
jipiao	机票2
jipin	极品2
jipo	击破2
jipu	吉普2
jipuche	吉普车2
jiqi	及其4|机器3|极其3|激起3|祭器2
jiqian	几千2
jiqiang	机枪3
jiqiannian	几千年2
jiqiao	技巧3
jiqie	急切2
jiqing	激情3
jiqiren	机器人2
jiqiu	击球2
jiqu	汲取2
jiqun	集群2|机群2
jiran	既然3
jiren	继任2|己任2
jiri	几日2|即日2
jirou	肌肉3|鸡肉2
jiru	计入2
jisan	集散2
jisandi	集散地2
jishang	机上2
jishao	极少3
jishaoshu	极少数2
jishen	跻身2|机身2
jisheng	几声2|寄生2
jishengchong	寄生虫2
jishi	即使3|及时3|几时2|即时2|几十2|集市2
jishige	几十个2
jishijin	几十斤2
jishinian	几十年3
jishiwan	几十万2
jishizhang	几十张2
jishou	棘手2
jishu	技术4|记述2|基数2|级数2|计数2|记数2
jishui	积水2
jishuxing	技术性2
jishuyuan	技术员2
jisi	祭祀3|祭司2
jisu	激素3|急速2
jisuan	计算3
jisuanji	计算机3
jisuanqi	计算器2
jisui	脊髓2|几岁2
jitan	祭坛2
jitang	鸡汤2
jiti	集体3|机体2|计提2
jitian	几天3|祭天2
jitiao	几条2
jitingting	季婷婷2
jitou	机头2
jituan	集团4|基团2
jituanjun	集团军2
jitui	击退2
jituo	寄托2
jiuba	酒吧2
jiubao	酒保2
jiubei	酒杯2
jiubing	救兵2
jiubu	旧部2
jiucai	酒菜2|韭菜2
jiuchan	纠缠2
jiucheng	旧城2|九成2
jiuchi	九尺2
jiuchong	九重2
jiuchu	救出2
jiuci	就此3
jiuda	九大2
jiudian	酒店3|九点2
jiuding	九鼎2
jiudu	就读2
jiufen	纠纷3
jiuge	九个2|纠葛2
jiugongshan	九宫山2
jiuguo	救国2
jiuguotuan	救国团2
jiuhou	酒后2
jiuhu	救护2|酒壶2
jiuhuche	救护车2
jiuhui	酒会2
jiuhuo	救火2|救活2|旧货2
jiuji	救济2|纠集2
jiujia	酒家2
jiujian	九间2
jiujiang	九江2
jiujin	就近2
jiujing	究竟3|酒精2
jiujingdeng	酒精灯2
jiujinshan	旧金山2
jiujiu	舅舅2|久久2
jiuliang	酒量2
jiuliu	久留2
jiulong	九龙2
jiulou	酒楼2
jiumei	久美2
jiumen	九门2
jiuming	救命2
jiunian	九年3
jiupin	九品2
jiuping	酒瓶2
jiuqing	九卿2
jiuqu	九曲2
jiuquan	酒泉2
jiurang	就让3
jiuren	救人2|就任2
jiuri	旧日2|九日2
jiurou	酒肉2
jiushehui	旧社会2
jiusheng	救生2
jiushi	就是3|九十2|酒食2|旧时2|旧事2
jiushishuo	就是说2
jiusuan	就算3
jiutian	九天2
jiuwei	就位2|久违2
jiuwen	旧闻2
jiuwu	九五2
jiuxi	酒席2
jiuxian	九线2
jiuxu	就绪2
jiuxue	就学2
jiuyan	酒宴2
jiuyang	九阳2|久仰2
jiuyao	就要3
jiuye	就业3|九叶2
jiuyelu	就业率2
jiuyi	就医2|久已2
jiuyou	旧有2
jiuyuan	救援2|久远2
jiuyue	九月2
jiuzai	救灾2
jiuzhaigou	九寨沟2
jiuzhang	九章2|九丈2
jiuzhen	就诊2
jiuzheng	纠正3
jiuzhi	旧址3|救治2|旧制2|就职2
jiuzhou	九州2
jiuzhu	救助2
jiwan	几万2
jiwanpian	几万片2
jiwei	极为3|几位3|即位3|继位2|计委2|纪委2
jiwen	积温2|祭文2
jiwu	机务2
jixia	几下3|记下2
jixian	极限2|基线2
jixiang	吉祥2|迹象2|吉象2|几项2
jixiangpai	吉象牌2
jixiao	极小2|绩效2|讥笑2
jixie	机械3
jixiechang	机械厂2
jixiehua	机械化2
jixing	急性2|畸形2|机型2|极性2|记性2|即兴2
jixinpeng	吉新鹏2
jixiong	吉凶2
jixu	继续4|积蓄2|急需2
jixue	积雪2
jixun	集训2
jiya	挤压2|积压2
jiyan	几眼2|基岩2
jiyang	寄养2|几样2|给养2
jiyao	纪要2
jiye	基业2
jiyi	技艺3|记忆3|机翼2|计议2
jiyili	记忆力2
jiyin	基因3
jiyou	既有3
jiyu	给予3|基于3|机遇3|急于2|给与2|觊觎2
jiyuan	妓院2|机缘2
jiyue	激越2
jizai	记载3|机载2
jizan	积攒2
jizao	及早2|急躁2
jizeng	激增2
jizhan	激战2
jizhang	几张2
jizhao	几招2
jizhe	记者4
jizhehui	记者会2
jizhen	集镇2
jizhi	机制3|及至2|极致2|几只2|机智2|基质2
jizhong	集中3|几种3|击中2
jizhongdi	集中地2
jizhongying	集中营2
jizhou	济州2|蓟州2|冀州2
jizhu	记住3|机主2|寄主2|脊柱2
jizhuangxiang	集装箱2
jizhui	脊椎2
jizhun	基准2
jizi	集资2
jizu	机组2|祭祖2
jizuo	基座2|极左2|几座2
juandai	倦怠2
juankuan	捐款2
juanqi	卷起2
juanru	卷入2
juanshu	眷属2
juanxian	捐献2
juanyan	卷烟2
juanzeng	捐赠2
juanzi	卷子2
juanzong	卷宗2
juban	举办3
jubao	举报2
jubei	具备3|举杯2
juben	剧本2
jubian	剧变2|巨变2
jubing	举兵2
jubu	局部3
juchang	剧场2
jucheng	据称2
juchi	锯齿2
juchu	举出2
juci	据此3
jucuo	举措2
juda	巨大3
judian	据点2
judong	举动3
judu	剧毒2
juduo	居多2
jue	巨额2
juebi	绝壁2
juebu	绝不3|决不2
juebuhui	决不会2
juebuneng	决不能2
juece	决策3
juecezhe	决策者2
juecha	觉察2
juede	觉得4
jueding	决定4|绝顶2
juedingxing	决定性2
juedou	决斗2
jueduan	决断2
juedui	绝对3
juefei	绝非2|决非2
jueji	决计2|绝技2|绝迹2
juejiang	倔强2
juejing	绝境2
jueju	绝句2
juekou	决口2
juelie	决裂2
juelun	绝伦2
juemiao	绝妙2
juemie	绝灭2
jueqi	崛起2
jueqiao	诀窍2
jueqing	绝情2
juequ	攫取2
juesai	决赛3
juese	角色3
juesheng	决胜2
jueshi	爵士2|绝世2
juesuan	决算2
juewang	绝望2
juewei	爵位2
juewu	觉悟2|绝无2|决无2
juexin	决心3
juexing	觉醒2
jueyi	决议3|决意2
jueyian	决议案2
jueyuan	绝缘2
jueze	抉择2
juezhan	决战2
juezhao	绝招2
juezhe	觉着2
juezhu	角逐2
jufeng	飓风2
jufu	巨幅2
jugong	鞠躬2
juhao	句号2
juhe	聚合2
juhewu	聚合物2
juhua	菊花2
juhui	聚会2
juji	聚集3|狙击2
jujian	举荐2
jujiao	聚焦2
jujin	拘谨2
juju	聚居2|句句2
jujue	拒绝3|咀嚼2
julang	巨浪2
julebu	俱乐部3
juli	距离3|举例2|居里2
julian	聚敛2
julie	剧烈3
juliu	拘留2|居留2
julun	巨轮2
juluo	聚落2
jumian	局面3
jumin	居民3
juminqu	居民区2
jumu	剧目2
junbao	军报2
junbei	军备2
junbingzhong	军兵种2
junbu	军部2
junchen	君臣2
jundeng	均等2
jundui	军队4
junfa	军阀3|军法2
junfang	军方3
junfei	军费2
junfenqu	军分区2
junfu	军服2
jungang	军港2
jungong	竣工2|军工2
junguan	军官3
junheng	均衡2
junhuo	军火2
juni	拘泥2
junji	军机2|军纪2
junjian	军舰3
junjichu	军机处2
junjing	军警3
junli	军力2
junliang	军粮2
junling	军令2
junlingzhuang	军令状2
junlu	军旅2
junma	军马3|骏马2
junmei	俊美2
junmin	军民3
junqi	军器2
junqing	军情2
junqu	军区3
junquan	君权2
junren	军人3
junrong	军容2
junshi	军事4|军师3|军士3
junshijia	军事家2
junshou	军售2
juntuan	军团2
junwang	君王2|郡王2
junwei	军委2
junweihui	军委会2
junwu	军务2
junxian	军衔2|郡县2
junxiang	军饷2
junxianzhi	郡县制2
junxiao	军校2
junxie	军械2
junxin	军心2
junxu	军需2
junxun	军训2
junyi	军医2
junying	军营2
junyong	军用3
junyun	均匀3
junzhang	军长2
junzheng	军政2
junzhengfu	军政府2
junzhong	军中3|军种2
junzhu	君主3|郡主2
junzhuang	军装2
junzhuzhi	君主制2
junzi	君子2
jupa	惧怕2
juqi	举起2
juqing	剧情2
juquan	俱全2
juran	居然3
juren	举人2|巨人2
jusang	沮丧2
jushe	剧社2
jushi	局势3|巨石2|居士2|居室2|举世2
jushou	举手2
jushu	拘束2
jushuo	据说3
juti	具体3
jutong	剧痛2
jutou	巨头2
jutuan	剧团2
juweihui	居委会2
juwenpei	居文沛2
juxi	据悉3
juxian	局限2
juxiang	巨响2
juxianxing	局限性2
juxing	举行4|巨型2|矩形2|巨星2
juyong	居庸2
juyongguan	居庸关2
juyou	具有4
juyu	居于2
juyuan	剧院2
juyuwang	局域网2
juzhang	局长3
juzhao	剧照2
juzhen	矩阵2
juzhi	举止2
juzhong	居中2|剧中2|剧种2|聚众2|举重2
juzhu	居住3|巨著2
juzhudi	居住地2
juzhuqu	居住区2
juzi	句子2|举子2|巨资2
juzuo	剧作2
juzuojia	剧作家2
kabinqiang	卡宾枪2
kacha	咔嚓2
kache	卡车2
kaer	卡尔2
kafei	咖啡3
kafeiguan	咖啡馆2
kaiban	开办2
kaicai	开采3
kaichang	开场2
kaichangbai	开场白2
kaiche	开车2
kaichu	开出2|开除2
kaichuang	开创3
kaidao	开导2
kaidian	开店2
kaidong	开动2
kaiduan	开端2
kaien	开恩2
kaiensi	凯恩斯2
kaifa	开发4
kaifang	开放3
kaifangshi	开放式2
kaifaqu	开发区3
kaifashang	开发商2
kaifaxing	开发型2
kaifeng	开封3
kaifengfu	开封府2
kaifu	开赴2
kaigong	开工2
kaiguan	开关2
kaiguo	开国3
kaihua	开花2
kaihui	开会3
kaijia	铠甲2
kaijiang	开奖2
kaijin	开进2
kaiju	开局2
kaiken	开垦2
kaikou	开口3
kaikuo	开阔2
kailai	开来3
kailang	开朗2
kailie	开裂2
kailuo	开罗2
kaimen	开门2
kaiming	开明2
kaimo	楷模2
kaimu	开幕2
kaimuci	开幕词2
kaimushi	开幕式2
kaipan	开盘2
kaipao	开炮2
kaipi	开辟3
kaiping	开平2
kaipudun	开普敦2
kaiqi	开启2
kaiqiang	开枪2
kaiqiao	开窍2
kaiqu	开去2
kaisa	凯撒2
kaisai	开赛2
kaishan	开山2
kaishe	开设2
kaishi	开始4|开时2
kaishu	楷书2
kaishui	开水2
kaitan	慨叹2
kaiting	开庭2
kaitong	开通3
kaitou	开头2
kaituo	开拓3|开脱2
kaiwa	开挖2
kaiwang	开往2
kaiwanxiao	开玩笑2
kaiwei	开胃2
kaixiao	开销2
kaixin	开心2
kaixuan	凯旋2
kaixue	开学2
kaiye	开业2
kaiyuan	开元2
kaizao	开凿2
kaizhan	开展3|开战2
kaizhang	开张2
kaizhi	开支3
kala	卡拉2
kaluosi	卡洛斯2
kamailong	喀麦隆2
kanba	看吧2
kanbing	看病2
kanbudao	看不到2
kanbuqi	看不起2
kance	勘测2
kancha	勘察2|勘查2
kancheng	堪称2|看成2
kanchu	看出3
kandai	看待2
kandao	看到4
kandechu	看得出2
kandejian	看得见2
kandeng	刊登2
kandiao	砍掉2
kanfa	看法3|砍伐2
kangai	抗癌2
kangbing	抗病2
kangde	康德2
kangdi	抗敌2
kangfu	康复3
kangfushe	抗辐射2
kanghan	抗旱2
kangheng	抗衡2
kanghong	抗洪2
kangji	抗击2
kangju	抗拒2
kangjun	抗菌2
kangkai	慷慨2
kangkejian	康克俭2
kangmingxun	康明逊2
kangning	康宁2
kangnixing	抗逆性2
kangqing	抗清2
kangqinwang	康亲王2
kangri	抗日3
kangshengsu	抗生素2
kangti	抗体2
kanguan	看管2
kanguo	看过3
kangxi	康熙3
kangyi	抗议3
kangyouwei	康有为3
kangyu	抗御2
kangyuan	抗原2
kangzhan	抗战3
kangzheng	抗争2
kanhao	看好2
kanjian	看见4
kankan	看看3
kanke	坎坷2
kanlai	看来3
kanqilai	看起来2
kanqing	看清2
kanshang	看上2
kanshangqu	看上去3
kanshi	看似2
kanshou	看守2
kanshousuo	看守所2
kanshu	看书2
kantai	看台2
kantan	勘探2
kantou	看透2
kanwang	看望2
kanwu	刊物3
kanxing	刊行2
kanyangzi	看样子2
kanzhe	看着3
kanzhong	看重2|看中2
kanzhun	看准2
kanzuo	看作3|看做2
kaobei	拷贝2
kaobuzhu	靠不住2
kaocha	考察3|考查2
kaochang	考场2
kaochatuan	考察团2
kaoda	拷打2
kaodian	考点2
kaogu	考古3
kaoguan	考官2
kaoguxue	考古学2
kaohe	考核3
kaoji	烤鸡2
kaojin	靠近2
kaojiu	考究2
kaojuan	考卷2
kaolong	靠拢2
kaolu	考虑3
kaoping	考评2
kaoqian	考前2
kaoqu	考取2
kaoru	考入2
kaoshan	靠山2
kaoshang	考上2
kaosheng	考生3
kaoshi	考试3
kaoshiyuan	考试院2
kaoti	考题2
kaoyan	考研3|考验3|烤烟2
kaoyu	烤鱼2
kaozhe	靠着2
kaozheng	考证3
kapian	卡片2
kashi	喀什2
kasite	喀斯特2
kataer	卡塔尔2
kate	卡特2
keai	可爱2
kebei	可悲2
keben	课本2|刻本2
kebi	可比2|科比2
kebian	可变2
kebijia	可比价2
kebo	刻薄2
kebu	可不3|可怖2
kebushi	可不是3
kechang	客场2
keche	客车2
kecheng	课程3
kechi	可耻2
keda	柯达2
kedian	客店2
kedou	蝌蚪2
kedui	客队2
keer	科尔2
kefang	客房2
kefou	可否2
kefu	克服3
keguan	客观3|可观2|客官2
kegui	可贵2
kehan	可汗2
kehao	可好2
kehen	可恨2
kehu	客户3
kehua	刻画2
kehuolun	客货轮2
keji	科技4|客机2
kejian	可见3
kejianguang	可见光2
kejiao	科教2
keju	科举3
kekao	可靠3
kekaoxing	可靠性2
keke	可可2|苛刻2
kekou	可口2|克扣2
keku	刻苦2
kela	克拉2
keli	颗粒2|克里2
kelian	可怜3
kelindun	克林顿2
kelinsi	科林斯2
kelite	克里特2
keliu	客流2
kelong	克隆2|科隆2
kemu	科目2|课目2
kending	肯定3
keneng	可能4
kenengxing	可能性3
kengdao	坑道2
kengdong	坑洞2
kengsheng	吭声2
keni	可逆2
kennidi	肯尼迪2
kenniya	肯尼亚2
kenqie	恳切2
kenqiu	恳求2
kepa	可怕3
kepiao	客票2
kepu	科普2
keqi	客气3
kequ	可取2
keren	客人3
keshang	客商2
keshi	可是4|科室2
keshou	恪守2
keshui	瞌睡2
keshuoshi	可说是2
kesou	咳嗽3
kesuowo	科索沃2
ketang	课堂2|客堂2
ketao	客套2
keti	课题3|客体2
keting	客厅2
ketou	磕头3
kewai	课外2
kewang	渴望3|可望2
kewei	可谓3
keweite	科威特2
kewu	可恶2
kexi	可惜3|可喜2
kexiao	可笑2
kexin	可信2
kexing	可行2|克星2
kexingxing	可行性2
kexue	科学4
kexuejia	科学家3
kexuexing	科学性2
kexueyuan	科学院2
keyan	科研3|可言2
keyi	可以4|可疑2|刻意2
keyong	可用3
keyou	刻有2
keyuan	客源2
keyuese	柯约瑟2
keyun	客运3
kezhan	客栈2
kezhang	科长3
kezhene	柯镇恶2
kezhi	可知2|克制2
kongbai	空白2
kongbu	恐怖3
kongdangdang	空荡荡2
kongdao	孔道2
kongdi	空地2
kongdong	空洞2|崆峒2
konggao	控告2
konggu	控股2
konghe	恐吓2
konghua	空话2
konghuang	恐慌2
kongjian	空间3
kongjiang	空降2
kongjiangbing	空降兵2
kongjie	空姐2
kongjing	孔径2
kongju	恐惧3
kongjun	空军3
kongkong	空空2
kongkuang	空旷2
konglong	恐龙2
kongmiao	孔庙2
kongming	孔明3
kongpa	恐怕3
kongqi	空气3
kongqian	空前3
kongqiu	控球2
kongque	孔雀2|空缺2
kongshou	空手2
kongsu	控诉2
kongtiao	空调2
kongtou	空投2
kongxi	空隙2|空袭2|孔隙2
kongxian	空闲2
kongxiang	空想2
kongxiangfu	孔祥复2
kongxin	空心2
kongxu	空虚2
kongyu	空域2
kongyun	空运2
kongzhan	空战2
kongzhi	控制4
kongzhilun	控制论2
kongzhiqi	控制器2
kongzhiquan	控制权2
kongzhong	空中3
kongzi	孔子3
kouan	口岸2
koubei	口碑2
koucai	口才2
kouchi	口齿2|口吃2
kouchu	扣除2
kouchun	口唇2
koudai	口袋2
koufa	扣发2
koufu	口服2
kougan	口感2
kouhao	口号3
kouhaosheng	口号声2
koujiao	口角2
koujing	口径3
koujue	口诀2
kouke	口渴2
kouli	口里2
kouliang	口粮2
kouling	口令2
kouliu	扣留2
kouqi	口气3
kouqiang	口腔2
koushe	口舌2
koushui	口水2
koushuo	口说2
koutou	叩头2|口头2
kouwei	口味3
kouwen	口吻2
kouxiangtang	口香糖2
kouya	扣押2
kouyin	口音2
kouyu	口语2
kouzhao	口罩2
kouzhong	口中3
kouzi	口子2|扣子2
kuada	夸大2
kuadu	跨度2
kuaguo	跨国2|跨过2
kuai	酷爱2
kuaibu	快步2
kuaiche	快车2
kuaichuan	快船2
kuaidian	快点2
kuaigan	快感2
kuaigong	快攻2
kuaihuo	快活2
kuaiji	会计3
kuaijie	快捷2
kuaijishi	会计师2
kuaikuai	快快2
kuaile	快乐3
kuailuban	蒯鲁班2
kuaiman	快慢2
kuaishilang	蒯侍郎2
kuaisu	快速3
kuaiting	快艇2
kuaixiangguan	蒯祥官2
kuaixiangsi	蒯祥死2
kuaixiangtong	蒯祥同2
kuaiyao	快要2
kuaizhao	快照2
kuaizhuang	块状2
kuaizi	筷子2
kuajiang	夸奖2
kuajin	跨进2
kuake	夸克2
kuanchang	宽敞2
kuanda	宽大2
kuandai	款待2|宽带2
kuandu	宽度2
kuangben	狂奔2
kuangcang	矿藏2
kuangchan	矿产3
kuangchandi	矿产地2
kuangchuang	矿床2
kuangfeng	狂风2
kuanggong	矿工2
kuanggu	旷古2
kuanghuadu	矿化度2
kuanghuan	狂欢2
kuangjia	框架2
kuangjing	矿井2
kuangkaitian	旷开田2
kuangkuang	框框2
kuangqie	况且2
kuangqu	矿区2
kuangquanshui	矿泉水2
kuangre	狂热2
kuangshan	矿山3
kuangshi	矿石2
kuangti	矿体2
kuanguang	宽广2
kuangwang	狂妄2
kuangwu	矿物3
kuangwuzhi	矿物质2
kuangxi	狂喜2
kuangye	矿冶2|旷野2|矿业2
kuanhou	宽厚2
kuankuo	宽阔3
kuanrong	宽容2
kuanshi	款式2
kuanshu	宽恕2
kuansong	宽松2
kuanwei	宽慰2
kuanxiang	款项2
kuanxin	宽心2
kuanyu	宽裕2
kuaru	跨入2
kuashang	跨上2
kuashiji	跨世纪2
kuatai	垮台2
kuate	夸特2
kuayue	跨越2
kuazhang	夸张2
kuchu	苦楚2
kucun	库存2
kufang	库房2
kuhan	哭喊2
kuibai	溃败2
kuidai	亏待2
kuide	亏得2
kuifa	匮乏2
kuifulin	隗福临2
kuihua	葵花2
kuijia	盔甲2
kuijiu	愧疚2
kuile	亏了2
kuilei	傀儡2
kuisan	溃散2
kuisun	亏损3
kuitan	窥探2
kuiwu	魁梧2
kuiyang	溃疡2
kujiao	哭叫2
kujie	枯竭2
kuke	库克2
kuku	苦苦2
kulian	苦练2
kulong	窟窿2
kulou	骷髅2
kumen	苦闷2
kuming	苦命2
kunan	苦难2
kunao	苦恼2
kunbang	捆绑2
kunchong	昆虫3
kunhuo	困惑2
kunjing	困境3
kunku	困苦2
kunlun	昆仑2
kunlunshan	昆仑山2
kunming	昆明3
kunnan	困难3
kunninggong	坤宁宫2
kunqu	昆曲2
kunrao	困扰2
kunshan	昆山2
kuochong	扩充2
kuoda	扩大3
kuojian	扩建3
kuosan	扩散2
kuoye	阔叶2
kuoyelin	阔叶林2
kuoyeshu	阔叶树2
kuozhan	扩展3
kuozhang	扩张3
kuozhao	扩招2
kuqi	哭泣2
kurong	库容2
kuse	苦涩2
kusheng	哭声2
kushuiqi	枯水期2
kusi	酷似2|苦思2
kusu	哭诉2
kutou	苦头2
kuxiao	苦笑2
kuxin	苦心2
kuxing	酷刑2
kuyu	苦于2
kuzao	枯燥2
kuzhan	苦战2
kuzhi	枯枝2
kuzhong	苦衷2
kuzi	裤子2
laba	喇叭2
lachang	拉长2
lache	拉扯2
lading	拉丁2
ladingwen	拉丁文2
ladingyu	拉丁语2
ladong	拉动2
lagenni	拉根尼2
lagu	拉古2
laibin	来宾2
laibixi	莱比锡2
laibuji	来不及3
laidao	来到3
laide	来得2
laideji	来得及2
laidian	来电2
laifang	来访2
laifengxian	来凤县2
laihua	来华2
laihui	来回3
laijiang	来讲2
laijing	来京2
laikan	来看3
laili	来历2
lailin	来临2
lairi	来日2
laishi	来时2|来势2
laishuo	来说4
laiwang	来往2
laixin	来信2
laiyi	赖以2|来意2
laiyin	莱茵2
laiyinhe	莱茵河2
laiyuan	来源3
laiyuanyu	来源于2
laizhe	来者2
laizi	来自3
laji	垃圾3
lajiao	辣椒2
lajiaojiang	辣椒酱2
lajin	拉近2
lakai	拉开3
lala	拉拉2
lalong	拉拢2
lama	喇嘛3
lamei	拉美2
lamu	拉姆2
lanban	篮板2|栏板2
lanbanqiu	篮板球2
lanbu	蓝布2
lancangjiang	澜沧江2
lande	懒得2
landuo	懒惰2
langan	栏杆2
langbei	狼狈2
langchao	浪潮2
langfei	浪费3
langhua	浪花2
langjun	郎君2
langlang	朗朗2
langman	浪漫2
langqun	狼群2
langsong	朗诵2
langxun	朗讯2
langzhong	郎中2
langzi	浪子2
lanheba	拦河坝2
lanhu	兰湖2
lanhua	兰花2
lanjie	拦截3
lanlu	拦路2
lanmu	栏目2
lanqiu	篮球2
lanqiuchang	篮球场2
lanse	蓝色3
lanshili	兰世立2
lantian	蓝天2|蓝田2
lantu	蓝图2
lanxiaomei	蓝小梅2
lanya	蓝牙2
lanyangyang	懒洋洋2
lanyao	拦腰2
lanyong	滥用2
lanzhi	兰芝2
lanzhou	兰州2
lanzhu	拦住2
lanzi	篮子2
lanzu	拦阻2
laoba	老爸2
laobaixing	老百姓3
laoban	老板3|老伴2
laobanniang	老板娘2
laoben	老本2
laobing	老兵2
laobo	老伯2
laochen	老臣2
laoda	老大3
laodanan	老大难2
laodao	老道2|唠叨2
laodenuo	劳德诺2
laodi	老弟2
laodie	老爹2
laodong	劳动4
laodongli	劳动力3
laodongliang	劳动量2
laodongzhe	劳动者3
laoer	老二2
laofang	牢房2
laofoye	老佛爷2
laofu	老夫2|老妇2|老父2
laogao	老高2
laoge	老哥2
laogong	老公3|劳工2
laogonggong	老公公2
laogongren	老工人2
laogu	牢固2
laohan	老汉2
laohu	老虎2
laohua	老化2
laoji	牢记2
laojia	老家2
laojiahuo	老家伙2
laojiang	老将2
laoku	劳苦2
laolaizi	老莱子2
laolao	牢牢2|姥姥2
laolei	劳累2
laoli	劳力2|老李2
laoliangkou	老两口2
laoling	老龄2
laolunsi	劳伦斯2
laoma	老马2|老妈2
laomama	老妈妈2
laomo	劳模2
laomu	老母2
laona	老衲2
laonian	老年2
laoniang	老娘2
laonianren	老年人2
laopai	老牌2
laopengyou	老朋友2
laopo	老婆3
laopopo	老婆婆2
laopozi	老婆子2
laoqianbei	老前辈2
laoqu	老区2
laoren	老人3
laorenjia	老人家3
laosan	老三2
laosao	牢骚2
laoshan	老山2
laoshao	老少2
laoshi	老师3|老实2|老式2
laoshiren	老实人2
laoshu	老鼠2
laosi	老四2
laotai	老太2
laotaipo	老太婆2
laotaitai	老太太3
laotaiye	老太爷2
laotian	老天2
laotianye	老天爷2
laotongzhi	老同志2
laotou	老头3
laotouer	老头儿2
laotouzi	老头子2
laowai	老外2
laowang	老王2
laoweng	老翁2
laowo	老挝2
laowu	劳务2
laoxiang	老乡2
laoxiansheng	老先生2
laoxiao	老小2
laoxiong	老兄2
laoxiu	老朽2
laoye	老爷3
laoyezi	老爷子2
laoyi	劳役2
laoyibei	老一辈2
laoyin	烙印2
laoying	老营3
laoyuan	老远2
laozhang	老张2
laozhe	老者3
laozhouling	老洲岭2
laozi	老子3|劳资2
laozong	老总2
laozu	老祖2
laozuo	劳作2
laozuzong	老祖宗2
laqi	拉齐2
laqidi	拉栖第2
larou	腊肉2
lasa	拉萨2
lawei	辣味2
laxia	落下3
layue	腊月2
lazhu	蜡烛2
leguan	乐观2
leibie	类别3
leida	雷达3
leidian	雷电2
leifeng	雷锋2
leigu	肋骨2|擂鼓2
leihen	泪痕2
leihua	泪花2
leiji	累计3|累积2|雷击2
leijiagou	雷家沟2
leilei	累累2
leima	勒马2
leiming	雷鸣2
leiqun	类群2
leiren	类人2
leisheng	雷声2
leishui	泪水3
leisi	类似3
leitai	擂台2
leiting	雷霆2
leixing	类型3
leiyan	泪眼2
leiyu	雷雨2
leizhenyu	雷阵雨2
leizhou	雷州2
leizhu	泪珠2
leizu	嫘祖2
leling	勒令2
lengbingbing	冷冰冰2
lengbufang	冷不防2
lengdan	冷淡2
lengdong	冷冻2
lengfeng	冷风2
lenghan	冷汗2
lengjing	冷静3
lengjun	冷峻2
lengkongqi	冷空气2
lengku	冷酷2
lenglengde	冷冷的2
lengluo	冷落2
lengmen	冷门2
lengmo	冷漠2
lengqi	冷气2
lengqing	冷清2
lengque	冷却2
lengshan	冷杉2
lengshui	冷水2
lengxiao	冷笑3
lengxing	棱形2
lengzhan	冷战2
lengzhu	愣住2
lequ	乐趣2
lesheng	乐声2
lesuo	勒索2
leyi	乐意2
leyu	乐于2
leyuan	乐园2
lian	立案2
lianai	恋爱2
lianbang	联邦3
lianbangyuan	联邦院2
lianben	联苯2
lianbing	练兵2
lianbu	脸部2
liancheng	连成2|联城2
liandai	连带2
liandan	炼丹2|脸蛋2
liandao	镰刀2
liandong	联动2
liandui	联队2|连队2
lianfa	连发2
liang	里昂2
liangan	两岸3
liangang	炼钢2
liangba	两把2
liangban	凉拌2|两半2
liangbei	两倍2|两杯2
liangbian	两边3|两遍2
liangbingyu	梁冰玉2
liangbu	两步2|两部2
liangcang	粮仓2
liangcao	粮草2
liangce	两侧3|良策2
liangceng	两层2
liangchang	两场2
liangcheng	两城2
liangchu	两处2|亮出2
liangci	两次3
liangdai	两代3
liangdao	两道2
liangdi	两地3
liangdian	两点2|亮点2
liangdu	亮度2|两度2
liangduan	两端2|两段2
liangdui	两队2|两对2
liangfang	两方2
liangfen	两份2|两分2
liangfeng	凉风2
liangfu	两幅2
liangge	两个4
lianggen	两根2
lianggu	两股2
liangguang	两广2|亮光2
lianghan	两汉2
lianghao	良好3
lianghe	两河2
lianghu	两湖2
lianghui	两会2
liangji	两级2|良机2|两极2|两季2
liangjia	两家3|两架2
liangjian	两件2|两间2
liangjiang	两江2
liangjie	两届3|谅解2
liangjin	两晋2
liangjiu	良久2
liangju	两句3|两具2
liangke	两颗2
liangkou	两口2
liangkouzi	两口子2
liangkuai	两块2
lianglei	两类3
liangli	亮丽2
liangliang	两辆2
lianglie	两列2
lianglu	两路2
lianglun	两轮2
liangmei	两枚2
liangmen	两门2
liangmi	两米2
liangmian	两面3
liangmin	良民2
liangming	两名3
liangnian	两年3
liangong	练功2
liangpai	两派2|两排2
liangpan	两盘2
liangpang	两旁2
liangpi	两匹2
liangpian	两片2|两篇2
liangqi	两栖2|凉气2
liangqian	两千2
liangqiang	踉跄2
liangqichao	梁启超2
liangri	两日2
liangsange	两三个2
liangsannian	两三年2
liangsantian	两三天2
liangshan	梁山2|两扇2
liangsheng	两声2
liangshi	粮食3
liangshou	两手2
liangshuang	凉爽2
liangshuguang	梁曙光2
liangshui	凉水2
liangsicheng	梁思成2
liangsou	两艘2
liangsui	两岁2
liangtai	两台2
liangtao	两套2
liangtian	两天3|良田2
liangtiao	两条3
liangtou	两头2
lianguan	连贯2
liangwan	两万2|两碗2
liangwei	两位3
liangxia	两下2
liangxiang	亮相2|两项2|粮饷2|两响2
liangxiaoxuan	梁孝宣2
liangxin	良心2
liangxing	两行2|良性2|两性2
liangyan	两眼2
liangyang	两样2
liangyao	良药2
liangyi	两翼2
liangyiqing	梁亦清2
liangyong	两用2
liangyuan	两院2
liangyuanzhi	两院制3
liangzhang	两张2
liangzhao	两招2
liangzhe	两者3
liangzhi	两只3|两支2|良知2
liangzhong	两种3|良种2
liangzhongshu	梁中书2
liangzhou	两周2|凉州2
liangzhu	梁柱2
liangzi	量子2
liangzihu	梁子湖2
liangziweng	梁子翁2
liangzu	两组2
liangzuo	两座3
lianhe	联合3
lianheguo	联合国3
lianhehui	联合会3
lianheti	联合体2
lianhong	脸红2
lianhua	莲花2
lianhuachi	莲花池2
lianhuan	连环2
lianhuangdi	连皇帝2
lianjia	脸颊2|廉价2
lianjie	连接3|链接2|联结2|连结2|联接2|廉洁2
lianjiu	练就2
lianjun	联军2
liankao	联考2
liankong	脸孔2
lianlei	连累2
lianlian	连连3
lianluo	联络3
lianluoxian	联络线2
lianmang	连忙3
lianmeng	联盟3
lianmian	脸面2|连绵2
lianmin	怜悯2
lianming	联名2
liannian	连年2
lianpang	脸庞2
lianpen	脸盆2
lianpeng	莲蓬3
lianpi	脸皮2
lianpu	脸谱2
lianqing	恋情2
lianren	连任2|恋人2
lianri	连日2
lianrilai	连日来2
lianrou	莲肉2
liansai	联赛3
lianse	脸色3
lianshang	脸上3
liansheng	连声2|连胜2
lianshou	联手2
liansuo	连锁2
liansuodian	连锁店2
liantiao	链条2
liantie	炼铁2
liantong	连同2|联通2|连通2
lianwang	联网2
lianwu	练武2
lianxi	联系3|练习3|怜惜2
lianxian	连线2
lianxiang	联想3
lianxinqiao	连心桥2
lianxiren	联系人2
lianxu	连续3
lianxuju	连续剧2
lianxuxing	连续性2
lianye	连夜2
lianyi	联谊2
lianyin	联姻2
lianyou	炼油2
lianyouchang	炼油厂2
lianyungang	连云港2
lianzhang	连长2
lianzheng	廉政2
lianzhi	炼制2
lianzhu	连珠2
lianzi	莲子3|帘子2|链子2
liaobude	了不得2
liaobuqi	了不起2
liaocheng	疗程2
liaodao	料到3
liaode	了得2
liaodong	辽东3
liaofa	疗法2
liaohe	辽河2
liaojie	了解4|了结2
liaokuo	辽阔2
liaoli	料理2
liaoliang	嘹亮2
liaoliao	聊聊2|寥寥2
liaoning	辽宁3
liaoningdui	辽宁队2
liaoningsheng	辽宁省2
liaorao	缭绕2
liaoshang	疗伤2
liaoshi	了事2
liaotian	聊天2
liaowang	瞭望2
liaoxi	辽西2
liaoxiang	料想2
liaoxiao	疗效2
liaoyang	辽阳2|疗养2
liba	篱笆2
libai	李白2|礼拜2
libanen	黎巴嫩2
libian	里边2
libie	离别2
libiya	利比亚2
libu	礼部3|吏部3
libukai	离不开2
licai	理财2|理睬2
lichang	立场3
licheng	里程3|历程2
lichengbei	里程碑2
lichengliang	李成梁2
lichuangwang	李闯王2
lichuanshi	利川市2
lichunting	李春亭2
lici	历次2
licongjun	李从军2
lidai	历代3
lidao	力道2
lidashuang	李大双2
lidazhao	李大钊3
lidequan	李德全2
liding	立定2
lidu	力度3
liebian	裂变2
liebiao	列表2
lieche	列车3
liechu	列出2
liedao	列岛2
liedui	列队2
liefeng	裂缝2
liegu	裂谷2
lieguo	列国2
liehu	猎户2
liehuo	烈火2
lieju	列举2
liekai	裂开2
liening	列宁2
lieqiang	列强2|猎枪2
lieren	猎人2
lieru	列入3
lieshi	烈士2|劣势2
lietou	猎头2
liewei	列为3|列位2
liewen	裂纹2
liewu	猎物2
liexi	列席2|裂隙2
lieyan	烈焰2
lieying	猎鹰2
liezhi	劣质2
liezhuan	列传2
lifa	立法3|礼法2|历法2
lifan	力帆2
lifang	立方2
lifangmi	立方米2
lifaquan	立法权3
lifashi	理发师2
lifazhe	立法者2
lifeihuang	李飞黄2
lifu	礼服2
ligaocheng	李高成3
ligong	理工2|立功2
ligongzi	李公子2
liguangzhao	李光昭2
liguifei	李贵妃2
liguo	立国2
liguoxiang	李国香2
lihai	厉害3|利害3|里海2
lihanjun	李汉俊2
lihao	利好2
lihongzhang	李鸿章3
lihongzhong	李鸿忠3
lihua	梨花2
lihui	理会3
lihun	离婚2
liji	立即3|礼记2
lijia	李家2|离家2
lijiadun	李家墩2
lijian	利剑2|里间2
lijiang	丽江2|漓江2
lijianming	李建明2
lijianqun	李建群2
lijiatu	李嘉图2
lijie	理解3|历届2|礼节2
lijing	历经2|离京2
lijinglin	李景林2
lijinglong	李景隆2
lijinyu	李金羽2
lijinzao	李金早2
liju	力矩2
lijun	李俊2
likai	离开3
like	立刻3|理科2
likexiu	李可秀2
likezhi	李克智2
likui	李逵3
lilai	历来3
lilaiheng	李来亨2
lilanqing	李岚清2
liliang	力量4
lilianning	李连宁2
lilianying	李莲英2
lilin	莅临2
liling	醴陵2
lilinzui	栗林嘴2
lilu	利率3|利禄2
lilun	理论4|立论2
lilunjia	理论家2
liluo	利落2
lima	立马2
liman	黎曼2
limangeng	黎满庚2
limao	礼貌2
limeiting	李梅亭2
limi	厘米3
limian	里面3
liming	黎明2
limingyu	李明豫2
limochou	李莫愁3
lina	李娜2
linan	临安2
linba	淋巴2
linbajie	淋巴结2
linbang	邻邦2
linbiao	林彪3
linboqu	林伯渠2
linchang	林场2
linchong	林冲2
linchuang	临床3
lindaiyu	林黛玉2
lindi	林地2
linfei	磷肥2
linfeichang	磷肥厂2
linfen	临汾2
lingban	领班2
lingbian	灵便2
lingbujian	零部件3
lingchen	凌晨2
lingchi	凌迟2
lingdai	领带2
lingdao	领导4|领到2
lingdaoceng	领导层2
lingdaoquan	领导权2
lingdaoren	领导人3
lingdaozhe	领导者2
lingdi	领地2
lingdian	零点2
lingdong	灵动2
lingdui	领队2
linggan	灵感2
linghai	领海2
linghu	令狐2|菱湖2
linghua	菱花3
linghuchong	令狐冲3
linghui	领会2
linghun	灵魂3
linghuo	灵活3
linghuoxing	灵活性2
lingjia	凌驾2
lingjian	零件2
lingjiao	领教2
lingjiu	灵柩2
lingjun	领军2
lingkong	凌空2|领空2
linglei	另类2
lingli	凌厉2|伶俐2
linglong	玲珑2
linglue	领略2
lingmin	灵敏2
lingmindu	灵敏度2
lingmu	陵墓2
lingnan	岭南2
lingqi	灵气2
lingqiao	灵巧2
lingqu	领取2|陵区2
lingren	令人3
lingru	凌辱2
lingsan	零散2
lingshan	灵山2
lingsheng	铃声2
lingshi	零食2|领事2
lingshou	零售3|领受2
lingsui	零碎2
lingtai	灵台2
lingtang	灵堂2
lingting	聆听2
lingtou	领头2
lingtu	领土3
linguo	邻国2
lingwai	另外4
lingwu	领悟2
lingxia	零下2
lingxian	领先3|领衔2
lingxing	零星2|另行2|菱形2|灵性2
lingxiu	领袖3
lingxiuxiang	领袖像2
lingyang	羚羊2
lingyu	领域3
lingzhi	灵芝2
lingzhu	领主2
lingzi	岭子2
lingzun	令尊2
linian	理念3|历年2
liniao	利尿2
linjie	临界2
linjin	邻近2|临近2
linju	邻居2
linken	林肯2
linkuang	磷矿2
linlefeng	林乐丰2
linli	林立2|淋漓2
linmu	林木2
linna	琳娜2
linouchu	林藕初2
linpian	鳞片2
linpingzhi	林平之2
linqu	林区3
linran	凛然2
linshi	临时3
linsi	临死2
linsuan	磷酸2
linsuanyan	磷酸盐2
lintou	临头2
linwenyi	林文漪2
linxiaofang	林小芳2
linxing	临行2
linxuan	遴选2
linye	林业3
linyi	临沂2
linzhaoshu	林兆枢2
linzhen	临阵2
linzhennan	林震南2
linzhixiao	林之孝2
linzhong	林中2|临终2
linzi	林子2|临淄2
linzou	临走2
lipao	礼炮2
lipeng	李鹏2
lipin	礼品2
liqi	力气3|利器2
liqiang	李强2
liqing	沥青2
liqiu	力求2
liqiushui	李秋水2
liqu	离去2
liren	历任3|利刃2|丽人2
liru	例如3
liruihuan	李瑞环2
lirun	利润3
lirunlu	利润率3
lirusong	李如松2
liruxiong	李儒雄2
lisan	离散2
lisanchun	李三春2
lishan	李珊2
lishen	立身2
lisheng	厉声2
lishenming	李慎明2
lishi	历史4|立时3|历时3|理事2|李氏2|砾石2
lishiguo	理事国2
lishihui	理事会2
lishiju	历史剧2
lishimin	李世民2
lishishi	李师师2
lishixi	历史系2
lishixing	历史性2
lishixue	历史学2
lishizhang	理事长2
lishizhen	李时珍2
lishu	隶属3|礼数2
lishuangxi	李双喜2
lishui	利税2
lishun	理顺2
lishuwen	李树文2
lisiguang	李四光2
lisuo	利索2
litaihou	李太后3
litang	礼堂2
litaowan	立陶宛2
lite	里特2
liti	立体2
litie	李铁2
litieying	李铁映2
litou	里头2|犁头2
litu	力图2
lituixiu	离退休2
liubang	刘邦2
liubei	刘备3
liubocheng	刘伯承2
liubu	六部3
liuchan	流产2
liuchang	流畅2
liuchao	六朝2
liucheng	流程2
liuchu	流出2|留出2
liuchuan	流传3
liucun	留存2
liuda	六大2
liudahua	柳大华2
liudai	留待2
liudan	榴弹2
liudanpao	榴弹炮2
liudaoyu	刘道玉2
liudaxiang	刘大响2
liudian	六点2
liudong	流动3
liudongdong	刘冬冬2
liudongxing	流动性2
liufang	流芳2|流放2
liufangliang	刘芳亮2
liuge	六个3
liugei	留给2
liuguoneng	刘国能2
liuguozheng	刘国正2
liuhe	六合2
liuhebing	刘合炳2
liuhezhen	刘和珍2
liuhua	硫化2
liuhuang	硫磺2
liuhuaqing	刘华清2
liuhuawu	硫化物2
liuhuba	柳湖坝2
liuji	六级2|刘基2
liujia	刘家2
liujianchao	刘建超2
liujiao	六角2
liujibin	刘积斌2
liujie	六届2
liujin	镏金2
liujing	流经2
liujingsong	刘精松2
liujingting	柳敬亭2
liukou	流寇2
liulan	浏览3
liulang	流浪2
liulangpu	刘郎浦2
liulanqi	浏览器2
liulaolao	刘姥姥2
liulei	流泪2
liuli	琉璃2|流利2
liulian	留恋2
liuliang	流量3
liulimin	刘黎敏2
liuliwa	琉璃瓦3
liulu	流露2|六路2
liuluo	流落2
liumang	流氓2
liumen	六门2
liumin	流民2
liuming	六名2
liumingzu	刘明祖2
liunian	六年3|留念2
liupai	流派2
liupian	六篇2
liupin	六品2
liuqi	六期2
liuqidie	刘七爹2
liuqing	留情2
liuqiwan	六七万2
liuru	流入3
liuruochen	柳若晨2
liuruyu	柳如玉2
liusha	流沙2
liushaoqi	刘少奇3
liushen	留神2
liushi	流失2|六十2|流逝2
liushigen	六十根2
liushinian	六十年2
liushiquan	刘石泉2
liushou	留守2
liushu	柳树2
liushui	流水2
liusu	流速2
liusuan	硫酸2
liutang	流淌2
liuti	流体2
liutichun	刘体纯2
liutong	流通3
liutonggu	流通股3
liuwang	流亡2
liuwei	六位2
liuweidong	刘卫东2
liuxia	留下3|流下2
liuxialai	留下来2
liuxiang	流向2|刘翔2|六项2
liuxiao	留校2
liuxie	流血2
liuxin	留心2
liuxing	流行3|流星2
liuxinglong	刘醒龙2
liuxue	留学3
liuxuerong	刘雪荣2
liuxuesheng	留学生2
liuxuyun	刘絮云2
liuyan	流言2|留言2
liuyanfei	刘雁飞2
liuyanqing	刘延庆2
liuyi	留意2
liuyifei	刘亦菲2
liuyingming	刘应明2
liuyizhou	刘一舟2
liuyou	留有2
liuyu	流域3|刘裕2
liuyuchi	刘玉尺2
liuyucui	刘玉翠2
liuyue	六月2
liuzai	留在3
liuzei	流贼2
liuzhanen	刘湛恩2
liuzhengfeng	刘正风2
liuzhenwei	刘振伟2
liuzhijun	刘志军2
liuzhong	六中2|六种2
liuzhou	柳州2
liuzhu	留住2
liuzhuan	流转2
liuzihou	刘子厚2
liuzihua	刘子华2
liuzizheng	刘子政2
liuzongmin	刘宗敏3
liuzongzhou	刘宗周2
liuzou	溜走2
liwai	例外3|里外2
liweimin	李为民2
liwenxiu	李文秀2
liwu	礼物3
liwupu	利物浦2
liwuwei	厉无畏2
lixi	利息3
lixia	立下2
lixian	立宪2
lixiang	理想3|立项2
lixiangguo	理想国2
lixiannian	李先念2
lixiaoshuang	李小双2
lixibao	粒细胞2
lixilu	利息率2
lixin	离心2
lixing	理性3|例行2
lixingliang	李行亮2
lixinjue	李新觉2
lixinliang	李新良2
lixiu	离休2
lixue	力学3|理学2|李绪鄂2
liya	利亚2
liyi	利益3|礼仪3|立意2
liyihe	李义河2
liyijun	李翊君2
liying	理应2
liyong	利用4
liyongbo	李永波2
liyonglu	利用率2
liyou	理由3
liyu	利于2|鲤鱼2|立于2|礼遇2
liyuan	李渊2
liyuanhong	黎元洪2
liyuanzheng	李元正2
liyuanzhi	李沅芷2
liyue	礼乐2
liyunfeng	李云风2
lizhan	力战2
lizhaoxing	李肇星2
lizheng	力争2|例证2
lizhenye	李振邺2
lizhi	理智3|荔枝2|离职2|立志2|吏治2
lizhigao	李志高2
lizhongan	李重庵2
lizhongtang	李中堂2
lizhu	力主2
lizi	例子3|粒子3|离子3|李子2|栗子2
lizicheng	李自成3
lizonghan	李宗翰2
lizongren	李宗仁2
lizu	立足2|黎族2
lizuorong	李作荣2
longchuan	龙船2
longda	龙大2
longdong	隆冬2
longduan	垄断3
longfeng	龙凤2
longfu	龙服2
longgong	龙宫2
longgu	龙骨2
longhexi	龙合玺2
longhuafeng	龙画凤2
longjing	龙井2
longjingcha	龙井茶2
longlehao	龙乐豪2
longlong	隆隆2
longluo	笼络2
longmai	龙脉2
longmen	龙门2
longpao	龙袍2
longqi	隆起2
longqing	隆庆2
longquan	龙泉2
longshan	龙山2
longtang	弄堂2
longting	龙亭2
longtong	笼统2
longtou	龙头3
longwang	龙王2
longxi	陇西2
longyan	龙眼2
longzhao	笼罩2
longzhong	隆重2|隆中2
longzhou	龙舟2
longzi	笼子2
loubao	搂抱2
louding	楼顶2
loudong	漏洞2
loudou	漏斗2
loufang	楼房2
louge	楼阁2
loujiuying	楼九楹2
loukong	镂空2
loulan	楼兰2
louluo	喽罗2
loumian	露面2
loupan	楼盘2
louqian	楼前2
loushang	楼上3
loushimu	楼式木2
louti	楼梯2
louxia	楼下2
louyangsheng	楼阳生2
luanchao	卵巢2
luanda	乱打2
luandong	乱动2
luanjiao	乱叫2
luankan	乱砍2
luanpao	乱跑2
luanshi	乱石2|乱世2
luanshuo	乱说2
luanxing	卵形2
luanzi	卵子2|乱子2
lubangzheng	卢邦正2
lubi	卢比2
lubian	路边2
lubu	卢布2|吕布2
lucha	绿茶2
lucheng	路程2|旅程2
luchengwei	陆承伟2
luchu	露出3
luci	屡次2
ludai	履带2
ludaishi	履带式2
ludeng	路灯2
ludi	陆地3|绿地2
ludian	旅店2
ludiaoyang	吕调阳2
ludou	绿豆2
luduan	路段2
lue	绿萼2
luedai	略带2
lueduo	掠夺2
lueguo	掠过2
luelue	略略2
luewei	略微2
lueyou	略有2
luezou	掠走2
lufeiqing	陆菲青2
lugaoxuan	陆高轩2
luguan	旅馆2
luguanying	陆冠英2
luguicheng	鲁桂成2
luguo	路过2
luhejin	铝合金2
luhua	绿化3|芦花2|氯化2
luhuadai	绿化带2
luhuo	炉火2
luji	卤鸡2
lujiang	庐江2
lujiao	鹿角2
lujiaohui	旅交会2
lujing	路径2
lujun	陆军3
lujunyi	卢俊义2
luke	旅客3
lukou	路口2
luli	律例2|膂力2
luliding	陆立鼎2
lulin	绿林2
luling	律令2
lulu	陆路2|屡屡2
lulue	掳掠2
lumang	鲁莽2
lumian	路面2
lumolu	鲁磨路2
lunbi	伦比2
lunbian	论辩2
lunchuan	轮船2
lundian	论点2
lunduan	论断2
lundun	伦敦3
lunfan	轮番2
lunhuan	轮换2
lunhui	轮回2
lunji	论及2
lunju	论据2
lunkuo	轮廓2
lunli	伦理2
lunliu	轮流2
lunlixue	伦理学2
lunluo	沦落2
lunsang	沦丧2
lunshi	轮式2
lunshu	论述3
luntai	轮胎2
luntan	论坛3
lunti	论题2
lunwang	沦亡2
lunwei	沦为2
lunwen	论文3
lunxian	沦陷2
lunyu	论语2
lunzhan	论战2
lunzhe	论者2
lunzheng	论证3
lunzhu	论著2
lunzi	轮子2
luobai	落败2
luobo	萝卜2
luobote	罗伯特2
luobupo	罗布泊2
luocha	罗刹2|落差2
luocheng	落成2|罗城2
luodao	落到2
luode	落得2
luodi	落地2
luogu	锣鼓2
luohan	罗汉2
luohou	落后3
luohu	落户2
luoji	逻辑3
luojia	罗家2|珞珈2
luojiadun	罗家墩2
luojixue	逻辑学2
luokong	落空2
luolie	罗列2
luolu	裸露2
luoma	罗马3|骡马2|落马2
luopan	罗盘2
luopo	落魄2
luoqingquan	罗清泉2
luoru	落入2
luorucai	罗汝才2
luosang	洛桑2
luoshanji	洛杉矶2
luoshi	落实3|珞狮2
luoshui	落水2
luosi	罗斯2
luosifu	罗斯福2
luoti	裸体2
luotian	罗田2
luotianxian	罗田县2
luotuo	骆驼2
luowen	螺纹2
luoxiaoman	罗小蛮2
luoxiaomei	罗小梅2
luoxiaowei	罗晓维2
luoxiuzhu	罗秀竹2
luoxuan	螺旋2
luoxuanjiang	螺旋桨2
luoyameng	罗亚蒙2
luoyang	洛阳3
luoyangcheng	洛阳城2
luoye	落叶2
luoyesong	落叶松2
luozi	骡子2
luozuo	落座2
lupang	路旁2
luqi	氯气2
luqiao	路桥2
luqu	录取3
luqulu	录取率2
luruihua	卢瑞华2
luse	绿色3
lusenbao	卢森堡2
lushan	庐山2
lushang	路上3|陆上2
lushi	律师3
lushui	露水2
lushun	旅顺2
lusongshi	绿松石2
lusu	卤素2|鲁肃2
lusuo	卢梭2
luteshi	鲁特氏2
lutian	露天2
lutou	路透2
lutoushe	路透社2
lutu	旅途2|路途2|铝土2
lutukuang	铝土矿2
luwei	芦苇2
luwushuang	陆无双2
luxian	路线3
luxiang	录像2
luxiangsheng	卢象升2
luxiaoyi	陆小艺2
luxing	履行3|旅行3
luxingjia	旅行家2
luxingshe	旅行社3
luxingzhe	旅行者2
luxirong	陆希荣2
luxu	陆续3
luxun	鲁迅3
luye	绿叶2
luyi	路易2
luyin	录音2
luyindai	录音带2
luyinji	录音机2
luyong	录用2
luyongxiang	路甬祥2
luyou	旅游4|陆游2
luyoujiao	鲁有脚2
luyouju	旅游局2
luyouqu	旅游区3
luyouye	旅游业3
luyouzhe	旅游者2
luyu	陆羽2
luzhan	陆战2
luzhandui	陆战队2
luzhang	旅长2
luzhangke	鹿杖客2
luzhaohai	鹿兆海2
luzhaopeng	鹿兆鹏2
luzhi	录制2
luzhishen	鲁智深2
luzhiyue	吕之悦2
luzhong	率众2
luzhongmei	吕忠梅2
luzhou	绿洲2|泸州2
luzhuangzhu	陆庄主2
luzi	路子2|炉子2|驴子2
luzilin	鹿子霖2
maan	马鞍2
maanshan	马鞍山2
mabei	马背2
mabi	麻痹2
mabian	马鞭2
mabu	麻布2
machang	马场2
machao	马超2
machaoxu	马朝旭3
mache	马车2
macheng	麻城3
machengshi	麻城市2
machunhua	马春花2
maci	马刺2
madai	麻袋2|马岱2
madao	马道2|马刀2|马岛2
madeli	马德里2
mading	马丁2
maerta	马耳他2
mafan	麻烦3
mafeng	蚂蜂2
mafu	马夫2
maguangzuo	马光佐2|麻光佐2
mahe	马赫2
mahu	马虎2
mahucun	马湖村2
maiami	迈阿密2
maiban	买办2
maibo	脉搏2
maibu	迈步2
maibuqi	买不起2
maicang	埋藏2
maichang	卖场2
maichong	脉冲2
maichu	迈出2|卖出2
maidanglao	麦当劳2
maidiao	卖掉2
maifang	买房2|买方2|卖方2
maifu	埋伏2
maiguo	卖国2
maiguozei	卖国贼3
maijia	麦加2|买家2
maijin	迈进2|买进2
maikai	迈开2
mailai	买来2
maili	卖力2
mailuo	脉络2
maimai	买卖3
maimaiti	买买提2
mainong	卖弄2
mairu	买入2
maitian	麦田2
maitou	埋头2
maixia	买下2
maixiang	迈向2
maizang	埋葬2
maizhe	买者2
maizhu	买主2
maizi	麦子2
majiang	麻将2
majiao	马脚2
majiapeng	马家棚2
make	马克2
makesi	马克思2
makou	马口2
malai	马来2
malajiang	麻辣酱2
mali	马力2|马里2
maliang	马良2
malingong	马林工2
malingshu	马铃薯2
maliya	玛利亚2
malu	马路2
mama	妈妈3|嬷嬷2
mamu	麻木2
manao	玛瑙2
manbu	漫步2
manchang	漫长3
mancheng	满城2
mandi	满地2
manfen	满分2
manfu	满腹2
mangbudie	忙不迭2
mangguo	芒果2
manghuo	忙活2
manglu	忙碌2
mangluan	忙乱2
mangmang	茫茫2
mangmu	盲目2
mangran	茫然2
mangren	盲人2
mangu	曼谷2
mangyu	忙于2
mangzhuang	莽撞2
manhan	满汉2
manhua	漫画2
manhuai	满怀2
manila	马尼拉2
mankou	满口2
manlian	满脸3|曼联2
manman	慢慢3|满满2|漫漫2
manmande	满满的2
manmian	满面2
manqiang	满腔2
manqing	满清2
manshen	满身2
mantian	漫天2|满天2
mantou	馒头2|满头2
mantuntun	慢吞吞2
manwen	满文2
manxin	满心2
manxing	慢性2
manxingbing	慢性病2
manyan	蔓延2|满眼2
manyi	满意3
manyidu	满意度2
manyou	漫游2
manyuan	埋怨2
manyue	满月2
manzai	满载2
manzhou	满洲3
manzi	蛮子2
manzu	满足3|满族3
manzui	满嘴2
maobi	毛笔2
maobing	毛病2
maocao	茅草2
maocaojie	茅草街2
maochong	冒充2
maodun	矛盾3|茅盾2
maofa	毛发2
maofan	冒犯2
maoguanlu	毛冠鹿2
maojian	毛尖2
maojianqu	茅箭区2
maojin	毛巾2|冒进2
maolilu	毛利率2
maolinkou	茅林口2
maolu	毛驴2
maomi	茂密2
maoniu	牦牛2
maopi	毛皮2
maoqiling	毛奇龄2
maoran	贸然2
maorubai	毛如柏2
maose	毛色2
maosheng	茂盛2
maotou	矛头2
maotouying	猫头鹰2
maowenlong	毛文龙2
maowu	茅屋2
maoxian	冒险2
maoxinjin	茅新进2
maoyan	冒烟2
maoyi	贸易3
maoyie	贸易额2
maozedong	毛泽东3
maozi	帽子3
mapi	马匹2
maqidun	马其顿2
maque	麻雀2
maren	骂人2
masai	马赛2
masanjun	马三俊2
mashang	马上3
masheng	麻绳2
mashiying	马士英2
matang	麻糖2
mati	马蹄2
matisheng	马蹄声2
matong	马桶2
matou	码头3|马头2
maweisong	马尾松2
maxieer	马歇尔2
maxingkong	马行空2
maya	玛雅2
mayi	蚂蚁2|马尾2
mazui	麻醉2
meiceng	煤层2
meichang	每场2
meichaofeng	梅超风2
meici	每次3
meidang	每当3
meide	美德2|美的2
meidi	没底2
meidian	煤电2
meidu	梅毒2
meier	妹儿2
meifa	没法2
meifang	美方2
meifazi	没法子2
meifen	美分2
meifeng	每逢2
meige	每个3
meigonghe	湄公河2
meigu	每股2
meiguan	美观2
meiguanxi	没关系2
meigui	玫瑰2
meiguo	美国4
meiguodui	美国队2
meiguohui	美国会2
meihao	美好3
meihua	梅花2|美化2
meiji	美籍2
meijia	每家2
meijie	媒介2
meijing	美景2
meijinmei	梅津美2
meijiu	美酒2
meijun	美军3|霉菌2
meikuai	每块2
meikuang	煤矿2
meili	美丽3|魅力2
meilianchu	美联储2
meilianshe	美联社2
meilin	梅林2
meimao	眉毛2|美貌2
meimei	妹妹3|每每2
meimeng	美梦2
meimiao	每秒2|美妙2
meiming	没命2
meimu	眉目2
meinian	每年4
meinu	美女2
meiqi	煤气2
meiren	每人3|媒人2
meirener	美人儿2
meiri	每日3
meirong	美容2
meishenme	没什么3
meishi	美食3|没事2
meishier	没事儿2
meishu	美术3
meishuguan	美术馆2
meishushi	美术史2
meishuzi	美术字2
meitan	煤炭3
meiti	媒体3
meitian	每天3|煤田2
meitou	眉头2
meiwai	媚外2
meiwan	每晚2
meiwei	美味2|每位2
meixiangdao	没想到3
meixinyu	梅新育2
meixue	美学2
meiyisi	没意思2
meiyong	没用2
meiyou	没有4|煤油2
meiyu	美誉2
meiyuan	美元3
meiyue	每月3
meiyuqi	梅雨期2
meizhong	每种2
meizhou	美洲3|每周2
meizhun	没准2
meizi	妹子2|梅子2
menban	门板2
menbian	门边2
menchuang	门窗2
mendao	门道2
mendian	门店2
mendong	门洞3
menfa	门阀2
menfei	门扉2
menfeng	门缝2
mengchanghu	孟尝湖2
mengchunqi	孟春祈2
mengdi	猛地3
mengfa	萌发2
mengge	梦鸽2|蒙哥2
menggong	猛攻2
menggu	蒙古3
mengguguo	蒙古国2
mengguo	盟国2
mengguren	蒙古人2
mengguyu	蒙古语2
mengguzu	蒙古族3
menghaoran	孟浩然2
menghu	猛虎2
menghuan	梦幻2
mengji	猛击2
mengjiala	孟加拉2
mengjian	梦见2
mengjiang	猛将2
mengjianxiong	孟健雄2
mengjing	梦境2
mengjun	盟军2
menglie	猛烈3
menglong	朦胧2
mengmai	孟买2
mengmian	蒙面2
mengpu	猛扑2
mengqin	猛禽2
mengqingnan	孟庆南2
mengran	猛然2
mengsheng	萌生2
mengshou	猛兽2|蒙受2
mengxiang	梦想3
mengya	萌芽2
mengyou	盟友2
mengzhu	盟主2|蒙住2
mengzi	孟子2
menhu	门户3
menjiang	门将2
menkan	门槛2
menkou	门口3
menkuang	门框2
menlei	门类2
menlian	门帘2|门联2
menlou	门楼2
menlu	门路2
menmian	门面2
mennei	门内2
menpai	门派2|门牌2
menpiao	门票2
menqian	门前3
menqiang	门墙2
menre	闷热2
menren	门人2
menshang	门上2
menshen	门神2
mensheng	门生2
menshuan	门闩2
menwai	门外3
menwei	门卫2
menxia	门下3
menzhen	门诊2
menzi	门子2
mianao	棉袄2
mianban	面板2
mianbao	面包2
mianbei	棉被2
mianbu	面部2|棉布2
mianbuliao	免不了2
mianchu	免除2
miande	免得3
miandian	缅甸2
miandui	面对3
mianduimian	面对面2
mianfang	棉纺2
mianfangzhi	棉纺织2
mianfei	免费3
mianfen	面粉3
mianhua	棉花3
mianhuai	缅怀2
mianji	面积4
mianjia	面颊2
mianju	面具2
miankong	面孔2
mianli	勉励2
mianliao	面料2
mianlin	面临3
mianmao	面貌3
mianmian	绵绵2
mianmu	面目2
mianpi	面皮2
mianqian	面前3
mianqiang	勉强3
mianqu	免去2
mianrong	面容2
mianse	面色2
miansha	棉纱2|面纱2
mianshang	面上2
mianshi	面试3
mianshou	免受2
mianshui	免税2
miantan	面谈2
miantian	腼腆2
miantiao	面条2
miantuan	面团2
mianxiang	面向3|面相2
mianyan	绵延2
mianyang	沔阳3|绵羊2
mianyi	免疫3|棉衣2
mianyili	免疫力2
mianyu	免于2
mianzao	免遭2
mianzhi	免职2
mianzi	面子3
miaohui	描绘3|庙会2
miaoji	妙计2
miaojie	庙街2
miaoli	庙里2
miaomang	渺茫2
miaorenfeng	苗人凤2
miaoruolan	苗若兰2
miaoshi	藐视2
miaoshu	描述3
miaotiao	苗条2
miaoxie	描写3
miaoyu	庙宇2
miaozhong	秒钟2
miaozhun	瞄准2
miaozhunjing	瞄准镜2
miaozi	苗子2
miaozu	苗族3
mibu	密布2|弥补2
midu	密度3
miehuo	灭火2
miejue	灭绝2
miejun	灭菌2
mieshi	蔑视2
miewang	灭亡3
mifan	米饭2
mifang	秘方2
mifei	米芾2
mifen	米粉3
mifeng	密封2|蜜蜂2
mige	米格2
migong	迷宫2
migongci	米公祠2
mihoutao	猕猴桃2
mihu	迷糊2
mihuo	迷惑2
miji	密集3|秘笈2
mijixing	密集型2
mijue	秘诀2
milan	米兰2|糜烂2
mile	弥勒2
milian	迷恋2
milin	密林2
milu	麋鹿3|迷路2
mima	密码3
miman	弥漫2
mimang	迷茫2
mimi	秘密3
mimou	密谋2
minban	民办2
minbing	民兵2
minfa	民法2
mingan	敏感3
minganxing	敏感性2
mingbai	明白4
mingbaizhe	明摆着2
mingcha	名茶2
mingchao	明朝3
mingcheng	名称3|名城3
mingchengzu	明成祖2
mingci	名词3|名次2
mingdai	明代3
mingdan	名单3
minge	名额3|民歌2
minger	明儿2
minggui	名贵3
mingguyan	明顾炎2
minghao	名号2
minghongwu	明洪武2
minghuanghuang	明晃晃2
mingjia	名家2
mingjiang	名将2
mingjiao	名叫3|明教2|鸣叫2|名教2
mingjingzong	明景宗2
mingkuai	明快2
minglang	明朗2
mingli	名利2
mingliang	明亮2
minglibu	明礼部2
minglie	名列2
mingling	命令3|明令2
minglu	名录2
mingmai	命脉2
mingmei	明媚2
mingmen	名门2
mingming	命名3|明明3
mingmo	明末2
mingmu	名目2
mingnian	明年2
mingong	民工2
mingpai	名牌3
mingpian	名片3
mingqi	名气2|明器2|名企2
mingqiang	鸣枪2
mingqing	明清3
mingque	明确3
mingren	名人3|明人2
mingri	明日3
mingsang	命丧2
mingshan	名山2
mingsheng	名胜2|名声2
mingshengqu	名胜区2
mingshi	名师2|明史2|名士2|明示2
mingshizong	明世宗2
mingsike	明斯克2
mingtaizu	明太祖2
mingtang	名堂2
mingteyou	名特优2
mingti	命题3
mingtian	明天3
mingtou	名头2
minguo	民国3
mingwang	名望2
mingwangchao	明王朝2
mingwei	名为3|名位2
mingwen	铭文2|明文2
mingwenjin	明文禁2
mingwuying	明武英2
mingxi	明晰2
mingxian	明显3
mingxianzong	明宪宗2
mingxiao	名校2
mingxing	明星3
mingyan	名言2
mingyang	名扬2
mingyi	名义3|名医2
mingyingzong	明英宗2
mingyongle	明永乐3
mingyou	名优2
mingyu	名誉2
mingyue	明月2|名曰2
mingyun	命运3
mingyuzhen	明玉珍2
mingzhe	明哲2
mingzhengyan	明正言2
mingzhi	明知2|明智2|明治2
mingzhong	命中2
mingzhonglu	命中率2
mingzhu	明珠2|名著2
mingzi	名字3|名子2
minhang	民航2
miniao	泌尿2
minjian	民间3|民建2
minjiang	闽江2
minjie	敏捷2
minjing	民警2
minju	民居2
minmeng	民盟2
minqing	民情2
minquan	民权2
minrui	敏锐2
minsheng	民生2
minshi	民事3
minsu	民俗2
minuosi	米诺斯2
minxi	闽西2
minxin	民心2
minxuan	民选2
minyi	民意2
minying	民营2
minyong	民用3
minyuanlu	民院路2
minzheng	民政3
minzhong	民众3
minzhu	民主3
minzhudang	民主党2
minzhuhua	民主化2
minzhupai	民主派2
minzihua	闵子华2
minzu	民族4
minzuxiang	民族乡3
minzuxue	民族学2
miqie	密切3
miren	迷人2
mishi	觅食2|迷失2|密室2|密使2
mishu	秘书3
mishuchu	秘书处2
mishuzhang	秘书长3
miuwu	谬误2
miwang	迷惘2
miwu	迷雾2
mixin	迷信2
miye	米业2
miyue	蜜月2
miyun	密云2
mizao	蜜枣2
mobei	漠北2
mobu	莫不2
mobushi	莫不是2
moca	摩擦2
moda	莫大2
modi	蓦地2
moduan	末端2
moer	摩尔2
moerben	墨尔本2
mofan	模范3
mofang	模仿2
mofanxian	模范县2
mofei	莫非3
mogen	摩根2
mogu	蘑菇2
mogui	魔鬼2
moguoyu	莫过于2
mohu	模糊3
moji	墨迹2
mojiao	魔教2
mojing	墨镜3
mokuai	模块2
mokuaihua	模块化2
molian	磨练2
moliao	末了2
moluo	没落2
moluoge	摩洛哥2
moming	莫名2
momo	默默2|摸摸2
momodi	默默地2
monan	磨难2
moni	模拟3
monian	末年2
moqi	末期2|默契2
moqing	摸清2
moran	默然2|蓦然2
moren	默认2
mori	末日2
moru	没入2
mosheng	陌生2
moshengren	陌生人2
moshi	模式3|漠视2
moshou	没收2
moshu	魔术2
moshui	墨水2
mosike	莫斯科3
mosun	磨损2
mosuo	摸索2
mote	模特2
motou	魔头2
motuo	摩托2
motuoche	摩托车2
motuohua	摩托化2
moubu	某部2
mouchunguang	牟春光2
moudi	某地2
moufan	谋反2
mouge	某个3
mouhua	谋划2
mouli	牟利2
moulue	谋略2
moumou	某某2
mouqiu	谋求2
mouqu	谋取2
mouren	某人2
mousha	谋杀2
mousheng	谋生2
moushi	谋士2
mouxie	某些3
mouzhong	某种3
mouzi	眸子2
mowang	魔王2
moxige	墨西哥3
moxing	模型3
moyanlin	莫艳琳2
moyu	墨鱼2
mozhi	磨制2
muai	母爱2
muban	木板2
mubang	木棒2
mubei	墓碑2
muben	母本2
mubiao	目标4
mucai	木材3
mucaichang	木材厂2
mucao	牧草2
muchang	牧场2
muchuan	木船2
mudan	牡丹2
mudao	墓道2
mudi	目的3|墓地2
mudiao	木雕2
mudidi	目的地3
mudu	目睹2
muer	木耳2
mufa	木筏2
mufengxian	木凤衔2
mufu	幕府2
mugong	木工3
mugou	木构2
muguang	目光3
mugun	木棍2
muhe	木盒2
muhou	幕后2
muji	募集2|母鸡2
mujiang	木匠2
mujiegou	木结构2
muju	模具2
mujuan	募捐2
muke	木刻2
mukuan	募款2
mulan	木兰2
muliangjun	木梁均2
muliao	幕僚2|木料2
mulin	睦邻2
muliubiao	牧刘表2
mulu	目录3
mumin	牧民2
muming	慕名2
munaiyi	木乃伊2
munianci	穆念慈2
munihei	慕尼黑2
munu	母女2
muou	木偶2
mupai	木牌2
muqian	目前4
muqin	母亲3
muqu	牧区2
muran	木然2
muren	牧人2
murenqing	穆人清2
murong	慕容2
murongfu	慕容复2
murongshi	慕容氏2
muse	暮色2
mushi	墓室2|牧师2|目视2
mushu	木薯2
musilin	穆斯林3
musong	目送2
mutan	木炭2
muti	母体2
mutou	木头2
muwanqing	木婉清2
muwu	木屋2
muxi	母系2
muxia	目下2
muxiang	木箱2
muxing	木星2
muxue	墓穴2
muyang	模样3|牧羊2
muye	牧业2|木业2
muyu	沐浴2
muzang	墓葬2
muzhi	拇指2|木质2|木制2
muzhu	木柱2
muzhuang	木桩2
muzhuolun	木卓伦2
muzi	母子2
naban	那般2
nabian	那边3
nachang	那场2
nachu	拿出3
naci	那次2
nacui	纳粹2
nacuidang	纳粹党2
nada	那大2
nadao	拿到3
naduan	那段2
naer	哪儿3|那儿3
nafu	那幅2
nage	那个4|哪个3
nagen	那根2
nahan	呐喊2
nahuier	那会儿2
naifen	奶粉2
naihan	耐寒2
naihe	奈何2
naili	耐力2
naimo	耐磨2
nainai	奶奶3
naishi	乃是3
naixin	耐心2
naiyong	耐用2
naiyou	奶油2
naizhi	乃至3
naizi	奶子2
najian	纳谏2
nalai	拿来2
nali	那里4|哪里3
nama	那马2
name	那么4
namen	纳闷2
nami	纳米2
namo	那末3
nanan	南岸2|南安2
nanao	难熬2
nanbanqiu	南半球2
nanbao	难保2|南堡2
nanbei	南北3
nanbeichao	南北朝2
nanbian	南边2
nanbu	南部3
nance	南侧2
nanchang	南昌2
nanchao	南朝2
nanchaoxian	南朝鲜2
nancheng	南城2
nanchizi	南池子2
nandan	男单2
nandang	难当2
nandao	难道3|南岛2
nande	难得3
nandian	难点2
nandu	难度3
nanduan	南端2|南段2
naner	男儿2
nanfang	南方3|男方2
nanfei	南非3
nanfeng	南风2
nangang	南港2
nangkuo	囊括2
nangua	南瓜2
nanguai	难怪2
nanguan	难关2|南关2
nanguo	难过2|南国2
nangzhong	囊中2
nanhai	南海3|男孩2
nanhaizi	男孩子2
nanhang	南航2
nanhetou	南河头2
nanhezhou	南河洲2
nanhu	南湖3
nanhuanlu	南环路3
nanian	那年2
nanie	拿捏2
nanji	南极2
nanjiang	南疆2
nanjiao	南郊2
nanjing	南京3
nanjingcheng	南京城2
nanjingshi	南京市3
nanjizhou	南极洲2
nankai	南开2
nankan	难看2|难堪2
nankou	南口2
nankouzhen	南口镇2
nanlan	男篮2
nanlu	南路3|南麓2
nanmei	南美2
nanmeizhou	南美洲2
nanmen	南门2
nanmian	难免3|南面2
nanmin	难民2
nanmu	楠木2
nannan	喃喃2
nanning	南宁2
nannu	男女2
nanpai	男排2
nanpengyou	男朋友2
nanping	南平2
nanren	男人3|难忍2
nansha	南沙2
nanshan	南山2
nansheng	男生2
nanshi	男士2|难事2
nanshou	难受2
nanshuo	难说2
nansong	南宋3
nantang	南唐2
nantao	难逃2
nanti	难题3
nanting	难听2
nantong	南通2
nanwang	难忘2
nanwei	南纬2
nanxia	南下2
nanxian	南县2
nanxiang	南湘2|南襄2|南向2
nanxing	男性3
nanxun	南巡2
nanya	南亚2
nanyan	难言2
nanyang	南阳3|南洋2
nanyangong	南岩宫2
nanyi	难以3|南移2
nanyou	男友2
nanyu	难于2
nanyuan	南缘2
nanyue	南岳3|南越2
nanyuejian	南岳尖2
nanyueshan	南岳山2
nanzhang	南漳2
nanzhangxian	南漳县2
nanzheng	南征2
nanzhenzhong	南振中2
nanzhouzi	南洲子2
nanzhu	楠竹2
nanzi	男子3
nanzihan	男子汉2
naodai	脑袋3
naohai	脑海2
naohen	恼恨2
naohuo	恼火2
naojiang	脑浆2
naojin	脑筋2
naoju	闹剧2
naoke	脑壳2
naomen	脑门2
naonu	恼怒2
naoshi	闹事2|闹市2
naoshiqu	闹市区2
naoteng	闹腾2
naozhewan	闹着玩2
naozi	脑子3
napa	哪怕3
napolun	拿破仑2
nari	那日2
naru	纳入3
nashen	纳什2
nashi	那时3
nashou	拿手2
nashuang	那双2
nashui	纳税2
nashuiren	纳税人2
natian	那天3
natiao	那条2
nawan	那晚2
nawei	那位3|哪位2
naxi	纳西2
naxia	拿下2
naxie	哪些3
naxizu	纳西族2
nayang	那样3
nazhong	那种3
nazou	拿走2
neibi	内壁2
neibu	内部3
neican	内参2
neice	内侧2
neicheng	内城2
neicun	内存2
neidi	内地3
neifenmi	内分泌2
neige	内阁3
neigong	内功3
neihan	内涵3|内含2
neihe	内河3|内核2
neihong	内讧2
neijiu	内疚2
neike	内科2
neili	内力3|内里2
neilu	内陆3
neiluan	内乱2
neimeng	内蒙2
neimenggu	内蒙古3
neimo	内膜2
neimu	内幕2
neiranji	内燃机2
neirong	内容4
neishang	内伤2
neishe	内设2
neisheng	内生2
neishi	内侍2|内室2
neiwai	内外3
neiwu	内务2
neixian	内线2
neixiang	内向2
neixie	那些4
neixin	内心3
neixu	内需2
neiyi	内衣2
neiying	内应2
neizai	内在2
neizang	内脏2
neizhan	内战3
neizheng	内政2
nengbi	能比2
nengdai	能带2
nengdong	能动2
nengfou	能否3
nenggou	能够4
nenghao	能耗2
nengji	能级2
nengjiandu	能见度2
nengjingong	能进宫2
nengli	能力4
nengliang	能量3
nengnai	能耐2
nengshou	能手2
nengyuan	能源3
nenjiang	嫩江2
nianbao	年报2
nianbiao	年表2
nianchan	年产2
nianchanliang	年产量2
nianchu	年初3
niandai	年代4
niandao	念道2|念叨2
niandi	年底3
niandu	年度3
nianfen	年份3
nianfo	念佛2
niangcheng	酿成2
nianger	娘儿2
niangjia	娘家2
niangjiu	酿酒2|娘舅2
niangniang	娘娘2
niangzao	酿造2
niangzi	娘子3
nianhao	年号2
nianhou	年后2
nianhua	年画2|年华2
nianji	年纪3|年级2|念及2
nianjian	年间3
nianjing	念经2
nianjiu	拈阄2
nianjun	年均3
nianlao	年老2
nianling	年龄3
nianman	年满2
nianmo	年末2|黏膜2
niannei	年内2
nianqian	年前2
nianqing	年轻3
nianqingren	年轻人3
nianshao	年少2
nianshouru	年收入2
nianshu	念书2
niansui	年岁2
niantou	念头3|年头2
niantu	粘土2
nianxian	年限2
nianxin	年薪2
nianye	粘液2
nianyou	年幼2
nianyu	鲇鱼2|鲶鱼2
nianzhang	年长2
nianzhong	年终2
nianzhu	念珠2
nianzi	碾子2
niao	尼奥2
niaodao	尿道2
niaoer	鸟儿2
niaokan	鸟瞰2
niaolei	鸟类2
niaoye	尿液2
nicha	逆差2
niding	拟定2|拟订2
niefengzhi	聂凤智2
niehaisheng	聂海胜2
nierongzhen	聂荣臻2
nieru	嗫嚅2
niezao	捏造2
nigeluo	尼格罗2
nigu	尼姑2
nihao	你好2
nihuiyan	泥灰岩2
nijia	你家2
nijiang	泥浆2
nijiata	倪家塔2
nikesong	尼克松2
nilao	你老2
niliu	逆流2
niluohe	尼罗河2
nimen	你们4
nimoxing	尼摩星2
ningbo	宁波2
ninggu	凝固2
ninghai	宁海2
ningjie	凝结2
ningjing	宁静2
ningju	凝聚2
ningjuli	凝聚力2
ningke	宁可2
ningken	宁肯2
ningmeng	柠檬2
ningshen	凝神2
ningshi	凝视2
ningsi	凝思2
ningwang	凝望2
ningxia	宁夏2
ningyuan	宁愿2|宁远2
ningzhong	凝重2
nining	泥泞2
ninlao	您老2
nipoer	尼泊尔2
niqiu	泥鳅2
nirier	尼日尔2
nirong	呢绒2
nisha	泥沙2
nishiliu	泥石流2
nisi	尼斯2
nisu	泥塑2
nitan	泥炭2
nitu	泥土2
niuaiguo	牛爱国2
niuaixiang	牛爱香2
niubizi	牛鼻子2
niuche	牛车2
niudai	纽带2
niudong	扭动2
niudun	牛顿2
niuer	妞儿2
niujin	牛筋2|牛津2
niujinxing	牛金星2
niulunbao	纽伦堡2
niuma	牛马2
niunai	牛奶2
niupi	牛皮2
niuqu	扭曲2
niurou	牛肉3
niushi	牛市2
niutou	扭头2
niutoushan	牛头山2
niuyue	纽约3
niuzhuan	扭转2
niya	尼亚2
niyuefeng	倪岳峰2
nizei	逆贼2
nizhuan	逆转2
nongbao	脓包2
nongchan	农产2
nongchang	农场2
nongchangzhu	农场主2
nongchanpin	农产品3
nongcun	农村4
nongdu	浓度3
nongfu	农夫2
nonggeng	农耕2
nonggong	农工2
nonghang	农行2
nonghou	浓厚3
nonghu	农户2
nongji	农机2
nongjia	农家2
nongjiale	农家乐2
nongju	农具2
nongli	农历2
nonglie	浓烈2
nonglin	农林2
nongmi	浓密2
nongmin	农民4
nongmingong	农民工2
nongmu	农牧2
nongmuye	农牧业2
nongnu	农奴2
nongnuzhi	农奴制2
nongqing	弄清2
nongshi	农事2
nongsuo	浓缩2
nongtian	农田2
nongwu	浓雾2
nongxue	农学2
nongyan	浓烟2
nongyao	农药2
nongye	农业4
nongyebu	农业部2
nongyequ	农业区2
nongyong	农用2
nongyu	浓郁3
nongzhong	浓重2|脓肿2
nongzuo	农作2
nongzuowu	农作物3
nuange	暖阁2
nuanhuo	暖和2
nuanliu	暖流2
nuannuande	暖暖的2
nuanqi	暖气2
nubi	奴婢2
nubing	女兵2
nucai	奴才3
nuchao	怒潮2
nudan	女单2
nudui	女队2
nuedai	虐待2
nueji	疟疾2
nuer	女儿3|努尔2
nuerha	努尔哈2
nufang	女方2
nugong	女工2
nuhai	女孩3
nuhaier	女孩儿2
nuhaizi	女孩子2
nuhe	怒喝2
nuhou	怒吼2
nuhuo	怒火2
nujia	奴家2|女家2
nujiang	女将2|怒江2
nulan	女篮2
nulang	女郎2
nuli	努力3|奴隶3
nulizhi	奴隶制2
nulizhu	奴隶主2
numa	怒骂2
numu	怒目2
nuobeier	诺贝尔2
nuodong	挪动2
nuojiya	诺基亚2
nuomi	糯米2
nuomifan	糯米饭2
nuomifen	糯米粉2
nuoruo	懦弱2
nuowei	挪威2
nuoyan	诺言2
nuoyi	挪移2
nuoyong	挪用2
nupai	女排2
nupengyou	女朋友2
nupu	奴仆2
nuqi	怒气2
nuren	女人3
nushen	女神2
nusheng	女生2
nushi	女士3|女尸2
nutao	怒涛2
nutong	女童2
nuwang	女王2
nuxing	女性3|奴性2
nuxu	女婿2
nuyi	奴役2
nuyou	女友2
nuzhen	女真2
nuzi	女子3
nuzu	女足2
ouda	殴打2
ouer	偶尔3
ougongti	欧共体2
ouhe	耦合2
oula	欧拉2
oumei	欧美2
oumeng	欧盟3
oupeike	欧佩克2
ouran	偶然3
ouranxing	偶然性2
outu	呕吐2
ouxiang	偶像2
ouya	欧亚2
ouyang	欧阳2
ouyangfeng	欧阳锋3
ouyangke	欧阳克2
ouyangxiang	欧阳祥2
ouyangxiu	欧阳修2
ouyuan	欧元3
ouzhou	欧洲3
ouzhouren	欧洲人2
paibie	派别2
paibing	派兵2
paichang	排场2
paicheng	排成2
paichi	排斥2
paichu	派出3|排除3|排出2
paichusuo	派出所2
paida	拍打2
paidui	排队2
paifang	牌坊3|排放2
paiguan	排灌2
paihang	排行2
paihangbang	排行榜2
paihuai	徘徊2
paiji	排挤2
paijipao	迫击炮2
pailian	排练2
pailie	排列3
pailou	牌楼2
paima	拍马2
paimai	拍卖3
paimapi	拍马屁2
paiming	排名3
painiao	排尿2
paipai	拍拍2
paiqian	派遣3
paiqiu	排球2
paishe	拍摄3
paisheng	派生2
paishou	拍手2
paishui	排水2
paishuiliang	排水量2
paitou	派头2
paiwai	排外2
paiwei	牌位2
paixi	派系2
paixie	排泄2
paixu	排序2
paizhang	排长2
paizhao	牌照2|拍照2
paizhu	派驻2
paizi	牌子2
panbi	攀比2
panbian	叛变2
panbie	判别2
panchan	盘缠2
panchu	判处2
pandeng	攀登2
panding	判定2
panduan	判断3
panfa	判罚2
pangbian	旁边3
pangda	庞大3
pangde	庞德2
pangdegong	庞德公2
pangguan	旁观2
pangguang	膀胱2
panghuang	彷徨2
panglina	庞丽娜2
pangmen	旁门2
pangren	旁人3
pangting	旁听2
pangu	盘古2
panguan	判官2
pangxie	螃蟹2
pangzhepu	旁遮普2
pangzi	胖子3
panhuan	盘桓2
panjinlian	潘金莲2
panju	盘踞2
panjue	判决3
panjun	叛军2
panlong	蟠龙2|盘龙2
panluan	叛乱3
panmian	盘面2
panming	拚命2
panni	叛逆2
panshan	蹒跚2
pansheng	攀升2
pansuan	盘算2
pantu	叛徒2
panwang	盼望2
panwen	盘问2
panxi	盘膝2
panxing	判刑2
panxuan	盘旋2
panyuan	攀援2
panyueming	潘粤明2
panzhong	盘中2
panzi	盘子2
paobing	炮兵2
paobu	跑步2
paodan	炮弹3
paodao	跑道2
paohong	炮轰2
paohuo	炮火2
paoji	炮击2
paokai	抛开2
paomo	泡沫2
paoqi	抛弃2
paosheng	炮声2
paota	炮塔2
paotai	炮台2
paoxiang	炮响2
paoxiao	咆哮2
paozhi	抛掷2|炮制2
paozi	袍子2
paren	怕人2
pasi	怕死2
paxing	爬行2
pazai	趴在2
peiban	陪伴2
peibei	配备3
peiceng	胚层2
peichang	赔偿3
peidai	佩戴2
peidian	配殿2
peie	配额2
peifang	配方2
peifu	佩服3
peigaocai	裴高才2
peigen	培根2
peihe	配合3
peijia	陪嫁2
peijian	配件2
peikuan	赔款2
peilu	赔率2
peiou	配偶2
peiru	胚乳2
peise	配色2
peishen	陪审2
peishenyuan	陪审员2
peitai	胚胎2
peitao	配套3
peitong	陪同2
peiwei	配位2
peixun	培训3
peixunban	培训班2
peiyang	培养3
peiyong	配用2
peiyou	配有2
peiyu	培育3
peizang	陪葬2
peizhi	配置3|配制2|培植2
peizhu	胚珠2
peizi	配子2
penchu	喷出2
pendi	盆地3
penfa	喷发2
pengbo	蓬勃2
pengdao	碰到3
pengdehuai	彭德怀2
penghongyan	彭红艳2
penghuanwu	彭桓武2
pengji	抨击2
pengjian	碰见2
pengkeyu	彭克玉2
penglai	蓬莱2
pengli	棚里2
penglianhu	彭连虎2
pengpeng	怦怦2
pengqiao	碰巧2
pengqinghua	彭清华2
pengren	烹饪2
pengshang	碰上2
pengsong	蓬松2
pengtiao	烹调2
pengyou	朋友3
pengzhang	膨胀3
pengzhanglao	彭长老2
pengzhen	彭真2
pengzhi	烹制2
pengzhuang	碰撞2
penhuo	喷火2
penjing	盆景2
penqi	喷气2
penqishi	喷气式2
penquan	喷泉2
penshe	喷射2
penti	喷嚏2
pianai	偏爱2
piancha	偏差2
pianduan	片断2
pianfu	篇幅2
pianhao	偏好2
pianjian	偏见2
pianjiang	偏将2
pianju	骗局2
pianke	片刻3
piankejian	片刻间2
pianli	偏离2
pianmian	片面2
pianming	片名2
piannan	偏南2
pianpi	偏僻2
pianpian	偏偏3|篇篇2
pianqu	骗取2
pianren	骗人2
piantan	偏袒2
pianxiang	偏向2
pianyao	偏要2
pianyi	便宜3
pianyuan	偏远2
pianzhang	篇章2|片长2
pianzhong	偏重2
pianzhuang	片状2
pianzi	骗子2|片子2
piaobo	漂泊2
piaodang	飘荡2
piaodong	飘动2
piaofu	漂浮2
piaohu	飘忽2
piaojia	票价2
piaoju	票据2
piaoliang	漂亮3
piaoliu	漂流2
piaomiao	缥缈2
piaopiao	飘飘2
piaoran	飘然2
piaoyang	飘扬2
piaoyi	漂移2|飘逸2
piaozi	票子2
pibao	皮包2
pibei	疲惫2
pibo	批驳2
piceng	皮层2
pici	批次2
pidai	皮带2
pidi	匹敌2
piejian	瞥见2
piekai	撇开2
piexia	撇下2
piezui	撇嘴2
pifa	批发2|疲乏2
pifu	皮肤3|批复2
pifubing	皮肤病2
pige	皮革2
pigu	屁股3
pigua	披挂2
pijia	披甲2
pijing	僻静2
pijiu	啤酒2
pijuan	疲倦2
pilao	疲劳3
pili	霹雳2
piliang	批量2
pilin	毗邻2
pilu	披露3
pimao	皮毛2
pimei	媲美2
pinbo	拼搏2
pinchang	品尝2
pincou	拼凑2
pindao	频道3|贫道2
pinde	品德3
pinfa	贫乏2
pinfan	频繁3
pinfei	嫔妃2
pinfu	贫富2
pingan	平安3
pingban	平板2
pingbi	屏蔽2|评比2
pingchang	平常3
pingdan	平淡2
pingdeng	平等3
pingdi	平地2|平底2
pingding	平定2|评定2
pinge	品格2
pinger	平儿2
pingfan	平反2|平凡2
pingfang	平方2|平房2
pingfangmi	平方米3
pingfen	评分2
pingfeng	屏风2
pinggu	评估3
pingguo	苹果3
pinghe	平和2
pingheng	平衡3
pinghua	平滑2
pinghuaji	平滑肌2
pinghuan	平缓2
pingji	评级2
pingjia	评价3|平价2
pingjiang	平江2|评奖2
pingjie	凭借3
pingjiezhe	凭借着2
pingjin	平津2
pingjing	平静3|瓶颈2
pingju	平局2
pingjun	平均3
pingjunzhi	平均值2
pingkong	凭空2
pinglun	评论3
pinglunjia	评论家2
pingmi	平米2
pingmian	平面3
pingmin	平民3
pingmu	屏幕2
pingpan	评判2
pingpangqiu	乒乓球2
pingping	平平2
pingrang	平壤2
pingri	平日3
pingshen	评审2
pingsheng	平生2
pingshi	平时3
pingshou	平手2
pingshu	评述2
pingshuo	评说2
pingsu	平素2
pingtai	平台3
pingtan	平坦2
pingtian	平添2
pingwei	评为3|评委2
pingwen	平稳2
pingxi	平息2|平西2
pingxing	平行2
pingxiwang	平西王2
pingxuan	评选2
pingyang	平阳2
pingyao	平遥2
pingyi	评议2
pingyong	平庸2
pingyu	评语2
pingyuan	平原3
pingzhang	屏障2
pingzhe	凭着2
pingzheng	平整2|凭证2
pingzhi	平直2
pingzi	瓶子2
pinhan	贫寒2
pinji	品级2|贫瘠2
pinku	贫苦2
pinkun	贫困3
pinkunxian	贫困县2
pinlei	品类2
pinli	聘礼2
pinlu	频率3
pinmin	贫民2
pinming	拼命3
pinnong	贫农2
pinpai	品牌3
pinpin	频频2
pinqing	聘请2
pinqiong	贫穷2
pinren	聘任2
pinseng	贫僧2
pinsi	拼死2
pinwei	品位2|聘为2|品味2
pinxie	拼写2
pinxing	品行2|品性2
pinxue	贫血2
pinyin	拼音2
pinyong	聘用2
pinzhi	品质3
pinzhong	品种3
pinzhuang	拼装2
pipa	琵琶2
pipan	批判3
pipei	匹配2
piping	批评3
pipingjia	批评家2
piqi	脾气3
piqiu	皮球2
pirixiu	皮日休2
pirou	皮肉2
piru	譬如2
piruan	疲软2
pishang	披上2
pishi	批示2
pitou	劈头2
piwei	脾胃2
pixia	皮下2
pixie	皮鞋2
piyan	皮炎2
pizhi	皮质2
pizhun	批准4
pizi	皮子2
pobai	破败2
pochan	破产2
pochu	破除2
podao	朴刀2
podu	坡度2
pogan	颇感2
poge	破格2
pohai	迫害2
pohuai	破坏3
pohuaixing	破坏性2
pojia	婆家2
pojie	破解2
pojin	迫近2
pojiu	破旧2
poju	颇具2
pola	泼辣2
polan	破烂2
poli	魄力2|破例2
polie	破裂2
poluomen	婆罗门2
pomen	破门2
pomie	破灭2
poniang	婆娘2
popo	婆婆3
poqie	迫切2
poshi	迫使3
posui	破碎2
posun	破损2
poumian	剖面2
pouxi	剖析2
powei	颇为2
poyanghu	鄱阳湖2
poyi	破译2
poyu	迫于2
pozhan	破绽2
pozi	婆子2
pubi	扑鼻2
pubian	普遍3
pubianxing	普遍性2
pubu	瀑布3
pucha	普查3
puchi	噗哧2
pudong	浦东2
pufa	普法2
pufu	匍匐2|仆妇2
pugai	铺盖2
puji	普及3
pujing	普京2
pulangke	普朗克2
pulushi	普鲁士2
pumian	扑面2
pumie	扑灭2
puqi	蒲圻2
puren	仆人2
pusa	菩萨3
pushang	铺上2
pushe	铺设2
pushengsi	普圣寺2
pushi	朴实2
pushouchang	蒲绶昌2
pusu	朴素2
putao	葡萄2
putaojiu	葡萄酒2
putaotang	葡萄糖2
putaoya	葡萄牙2
putaoyuan	葡萄园2
puti	菩提2
putianxia	普天下2
putong	普通3|扑通2
putonghua	普通话2
putongren	普通人2
putuan	蒲团2
puxie	谱写2
puyi	溥仪2|仆役2
puzhu	铺筑2
puzi	铺子2
qiadang	恰当2
qiahao	恰好3
qianbainian	千百年2
qianbei	前辈3
qianbi	钱币2|铅笔2
qianbian	前边2
qianbitou	铅笔头2
qianbo	浅薄2
qianbu	千步3|前部2
qianbujiu	前不久2
qiancai	钱财2
qianceng	浅层2
qianchang	前场2
qianchao	前朝2
qianche	牵扯2
qiancheng	虔诚2|前程2
qianchi	千尺2
qianci	前次2
qiandao	前导2
qiandi	前敌2
qiandian	前殿2
qianding	签订3|签定2
qiandong	牵动2
qiandu	迁都2
qianduan	前端2|前段2
qiandunji	千吨级2
qiane	前额2
qianfa	签发2
qianfang	前方2
qianfeng	前锋2
qianfu	潜伏2|纤夫2
qiangbao	强暴2
qiangbi	墙壁2|枪毙2
qiangbian	墙边2
qiangda	强大3
qiangdan	枪弹2
qiangdao	强盗3
qiangdi	强敌2
qiangdiao	强调3|腔调2
qiangdu	强度3|强渡2
qiangduo	抢夺2
qiangfa	枪法2
qianggen	墙根2
qianggong	抢攻2|强攻2
qiangguan	枪管2
qiangguang	强光2
qiangguo	强国2
qianghan	强悍2
qianghua	强化3
qiangji	羟基2
qiangjia	强加2
qiangjian	强奸2|强健2
qiangjiao	墙角2
qiangjie	抢劫2
qiangjing	强劲2
qiangjiu	抢救2
qiangkou	枪口2
qiangli	强力2
qianglie	强烈3
qiangong	谦恭2
qiangongqing	千公顷3
qiangpao	枪炮2
qiangpo	强迫3
qiangqiu	强求2
qiangren	强忍2|强人2
qiangruo	强弱2
qiangsha	枪杀2
qiangshang	墙上3
qiangsheng	强盛2|枪声2
qiangshi	强势2
qiangshou	枪手2
qiangtou	墙头2
qiangtuo	枪托2
qiangu	千古2
qiangua	牵挂2
qiangwei	蔷薇2
qiangxian	抢先2|抢险2
qiangxiang	枪响2
qiangxie	枪械2
qiangxing	强行2
qiangxiu	抢修2
qiangying	强硬2
qiangyouli	强有力2
qiangyu	强于2
qiangzhan	强占2|抢占2
qiangzhe	强者2
qiangzhi	强制2|枪支2
qiangzhixing	强制性2
qiangzhuang	强壮2
qiangzou	抢走2
qiangzu	羌族2
qianhai	浅海2
qianhou	前后3
qianhu	千户2
qianjiang	潜江2
qianjiangshi	潜江市3
qianjin	前进3|千斤2|千金2
qianjing	前景3
qianjiu	迁就2
qianju	迁居2
qianka	千卡2
qianke	千克3
qiankun	乾坤2
qianlai	前来3
qianli	潜力3|千里2
qianlian	牵连2
qianliang	钱粮2
qianlie	前列3
qianliexian	前列腺2
qianlong	乾隆3
qianlu	前路2
qianmen	前门2
qianmi	千米3
qianmian	前面3
qianming	签名2
qianmu	千亩2
qianneng	潜能2
qiannian	千年3|前年2
qianqi	前期3
qianqianyi	钱谦益3
qianqichen	钱其琛2
qianqin	前秦2
qianqiu	千秋2
qianqu	前去3
qianque	欠缺2
qianrang	谦让2
qianren	前人2|前任2
qianri	前日2
qianru	潜入2|迁入2|嵌入2
qianrushi	嵌入式2
qianse	浅色2
qianshao	前哨2
qianshe	牵涉2
qianshen	前身2|欠身2
qianshi	遣使2|前世2
qianshu	签署3|前述2
qianshui	潜水2|浅水2
qiansong	遣送2
qiantai	前台2
qiantan	浅滩2
qiantangjiang	钱塘江2
qianti	前提3
qiantian	前天2
qianting	潜艇3|前厅2
qiantou	前头2|牵头2
qiantu	前途3
qianwa	千瓦2
qianwan	千万3
qianwang	前往3
qianwangjing	潜望镜2
qianwei	前卫2
qianwu	千五2
qianxi	前夕2|迁徙2
qianxian	前线3
qianxienian	前些年2
qianxin	潜心2
qianxing	前行2
qianxiong	前胸2
qianxu	谦虚2
qianxueli	钱学礼2
qianxun	谦逊2
qianyan	前沿2
qianyi	迁移2|前移2|歉意2
qianyin	牵引2
qianyishi	潜意识2
qianyitian	前一天2
qianyu	千余2
qianyuan	千元2|前缘2|前院2
qianyue	签约2
qianyujian	千余件2
qianyunlu	钱运录2
qianzai	潜在2
qianze	谴责3
qianzhang	千张2
qianzhe	前者3
qianzheng	签证2
qianzhi	牵制2|前肢2
qianzhijiang	钱之江2
qianzhu	签注2
qianzi	签字3
qianzou	前奏2
qiaobangzhu	乔帮主2
qiaobao	侨胞2
qiaoben	桥本2
qiaobi	峭壁2
qiaobuqi	瞧不起2
qiaocui	憔悴2
qiaoda	敲打2
qiaodahang	乔大夯2
qiaodun	桥墩2
qiaogun	撬棍2
qiaohe	巧合2
qiaohong	乔红2
qiaoji	敲击2
qiaojian	瞧见2
qiaojiang	巧匠2
qiaoju	侨居2
qiaojuan	侨眷2
qiaokeli	巧克力2
qiaokouqu	硚口区2
qiaoliang	桥梁3
qiaomai	荞麦2
qiaomen	敲门2|窍门2
qiaomian	桥面2
qiaomiao	巧妙2
qiaomin	侨民2
qiaomu	乔木2
qiaoqiao	瞧瞧3|悄悄3
qiaoqiaode	悄悄的2
qiaoqiaodi	悄悄地2
qiaoran	悄然2
qiaoshen	桥身2
qiaosheng	悄声2
qiaoshi	乔石2
qiaoshou	翘首2
qiaotou	桥头2
qiaotoubao	桥头堡3
qiaoxia	桥下2
qiaoxiang	敲响2
qiaoxiaoyang	乔晓阳2
qiaoyu	巧遇2
qiaozhi	乔治2
qiaqia	恰恰3
qiaqiao	恰巧2
qiaru	恰如2
qiasi	恰似2
qiatan	洽谈2
qiba	七八2
qibage	七八个2
qibei	齐备2
qibing	骑兵3|起兵2|起病2|奇兵2
qibu	起步2
qicai	器材2|奇才2
qicaichang	器材厂2
qican	凄惨2
qicao	起草2
qiche	汽车4|骑车2
qicheng	启程2|起程2|七成2
qichu	起初2
qichuan	气喘2
qichuang	起床2
qichun	蕲春2
qichunxian	蕲春县2
qici	其次3
qidai	期待3
qidan	契丹3
qidanei	齐达内2
qidao	起到3|祈祷2
qide	启德2
qidi	启迪2
qidian	起点3
qidong	启动3|气动2
qidu	气度2
qie	企鹅2
qiebushuo	且不说2
qiechu	切除2
qiecuo	切磋2
qieduan	切断2
qieerxi	切尔西2
qiege	切割2
qiehe	切合2
qieji	切忌2|切记2
qiekai	切开2
qiekuai	切块2
qieman	且慢2
qienuo	怯懦2
qiepian	切片2
qier	其二2|妻儿2
qieru	切入2
qieshen	切身2
qieshi	切实3
qieshuo	且说2
qieting	窃听2
qiewu	切勿2
qiexiao	切削2
qieyi	惬意2
qiezi	茄子2
qifa	启发2
qifang	齐放2
qifei	起飞3|岂非2
qifen	气氛3|气愤2|七分2
qifu	起伏3|欺负2|其父2
qigai	气概2|乞丐2
qigan	旗杆2|岂敢2
qige	七个2
qigong	气功2|奇功2
qiguai	奇怪3
qiguan	器官3|奇观2|气管2
qiguo	齐国2
qihao	旗号2
qihei	漆黑2
qihong	起哄2
qihou	气候3|其后2
qihua	气化2
qihuaiyuan	齐怀远2
qihuamen	齐化门2
qihuo	期货2|起火2
qiji	奇迹2|契机2
qijia	起家2
qijian	期间4|其间3|器件2|旗舰2
qijiang	起降2
qijie	七届2|气节2
qijiguang	戚继光2
qijin	迄今2|起劲2
qiju	器具2|起居2|棋局2
qijuzhu	漆巨柱2
qikan	期刊2
qike	岂可2
qiken	岂肯2
qikong	气孔2
qilai	起来4
qilao	耆老2
qili	气力2|绮丽2|凄厉2
qiliang	凄凉2
qilianshan	祁连山2
qiligou	七里沟2
qilin	麒麟2
qiling	欺凌2
qiliu	气流2
qilunji	汽轮机2
qiluo	起落2
qiluojia	起落架2
qima	骑马3|起码2
qiman	期满2
qimen	气闷2
qimeng	启蒙2
qimi	七米2
qimiao	奇妙2
qimin	器皿2
qiming	齐名2|七名2
qimo	期末2
qinai	亲爱2
qinan	秦安2
qinang	气囊2
qinao	气恼2
qinbi	亲笔2
qinbing	亲兵3
qinchai	钦差2
qindai	秦代2
qinding	钦定2
qinei	其内2|期内2|气馁2
qineng	岂能2
qinfan	侵犯3
qinfen	勤奋2
qingai	情爱2
qingan	请安2
qingbai	清白2
qingbao	情报3
qingbian	轻便2
qingbing	清兵3
qingbo	轻薄2
qingcai	青菜2
qingcang	青藏2
qingcao	情操2|青草2
qingcha	清查2
qingchang	清偿2
qingchao	清朝3
qingche	清澈2
qingchen	清晨3
qingcheng	青城2
qingchu	清楚3|清除2|清初2
qingchun	青春3
qingchunqi	青春期2
qingci	青瓷2
qingcong	青葱2
qingcui	清脆2
qingdai	清代3
qingdan	清单2|氢弹2|清淡2
qingdao	青岛3|倾倒2
qingdaodui	青岛队2
qingdi	轻敌2
qingdian	庆典3|清点2
qingdiao	情调2
qingdixun	清帝逊2
qingdu	轻度2
qingdun	清炖2
qingfang	轻纺2
qingfeng	清风2
qingfu	倾覆2
qinggan	情感3
qinggao	清高2
qinggong	清宫2|轻工2|庆功2
qinggongye	轻工业2
qinghai	青海2
qinghaisheng	青海省2
qinghe	庆贺2|清河2
qinghua	清华3
qinghuai	情怀2
qingjia	请假2|亲家2
qingjiang	清江2
qingjiao	请教2|倾角2
qingjie	情节3|清洁3|情结2
qingjin	青筋2
qingjing	情景3|清静2|清净2|情境2
qingjun	清军3
qingke	请客2|顷刻2|青稞2
qingkejian	顷刻间2
qingkuai	轻快2
qingkuang	情况4
qinglai	青睐2|请来2
qinglang	晴朗2
qingleng	清冷2
qingli	清理3|情理2|清丽2
qingliang	清亮2|清凉2
qingliangsi	清凉寺2
qingliu	清流2
qinglong	青龙2
qinglu	情侣2
qingludian	清律典2
qingmeisu	青霉素2
qingmie	轻蔑2
qingming	清明2
qingmingjie	清明节2
qingmo	清末2
qingmu	青木2
qingmuhe	青木河2
qingnian	青年3
qingnianren	青年人2
qingong	寝宫2
qingpiaopiao	轻飘飘2
qingqi	氢气2|轻骑2
qingqiao	轻巧2
qingqing	轻轻3|青青2
qingqingdi	轻轻地2
qingqiu	请求3
qingqu	情趣2
qingquan	清泉2
qingre	清热2
qingren	情人2|清人2
qingrou	轻柔2
qingsao	清扫2
qingse	青色2
qingshan	青山2
qingshanqu	青山区2
qingshaonian	青少年3
qingshen	轻身2
qingsheng	轻声2
qingshengdao	轻声道2
qingshi	情势2|请示2|轻视2|青石2|清史2
qingshiban	青石板2
qingshuai	轻率2
qingshuang	清爽2
qingshui	清水2
qingsong	轻松3
qingsu	倾诉2
qingsuan	清算2
qingtian	晴天2|擎天2|青天2
qingting	倾听2|清廷2
qingtong	青铜2
qingtongqi	青铜器2
qingui	秦桧2
qinguo	秦国2
qingwa	青蛙2
qingwei	轻微2
qingwen	请问2|晴雯2
qingwuqi	轻武器2
qingxi	清晰3|清洗2
qingxiang	倾向3|清香2
qingxie	倾斜3
qingxin	清新2|倾心2
qingxing	情形3|清醒3|轻型2|庆幸2
qingxiu	清秀2
qingxu	情绪3
qingya	倾轧2
qingyi	轻易3|青衣2|情意2|情谊2
qingying	轻盈2
qingyou	情由2|清幽2
qingyu	情欲2
qingyuan	请愿3|情愿2
qingyuanzi	氢原子2
qingzao	清早2
qingzheng	清蒸2
qingzhengfu	清政府3
qingzhensi	清真寺2
qingzhong	轻重2
qingzhou	青州2
qingzhu	庆祝3|青竹2|倾注2
qingzhuan	青砖2
qingzhuang	情状2|轻装2
qingzhuangnian	青壮年2
qinhai	侵害2
qinhan	秦汉2
qinhua	侵华2
qinhuangdao	秦皇岛2
qinhuo	擒获2
qinian	七年3
qinjiazhou	秦家洲2
qinjin	亲近2
qinjiwei	秦基伟2
qinjun	秦军2
qinkehu	秦克湖2
qinkou	亲口2
qinlao	勤劳2
qinlin	亲临2
qinling	秦岭2
qinliugan	禽流感2
qinlu	亲率2
qinlue	侵略3
qinluejun	侵略军2
qinluezhe	侵略者3
qinmi	亲密2
qinna	擒拿2
qinni	亲昵2
qinpei	钦佩2
qinqi	亲戚3
qinqiang	秦腔2
qinqie	亲切3
qinqing	亲情2
qinquan	侵权2
qinrao	侵扰2
qinre	亲热2
qinren	亲人3
qinripai	亲日派2
qinru	侵入3
qinshen	亲身2
qinsheng	亲生2|琴声2
qinshi	侵蚀2|寝室2|亲事2
qinshihuang	秦始皇2
qinshou	亲手2|禽兽2
qinshu	亲属2
qinshunan	秦属南2
qinshutian	秦书田2
qintai	琴台2
qinwang	亲王3|秦王2|勤王2
qinwen	亲吻2
qinwu	勤务2
qinxi	侵袭2
qinxian	琴弦2
qinxin	亲信2
qinyan	亲眼2
qinyou	亲友2
qinyuan	沁源2|亲缘2
qinzhan	侵占2
qinzheng	亲征2|亲政2
qinzhinan	秦置南2
qinzhongying	秦钟英2
qinzi	亲自3
qiongku	穷苦2
qiongkun	穷困2
qiongren	穷人3
qiongsi	琼斯2
qipai	气派2
qipan	棋盘3|企盼2|期盼2
qipao	旗袍2|气泡2
qipei	汽配2
qipian	欺骗2
qipin	七品2
qipo	气魄2
qiqi	漆器2
qiqiao	蹊跷2
qiqie	妻妾2
qiqiu	祈求2|气球2|企求2|乞求2
qiqu	崎岖2
qiquan	齐全3|弃权2
qiquanpiao	弃权票2
qiran	凄然2
qiren	奇人2|旗人2
qiri	七日2
qisan	其三2
qise	气色2|起色2
qishe	骑射2
qishen	起身3
qisheng	齐声3
qishi	其实4|气势3|骑士2|其时2|启示2|歧视2
qishier	七十二2
qishiye	企事业2
qishou	棋手2
qishu	漆树2
qishui	汽水3
qisi	气死2
qisu	起诉2
qisui	七岁2
qita	其他4|其它3
qitaren	其他人2
qite	奇特3
qiti	气体3
qitian	七天2
qitu	企图3
qiuchang	球场2
qiuchuji	丘处机2
qiuci	龟兹2
qiudanbai	球蛋白2
qiude	求得2
qiudui	球队3
qiufan	囚犯2
qiufeng	秋风2
qiuhe	求和2
qiuhun	求婚2
qiuji	秋季2
qiujian	求见2
qiujie	求解2
qiujier	丘吉尔2
qiujin	囚禁2
qiujiu	求救2
qiulili	裘丽丽2
qiuling	丘陵3
qiulingqu	丘陵区2
qiumen	球门2
qiumi	球迷3
qiumian	球面2
qiuqianren	裘千仞2
qiuqing	求情2
qiuqunwang	丘群望2
qiuran	虬髯2
qiurao	求饶2
qiushen	秋审2
qiusheng	求生2
qiushou	秋收2
qiushui	秋水2
qiusihao	邱四豪2
qiutian	秋天2
qiutu	囚徒2
qiuxing	球形2|球星2
qiuxue	求学2
qiuyin	蚯蚓2
qiuyuan	球员3|求援2
qiuzhang	酋长2
qiuzhi	求职3|求知3
qiuzhizhe	求职者2
qiuzhu	求助2
qiuzhuang	球状2
qiwang	期望3
qiwangzhi	期望值2
qiwei	气味3
qiwen	气温3
qiwu	器物2|欺侮2
qixi	气息3|栖息2|憩息2
qixia	旗下2
qixian	期限3|起先2|杞县2
qixiang	气象3
qixiangxue	气象学2
qixie	器械2
qixing	七星2
qixingyu	七星鱼2
qixu	气虚2
qixuan	气旋2
qixue	气血2
qiya	气压2|欺压2
qiyan	气焰2
qiye	企业4
qiyejia	企业家2
qiyezhu	企业主2
qiyi	起义3|其一2|奇异2|起疑2
qiyijun	起义军3
qiyin	起因2
qiyong	启用2|起用2
qiyou	汽油2
qiyu	其余3
qiyuan	起源3
qiyue	七月2|契约2|器乐2
qizha	欺诈2
qizhen	奇珍2
qizheng	齐整2
qizhi	旗帜3|气质2|岂止2
qizhong	其中4|器重2
qizi	妻子3|棋子2|其子2|旗子2
qizou	启奏2
qizuo	七座2
quanban	全班2
quanbang	全邦2
quanbu	全部4
quanchang	全场2
quancheng	全称2|全城2|全程2
quancun	全村2
quandang	全党3
quandao	全岛2
quandi	圈地2
quanding	圈定2
quandou	全都3
quandui	全队2
quane	全额2
quanfa	拳法2
quanfangwei	全方位2
quanfenli	权分立2
quangao	劝告2
quanguanqing	全冠清2
quangui	权贵2
quanguo	全国4
quanguocheng	全过程2
quanguoxing	全国性2
quanheng	权衡2
quanhui	全会3
quanji	全集2|拳击2
quanjia	全家2
quanjiafu	全家福2
quanjian	全歼2|劝谏2
quanjiao	拳脚2
quanjiaren	全家人2
quanjie	劝解2
quanjing	全境3|全景2
quanju	全局2
quanjun	全军3
quanli	权力4|权利3|全力3
quanmei	全美2
quanmen	券门2
quanmian	全面3
quanmin	全民3
quanneng	全能2
quannian	全年3
quanpan	全盘2
quanqiu	全球3
quanqiuhua	全球化2
quanqiutong	全球通2
quanqiuxing	全球性2
quanqu	全区2
quanquan	全权2
quanran	全然2
quanrizhi	全日制2
quanshang	券商2
quanshen	全身3
quansheng	全省4|全胜2|全盛2
quanshi	全市3|权势2|诠释2
quanshijie	全世界3
quanshu	全书2|拳术2|全数2
quanshui	泉水2
quanshuo	劝说2
quantao	圈套2|全套2
quanti	全体3
quantian	全天2
quantianhou	全天候2
quantou	拳头2
quanwei	权威3|劝慰2|权位2
quanweixing	权威性2
quanwen	全文2
quanxian	全县2|权限2|全线2
quanxiang	劝降2
quanxiao	全校2
quanxin	全新2
quanyi	权益3
quanyu	痊愈2
quanzhang	全长3
quanzhen	全真2
quanzheng	权证2
quanzhong	权重2
quanzhou	泉州2|全州2
quanzi	圈子2
quanzu	劝阻2
qubie	区别3
qucai	取材2
quche	驱车2
quchu	取出3|去处2|驱除2|去除2
qucong	屈从2
qudai	取代3
qudao	渠道3|取道2
qude	取得4
qudi	取缔2
qudiao	曲调2|去掉2
qudong	驱动2
quebao	确保3
quedian	缺点2
queding	确定3
quefa	缺乏3
quehan	缺憾2
quekou	缺口2
queli	确立3
quemenwei	阙门未2
quepingming	阙平明2
queqie	确切2
queren	确认3
queshao	缺少3
queshi	却是3|确实3|缺失2
queshui	缺水2
queshuo	却说3
quexi	缺席2
quexian	缺陷2
quexin	确信2
queyang	缺氧2
queyou	确有2
queyoumen	阙右门2
quezhen	确诊2
qufen	区分3
qufu	屈服2|曲阜2
qugan	驱赶2|躯干2
quguo	去过2
quhua	区划2
qujiahu	瞿家湖2
qujialing	屈家岭3
qujian	区间2
qujing	取经2
qujiu	曲酒2
qujue	取决3
qujueyu	取决于2
qulu	去路2
qumian	曲面2
quming	取名2
qumu	曲目2
qunchen	群臣2
qundao	群岛3
qunei	区内2
qunian	去年3
quniandi	去年底2
qunluo	群落2
qunqi	群起2
qunshan	群山2
qunti	群体3
qunuan	取暖2
qunxiong	群雄3
qunying	群英2
qunzhong	群众4
qunzhongxing	群众性2
qunzi	裙子2
qupai	曲牌2
quqi	娶妻2
quqiubai	瞿秋白2
ququ	去取2|区区2
quru	屈辱2
qusan	驱散2
qushe	取舍2
qusheng	取胜3
qushi	趋势3|去世3|驱使2|取食2|取士2|去势2
qusiyuan	区四园2
quti	躯体2
quwei	趣味2|区委2|区位2
quxi	屈膝2
quxian	曲线2
quxiang	趋向2|去向2|取向2
quxianmei	曲线美2
quxiao	取消3|取笑2
quxiongchu	区雄楚2
quyi	曲艺2
quyu	区域3|趋于2
quyuan	屈原2
quyue	取悦2
quyuxing	区域性2
quzhang	区长3
quzhe	曲折3
quzheng	区政2
quzhu	驱逐2
quzhujian	驱逐舰2
quzi	曲子2|取自2
raner	然而3
ranfa	染发2
ranfaji	染发剂2
rangbu	让步2
ranggei	让给2
rangkai	让开2
rangli	让利2
rangrang	嚷嚷2
rangwei	让位2
ranhou	然后4
ranliao	燃料3|染料2
ranqi	燃气2|燃起2
ranran	冉冉2
ranse	染色2
ranseti	染色体2
ranshang	染上2
ranshao	燃烧3
ranyou	燃油2
ranze	然则2
raocheng	绕城2
raodao	绕道2
raodong	扰动2
raoguo	绕过2
raoluan	扰乱2
raoming	饶命2
reai	热爱2
rechao	热潮2
rechen	热忱2
rechuli	热处理2
redai	热带3
redian	热点3
rehe	热河2
rehuhu	热呼呼2
rehuo	热火2
relei	热泪2
reli	热力2
reliang	热量3
relie	热烈3
relixue	热力学2
remen	热门2
renao	热闹3
renben	人本2
renbishi	任弼时2
renbuzhi	人不知2
renbuzhu	忍不住3
rencai	人才3
rencheng	人称2
renchu	认出2
renci	人次2|仁慈2
rencong	人丛2
rencuo	认错2
renda	人大4
rendai	韧带2
rendaihui	人代会2
rendao	人道2
rende	认得3
rending	认定3|人丁2
reneng	热能2
rener	人儿2
renfan	人犯2
rengdiao	扔掉2
renge	人格3
rengjiu	仍旧3
rengong	人工3
rengonghu	人工湖2
rengou	认购2
rengran	仍然3
rengxia	扔下2
renhe	任何4
renheren	任何人3
renji	人际2|人迹2
renjia	人家3
renjian	人间3
renjiao	任教2
renjun	人均3
renke	认可2
renkeli	任克礼2
renkou	人口4
renkoushu	人口数3
renlei	人类3
renleixue	人类学2
renli	人力3
renlian	人脸2
renliu	人流2
renma	人马3
renmaodong	任茂东2
renmen	人们4
renmian	任免3|人面2
renmianquan	任免权2
renmin	人民4
renminbi	人民币3
renmindang	人民党2
renming	任命3|人命2
renmingce	人名册2
renminwang	人民网2
rennai	忍耐2
rennao	人脑2
renpin	人品2
renping	任凭2
renqi	任期3|人气2
renqing	人情2|认清2
renquan	人权2
renqun	人群3
renren	人人3
renshen	人身3|妊娠2|人参2
rensheng	人生3|人声2
renshengguan	人生观2
renshenqi	妊娠期2
renshi	认识3|人士3|人事3|人世2|人氏2
renshibu	人事部2
renshilun	认识论2
renshou	忍受2|人手2|人寿2
renshu	人数3|认输2
renti	人体3
rentong	认同2
rentou	人头2
renwei	认为4|人为3
renwen	人文3
renwu	任务4|人物4
renxianqi	任贤齐2
renxin	人心3|忍心2
renxing	人性2|人行2|任性2|人形2|韧性2
renxingdao	人行道2
renxinghua	人性化2
renxinmin	任新民2
renxiong	仁兄2
renxuan	人选3
renxue	人学2
renyi	任意2|仁义2
renying	人影2
renyiqiu	任意球2
renyong	任用2
renyou	任由2
renyuan	人员4|人缘2
renzao	人造3
renzhen	认真3
renzheng	认证3
renzhi	任职3|认知2|人质2
renzhong	人种2
renzinian	壬子年2
reqi	热气2
reqie	热切2
reqing	热情3
reshui	热水2
rexian	热线2
rexin	热心2
rexue	热血2
rezhong	热衷2
rezhongyu	热衷于2
ribao	日报3
riben	日本4
richang	日常3
richeng	日程2
richu	日出2
rierman	日耳曼2
rifang	日方2
riguang	日光2
rihou	日后3
riji	日记2
rijian	日渐2|日见2|日间2
rijun	日军3|日均2
rikou	日寇2
rili	日历3
rilong	日隆2
riluo	日落2
rineiwa	日内瓦2
riqi	日期3
riqian	日前3
riqu	日趋2
riri	日日2
ritou	日头2
riye	日夜2
riyi	日益3
riyong	日用2
riyongpin	日用品2
riyu	日语2
riyuan	日元2
riyue	日月3
rizhao	日照2
rizhi	日志3
rizi	日子3
rongdian	熔点2
rongdong	溶洞2
ronghe	融合3
ronghua	融化2|熔化2
ronghuo	荣获2
rongji	溶剂2|容积2
rongjie	溶解2
rongjiedu	溶解度2
rongliang	容量3
ronglu	荣禄2
rongmao	容貌2|绒毛2
rongna	容纳2
rongqi	容器2
rongqia	融洽2
rongqing	容情2
rongren	容忍2
rongrong	熔融2
rongru	融入2|荣辱2
rongshui	融水2
rongshuiliang	容水量2
rongxing	荣幸2
rongxu	容许2
rongyan	熔岩2|容颜2
rongyao	荣耀2
rongye	溶液3
rongyi	容易3
rongyu	荣誉3|溶于2
rongzhi	溶质2
rongzhu	熔铸2
rongzhuang	戎装2
rongzi	融资3
roudao	柔道2
rouhe	柔和2
rouji	肉鸡2
roujia	柔嘉2
roulei	肉类2
roulin	蹂躏2
rouqing	柔情2
rouruan	柔软2
rouruo	柔弱2
roushi	肉食2
rousi	肉丝2
routi	肉体2
rouyan	肉眼2
rouzhi	肉质2
rouzhipin	肉制品2
ruanchengfa	阮成发2
ruandacheng	阮大铖2
ruangu	软骨2
ruanhua	软化2
ruanjian	软件3
ruanjianyuan	软件园2
ruanjin	软禁2
ruanruan	软软2
ruanruo	软弱2
rubaise	乳白色2
ruchang	如常2|入场2
ruchong	蠕虫2
ruchu	如初2
ruchuan	入川2
ruci	如此4
rudang	入党2
rudong	蠕动2
ruer	入耳2
rufang	乳房2
rugao	如皋2
ruge	入阁2
rugu	入股2
ruguan	入关2
ruguo	如果4
ruguoshuo	如果说3
ruhai	入海2
ruhe	如何4
ruidian	瑞典3
ruijian	锐减2
ruijin	瑞金2
ruili	锐利2
ruiqi	锐气2
ruishi	瑞士3
ruji	入籍2
rujia	儒家2
rujin	如今3
rujing	入境2
rukou	入口2
rukouchu	入口处2
ruku	入库2
rulai	如来2
rulin	如林2
ruma	辱骂2
rumen	入门2
runhua	润滑2
ruoda	偌大2
ruodian	弱点2
ruofei	若非2
ruogan	若干3
ruoganfen	若干份2
ruogange	若干个2
ruogannian	若干年2
ruohe	若何2
ruoshi	弱势2
ruoxiao	弱小2
ruozhe	弱者2
ruqi	如其2|如期2
ruqin	入侵3
ruqinzhe	入侵者2
ruruo	如若2
rusheng	儒生2
rushi	如是3|入市2|如实2|入世2
rushou	入手2
rushui	入睡2
rusuan	乳酸2
rutong	如同3
rutou	乳头2
rutu	入土2
ruwei	入围2
ruwu	入伍2
ruxia	如下3
ruxian	乳腺2
ruxianai	乳腺癌2
ruxuan	入选2
ruxue	入学2|儒学2
ruxuelu	入学率2
ruya	儒雅2
ruyao	入药2
ruyi	如意2
ruyu	入狱2
ruyuan	如愿2
ruyun	如云2
ruzhi	乳汁2
ruzhu	入主2|入住2
sadamu	萨达姆2
sahala	撒哈拉2
sahuang	撒谎2
saichang	赛场2
saiche	赛车2
saidiwang	赛迪网2
saihou	赛后2
saiji	赛季3
saiqian	赛前2
saiqu	赛区2
saishi	赛事2
saiwai	塞外2
sajiao	撒娇2
salazu	撒拉族2
sanbai	三百2
sanbainian	三百年2
sanbao	三宝2
sanbaxian	三八线2
sanbei	三杯2|三倍2
sanbian	三边2
sanbing	伞兵2
sanbu	散布2|三步2|散步2|三部2
sanbuqu	三部曲2
sanceng	三层3
sancha	三叉2
sanchaji	三叉戟2
sanchang	三场2
sancheng	三成2
sanchi	三尺2
sanchong	三重2
sanchu	三处2
sanci	三次3
sancun	三寸2
sandai	三代2
sandao	三道2
sandeng	三等2
sandengjiang	三等奖2
sandian	三点2
sanduan	三端2
sanfa	散发2
sanfang	三方2
sanfen	三分3
sanfenqiu	三分球2
sangai	伞盖2
sange	三个3
sangen	三根2
sangguowei	桑国卫2
sangmen	嗓门2
sangming	丧命2
sangong	三公2
sangsheng	丧生2
sangshi	丧失3|丧事2
sanguo	三国3
sangyin	嗓音2
sangzi	嗓子2
sanhe	三合2
sanhu	三户2
sanhuo	散货2
saniao	撒尿2
sanji	三级3
sanjia	三家2|三甲2
sanjian	三间2|三件2
sanjiang	三江2|三讲2
sanjiao	三角2
sanjiaoxing	三角形2
sanjiaozhou	三角洲2
sanjie	三节2
sanjiu	三九2
sanju	三局2|散居2|三句2
sanjun	三军2
sankai	散开2
sankou	三口2
sanlei	三类2
sanlian	三联2
sanlu	三路2
sanluan	散乱2
sanlun	三轮2
sanlunche	三轮车2
sanluo	散落2
sanmei	三枚2
sanmen	三门2
sanmian	三面3
sanming	三名2
sannian	三年3
sanpin	三品2
sanqi	三期2
sanqian	三千2
sanqianli	三千粒2
sanre	散热2
sanri	三日2
sanshan	三山2
sanshe	散射2
sansheng	三声2
sanshi	三十2|三世2
sanshili	三十里2
sanshiliu	三十六2
sanshinian	三十年2
sanshisui	三十岁2
sanshiwan	三十万2
sanshui	散水2
sansige	三四个2
sansiqian	三四千2
sansiwan	三四万2
sansui	三岁2
santian	三天3
santiao	三条2
santong	三通2
sanwan	三万2
sanwanduo	三万多2
sanwang	三王2
sanwei	三位3|三维2
sanwen	散文2
sanxia	三峡3|三下2
sanxian	三鲜2
sanxiang	三项2
sanxing	三星2
sanya	三亚2
sanyuan	三元2|三院2
sanyue	三月3
sanzang	三藏3
sanzhang	三丈2|三张2
sanzhao	三招2
sanzhe	三者2
sanzhi	三只2|三支2|三枝2
sanzhong	三种3|三中2
sanzi	三子2
sanzuo	三座2
sanzuomen	三座门2
saochu	扫除2
saodang	扫荡2
saodi	扫地2
saodong	骚动2
saolei	扫雷2
saoluan	骚乱2
saomiao	扫描2
saoqing	扫清2
saorao	骚扰2
saosao	嫂嫂2
saoshe	扫射2
saosi	缫丝2
saoxing	扫兴2
saoyang	瘙痒2
saozhou	扫帚2
saozi	嫂子2
sashou	撒手2
sashoujian	撒手锏2
satuo	洒脱2
secai	色彩3
sediao	色调2
sefen	色酚2
sengdao	僧道2
senglu	僧侣2
sengong	森工2
sengren	僧人3
sengzhong	僧众2
senlin	森林3
senyan	森严2
sepu	色谱2
seqing	色情2
sese	瑟瑟2
sesu	色素2
seze	色泽2
shabai	煞白2
shabao	沙包2
shabu	纱布2
shachang	沙场2
shachen	沙尘2
shachenbao	沙尘暴2
shachongji	杀虫剂2
shachu	杀出2
shadan	傻蛋2
shadi	杀敌2|沙地2
shadiao	杀掉2
shading	纱锭2
shadu	杀毒2
shae	沙俄2
shafa	沙发2
shafuming	沙复明2
shagua	傻瓜2
shahai	杀害3
shahe	沙河2
shahu	沙湖2
shahuang	沙皇2
shaitaiyang	晒太阳2
shaixuan	筛选2
shaju	沙咀2
shajun	杀菌2
shakou	沙口2
shalong	沙龙2
shalu	杀戮2
shamendui	厦门队2
shamie	杀灭2
shamo	沙漠3
shamu	杉木2
shanajian	刹那间2
shanao	山坳2
shanban	舢板2
shanbei	陕北2
shanbi	闪避2|山壁2
shanchang	擅长3
shancheng	山城2
shanchu	删除2
shanchuan	山川2
shancun	山村2|闪存2
shandai	善待2
shandao	山道2
shandi	山地3
shandian	闪电2
shanding	山顶3
shandong	山东3|山洞2|闪动2|煽动2
shandongsheng	山东省2
shane	善恶2
shanfeng	山峰2
shangan	上岸2|陕甘2
shangba	伤疤2
shangban	上班3
shangbanchang	上半场2
shangbannian	上半年2
shangbanye	上半叶2
shangbanzu	上班族2
shangbao	上报2
shangbaozhen	商宝震2
shangbian	上边2
shangbiao	商标2|上表2
shangbing	伤病2
shangbu	上部2
shangcan	伤残2
shangce	上策2
shangceng	上层3
shangchang	商场2|上场2
shangchao	商朝2|上朝2
shangche	上车2
shangcheng	商城3|上乘2|上城2|上成2
shangchu	伤处2
shangchuan	上船2|商船2
shangchuang	上床2
shangci	上次2|赏赐2
shangcun	尚存2
shangdai	商代2
shangdang	上当2|上党2
shangdi	上帝3
shangdian	商店2
shangdiao	上调2|上吊2
shangding	商定2
shange	山歌2
shangfan	商贩2
shangfang	上方2|上房2|上访2
shangfeng	上风2|上峰2
shangfu	上浮2
shanggan	伤感2
shanggang	上岗2
shanggeyue	上个月2
shanggong	上攻2
shanggu	商贾2|上古2
shangguanzhou	上官洲2
shanghai	上海4|伤害3
shanghaishi	上海市3
shanghan	伤寒2
shanghang	上行2
shanghen	伤痕2
shanghui	商会2
shangji	上级3|商机2|伤及2
shangjia	商家2
shangjiang	上将2
shangjiao	上交2|上缴2
shangjie	上街2|上届2
shangjing	上京2
shangjuan	上卷2
shangke	上课2|尚可2
shangkong	上空3
shangkou	伤口3
shanglai	上来3
shanglan	上篮2
shangliang	商量3
shangliu	上流2
shanglou	上楼2
shanglu	上路2|商旅2
shangluoshan	商洛山2
shangma	上马3
shangmao	商贸2
shangmen	上门2
shangmian	上面3
shangnian	上年3
shangou	山沟2
shangpa	上爬2
shangpi	上皮2
shangpin	商品4|上品2
shangpinfang	商品房2
shangpinhua	商品化2
shangpinliang	商品粮2|商品量2
shangpu	上铺2
shangqian	上前3
shangqie	尚且2
shangqiu	商丘2
shangqu	上去3
shangren	商人3|上任2|伤人2
shangshan	上山2
shangshen	上身2
shangsheng	上升3
shangshi	上市3|伤势2|赏识2
shangshu	上述3|尚书3|上书2
shangsi	上司3
shangsu	上诉2|上溯2
shangtai	上台2
shangtan	商谈2
shangtao	商讨2
shangtian	上天2
shangtong	伤痛2
shangtou	上头2
shangu	山谷3
shanguang	闪光2
shanguo	闪过2
shangwan	上万2
shangwang	伤亡3|上网2
shangwantou	上万头2
shangwanyuan	上万元2
shangwei	尚未3|上尉2
shangwu	上午3|尚无3|商务3|晌午2
shangwubu	商务部2
shangxia	上下3
shangxian	上线2|上限2
shangxiao	上校2
shangxiashui	上下水2
shangxin	伤心3|赏心2
shangxue	上学2
shangxueyuan	商学院2
shangxun	上旬2
shangyan	上演2
shangyang	上扬2|商鞅2
shangye	商业3
shangyequ	商业区2
shangyi	商议3|上衣2
shangying	上映2
shangyiyuan	上议院2
shangyong	商用2|上涌2
shangyongche	商用车2
shangyou	上游3|尚有3
shangyu	上谕2
shangyuan	伤员2|上院2
shangyue	上月2
shangyuxi	上御玺2
shangzhang	上涨3
shangzhe	伤者2
shangzhen	上阵2
shangzheng	上证2
shangzhou	上周2|商周2|商州2
shanhaiguan	山海关2
shanhe	山河3
shanhou	山后2|善后2
shanhu	珊瑚2
shanhua	山花2
shanhujiao	珊瑚礁2
shanji	山脊2
shanjian	山间2
shanjiaoxia	山脚下2
shankai	闪开2
shankou	山口2
shanli	山里2
shanliang	善良2|闪亮2
shanlihong	山里红2
shanlin	山林2
shanling	山岭2
shanlu	山麓2|山路2
shanluan	山峦2
shanmai	山脉3
shanmen	山门2
shanmin	山民2
shannan	山南2
shanpo	山坡3
shanqian	山前2
shanqiang	山墙2
shanqiu	山丘2
shanqu	山区3
shanren	善人2
shanshan	闪闪2
shanshang	山上3
shanshen	闪身2|山神2
shanshi	山石2|山势2|膳食2
shanshui	山水3
shanshuihua	山水画2
shanshuo	闪烁2
shansizhen	山寺镇2
shansulin	山粟林2
shanti	山体2
shantou	山头2|汕头2
shanxi	陕西3|山西3|山系2
shanxia	山下2
shanxian	闪现2
shanxing	扇形2|善行2
shanxisheng	陕西省3|山西省2
shanya	山崖2
shanyang	山羊2
shanyangrou	山羊肉2
shanyao	闪耀2|山腰2
shanye	山野2
shanyi	善意2
shanying	山影2
shanyong	善用2
shanyu	善于3|擅于2
shanzai	善哉2
shanzhai	山寨2
shanzhan	善战2
shanzhen	山珍2|山镇2
shanzhong	山中2
shanzhuang	山庄2
shanzi	擅自2|扇子2
shanzixi	山自西2
shaobei	烧杯2
shaobing	烧饼2|哨兵2
shaobude	少不得2
shaobuliao	少不了2
shaocheng	烧成2
shaodaxia	邵大侠2
shaodiao	烧掉2
shaoer	少儿2
shaofu	少妇2
shaohou	稍后2
shaohui	烧毁2
shaohuo	烧火2
shaojia	稍加2
shaojian	少见2
shaojiang	少将3
shaojiu	烧酒2
shaokao	烧烤2
shaoliang	少量3
shaolin	少林3
shaolinsi	少林寺3
shaonainai	少奶奶2
shaonian	少年3
shaonu	少女3
shaopiaoping	邵飘萍2
shaosha	烧杀2
shaoshang	烧伤2
shaoshao	稍稍2
shaoshi	少时2
shaoshixin	邵时信2
shaoshu	少数3
shaosi	烧死2
shaowei	稍微2
shaoxiang	烧香2
shaoxiao	少校2
shaoxing	绍兴2
shaoxu	少许2
shaoyao	芍药2
shaoye	少爷2
shaoyou	少有2
shaoyu	少于2
shaozao	烧造2
shaozhe	烧着2
shaozhi	烧制2
shaqi	杀气2
shaqiu	沙丘2
sharen	杀人3
sharu	杀入2
shaseng	沙僧2
shasha	沙沙2
shashang	杀伤2
shashangli	杀伤力2
shashangxing	杀伤性2
shashi	沙市3|霎时2
shashijian	霎时间2
shashiqu	沙市区2
shashishi	沙市市2
shashou	杀手2
shasi	杀死3
shatan	沙滩2
shate	沙特2
shatou	杀头2
shatu	砂土2|沙土2
shawan	沙湾2
shaya	沙哑2
shayan	砂岩2
shayangxian	沙洋县2
shayu	鲨鱼2|沙鱼2
shazhou	沙洲2
shazi	傻子2|沙子2
shebei	设备3
shebude	舍不得2
shecheng	射程3
shechi	奢侈2
shechipin	奢侈品2
shede	舍得2
shedian	射电2
sheding	设定2
shefa	设法3
shefang	设防2
shehua	奢华2
shehui	社会4
shehuidang	社会党2
shehuihua	社会化2
shehuixing	社会性2
shehuixue	社会学3
shehuo	社火2
sheji	设计4|涉及3|社稷3|射击3
shejian	射箭2
shejiao	社交2
shejiju	设计局2
shejishi	设计师2
shejitu	设计图2
shejizhe	设计者2
sheli	设立3
shelun	社论2
shemen	射门2
shemian	赦免2
sheming	舍命2
shenan	审案2
shenao	深奥2
shenban	申办2
shenbao	申报3
shenbaoxu	申包胥2
shenbian	身边3
shenbing	肾病2
shencai	身材3
shencang	深藏2
shenceng	深层2
shencengci	深层次2
shencha	审查3
shenchang	伸长2|身长2
shenchen	深沉2
shenchu	伸出3|深处3|身处2|渗出2
shenchuan	身穿3
shenchunyao	沈春耀2
shenda	深达2
shendao	神道2
shendian	神殿2
shending	审定2
shendu	深度3
shenfa	身法2
shenfen	身份3|身分3
shenfenzheng	身份证2
shenfu	神父2|身负2
shengan	深感2
shengao	身高2
shengbai	胜败2
shengbaoluo	圣保罗2
shengbing	生病2
shengbo	声波2
shengchan	生产4|盛产3
shengchandui	生产队2
shengchanguo	生产国2
shengchanli	生产力3
shengchanliang	生产量2
shengchanlu	生产率2
shengchanshang	生产商2
shengchanxian	生产线2
shengchanzhe	生产者2
shengchen	生辰2
shengcheng	生成3|声称2|省城2
shengchu	生出2|牲畜2|胜出2
shengcun	生存3
shengda	盛大2
shengdan	圣诞2
shengdanjie	圣诞节2
shengdao	声道3
shengde	省得2
shengdi	圣地2|胜地2
shengdiao	声调2
shengdong	生动3
shengfen	省份3
shengfu	胜负2|生父2
shenggao	升高3
shengge	笙歌2|升格2
shenggen	生根2
shengguan	升官2
shengguo	胜过2
shenghua	生化2|升华2
shenghuaren	盛华仁2
shenghui	省会3|盛会2
shenghuo	生活4|圣火2
shenghuofei	生活费2
shengji	省级3|升级3|胜迹2|生机2|生计2|省籍2
shengjiang	升降2
shengjiangtai	升降台2
shengjing	圣经2|盛京2
shengjiu	生就2
shengkai	盛开2
shengkong	升空2
shengkou	牲口2
shengkuang	盛况2
shenglai	生来2
shengli	胜利3|生理3|省里2
shengling	生灵2
shenglixue	生理学2
shenglizhe	胜利者2
shenglue	省略2
shengming	生命3|声明3|声名2|盛名2|圣明2
shengmingli	生命力2
shengmu	圣母2|生母2
shengna	声纳2
shengnei	省内3
shengneiwai	省内外2
shengnu	盛怒2
shengong	神功2
shengongneng	肾功能2
shengpa	生怕3
shengping	生平3
shengqi	生气3|升起2|升旗2
shengqian	生前2|升迁2
shengqin	生擒2
shengqing	盛情2
shengqu	省区3|省去2
shengren	圣人2|胜任2|升任2|生人2
shengri	生日3
shengru	升入2
shengseng	圣僧2
shengshang	圣上2
shengshi	声势2|省市2|盛世2
shengshu	生疏2
shengshui	圣水2
shengsi	生死3
shengsu	声速2
shengsuo	绳索2
shengtai	生态3
shengtaixue	生态学2
shengtao	声讨2
shengteng	升腾2
shengtie	生铁2
shengtu	圣土2
shengu	深谷2
shenguofang	沈国放2
shengwai	省外2
shengwang	声望2
shengwei	省委3
shengwen	升温2
shengwu	生物3
shengwujian	生物碱2
shengwujie	生物界2
shengwuquan	生物圈2
shengwuti	生物体2
shengwuxue	生物学2
shengxi	生息2|声息2
shengxia	剩下3
shengxian	圣贤2
shengxiang	声响3
shengxiao	生效3
shengxiashi	省辖市3
shengxieshao	生谢绍2
shengxing	盛行3|生性2
shengxuanhuai	盛宣怀2
shengxue	声学2|升学2
shengxuelu	升学率2
shengya	生涯3
shengyi	生意3
shengyin	声音4
shengying	生硬2
shengyiren	生意人2
shengyu	生于3|生育2|剩余2|声誉2
shengyuan	生源2|声援2
shengyue	声乐2
shengzhang	生长3|省长3|胜仗2|声张2
shengzhangliang	生长量2
shengzhengfu	省政府2
shengzhi	省直3|生殖2|圣旨2|升值2|升至2|升职2
shengzhiqi	生殖器2
shengzhu	生猪2
shengzi	绳子2|生子2
shenhai	深海2
shenhe	审核2
shenhou	身后3|深厚3
shenhua	深化3|神话3|申花2
shenhuadui	申花队2
shenhuangzhou	神皇洲2
shenji	审计3
shenjia	身价2
shenjian	神剑2
shenjin	伸进2
shenjing	神经3
shenjingbing	神经病2
shenjingyuan	神经元2
shenjishu	审计署2
shenjizhang	审计长3
shenju	身居2
shenke	深刻3
shenli	审理3|神力2
shenling	神灵2
shenlong	神龙3
shenluai	沈绿爱2
shenme	什么4|甚么4
shenmei	审美2
shenmeyang	什么样3
shenmi	神秘3
shenmiao	神庙2|神妙2
shenming	神明2|申明2
shennong	神农2
shennongjia	神农架3
shennongxi	神农溪2
shenpan	审判3
shenpang	身旁3
shenpanguan	审判官2
shenpanquan	审判权2
shenpanyuan	审判员3
shenpi	审批2|身披2
shenqi	神奇2|神气2
shenqian	深浅2
shenqie	深切2
shenqing	申请3|神情3|深情2
shenqingren	申请人2
shenqu	身躯2
shenren	神人2
shenru	深入3|渗入2
shense	神色3
shenshan	深山2
shenshang	身上4
shenshangxian	肾上腺2
shenshen	深深3|审慎2|婶婶2
shensheng	神圣3
shenshetou	伸舌头2
shenshi	身世2|审视2|绅士2
shenshixing	申时行2
shenshizhu	沈士柱2
shenshou	伸手3|深受3|身受2|身手2
shenshui	深水2|渗水2
shensi	沈思2|深思2
shensu	申诉2|神速2
shensui	深邃2
shensuling	申宿令2
shensuo	伸缩2
shentai	神态2
shentan	神坛2
shenti	身体3
shentong	神通2
shentou	渗透2
shentouya	渗透压2
shenwang	神往2|身亡2
shenwei	身为2|甚为2|神位2|神威2
shenwen	审问2
shenxia	身下2
shenxian	神仙3|深陷2
shenxiang	神像2|伸向2
shenxiaoguan	肾小管2
shenxin	身心2|深信2
shenxing	身形2
shenxinsun	沈辛荪2
shenxue	神学2
shenxun	审讯2
shenyan	肾炎2
shenyang	沈阳3
shenyangshi	沈阳市2
shenye	深夜2
shenyepai	什叶派2
shenyi	审议3|神医2|深意2
shenyin	呻吟2
shenying	身影2
shenyuan	深远3|深渊2
shenyun	神韵2
shenyuying	沈玉英2
shenzang	肾脏2
shenzao	深造2
shenzhan	伸展2|深湛2
shenzhe	身着2
shenzhen	深圳3
shenzhendui	深圳队2
shenzhenshi	深圳市2
shenzhi	甚至4|深知2|神智2|神志2
shenzhiyu	甚至于2
shenzhong	慎重2|深重2
shenzhou	神州2|神舟2
shenzhouxing	神州行2
shenzi	身子3|婶子2
shenzong	神宗2
shenzuzhu	神祖主2
sheqi	舍弃2
shequ	社区3|摄取2
sheren	舍人2
sheru	摄入2
sheshen	舍身2
sheshi	设施3|摄氏2
sheshidu	摄氏度2
sheshou	射手2
sheshui	涉水2
shesu	射速2
shetou	舌头2
shetuan	社团2
shewai	涉外2
shewang	奢望2
shexian	射线3|涉嫌2
shexiang	设想3
shexiangji	摄像机2
sheyan	设宴2
sheying	摄影3|射影2
sheyou	设有3
sheyuan	社员2
shezai	设在3
shezhang	社长2
shezheng	摄政2
shezhengwang	摄政王2
shezhi	设置3|摄制2
shezhong	射中2
shezu	涉足2|畲族2
shian	石安2
shiba	十八3
shibai	失败3|十百2
shibaizhe	失败者2
shiban	石板2
shibanian	十八年3
shibao	时报2
shibari	十八日2
shibasui	十八岁2
shibei	石碑2|十倍2
shibi	势必2|石壁2
shibian	事变2
shibie	识别3
shibing	士兵3
shibu	师部2
shibude	使不得2
shibushi	是不是3|时不时2
shicai	适才3
shice	史册2
shicha	视察3
shichang	市场4|时常2|失常2
shichangbu	市场部2
shichanghua	市场化2
shichayuan	视察员2
shichen	时辰3|使臣2
shicheng	师承2
shichu	使出2
shichuan	失传2
shici	诗词2|十次2
shicong	是从3|侍从2|师从2
shicunshan	石存山2
shida	十大3|师大2
shidafu	士大夫2
shidai	时代4|世代2
shidang	适当3|失当2
shidao	十道2|世道2
shide	似的3|使得3|实德2
shidedui	实德队2
shidi	湿地3|师弟3|似地2|实地2|失地2
shidian	试点3|十点2
shidiao	石雕2|失掉2
shidu	适度2|湿度2
shiduan	时段2|事端2
shiduoge	十多个2
shiduonian	十多年2
shiduoqi	十多起2
shien	施恩2
shier	事儿3|十二3|时而2
shierda	十二大2
shierge	十二个2
shierjie	十二届2
shiernian	十二年2
shierwu	十二五2
shieryue	十二月2
shifa	师法2|事发2
shifan	师范2|示范2
shifang	释放3|史方2|施放2
shifanqu	示范区3
shifanxian	示范县3
shifei	是非3|试飞2|施肥2
shifen	十分4|时分3
shifeng	侍奉2
shifenzhong	十分钟2
shifou	是否3
shifoushi	是否是2
shifu	师父3|师傅3
shigao	石膏2
shigaokuang	石膏矿2
shige	诗歌3|师哥3|十个2|时隔2
shigong	施工3
shigongdui	施工队2
shigu	事故3|尸骨2
shiguan	使馆2|士官2|事关2|试管2|石棺2|食管2
shiguang	时光2
shiguangsheng	石广生2
shiguanqu	使馆区2
shiguo	驶过2
shihai	尸骸2
shihao	嗜好2
shihe	适合3|石河2
shiheng	失衡2
shihou	时候4|事后2|侍候2
shihu	石湖2
shihua	石化2|实话2
shihuan	使唤2
shihuang	拾荒2
shihuayan	石华堰2
shihui	石灰2|实惠2|时会2
shihuishi	石灰石2
shihuiyan	石灰岩2
shiji	世纪4|实际4|时机3|事迹2|市级2|诗集2
shijia	世家2|施加2|史家2
shijian	时间4|事件3|实践3|始建3|世间2
shijianbiao	时间表2
shijiang	石匠2
shijiao	视角2|市郊2
shijiazhuang	石家庄2
shijie	世界4|使节2|时节2|石阶2|十届2
shijiebei	世界杯3
shijieguan	世界观2
shijieji	世界级2
shijiexing	世界性2
shijige	十几个2
shijimo	世纪末2
shijin	使劲2|驶进2
shijing	诗经2|市井2|石经2
shijingyi	石静宜2
shijinian	十几年2
shijinsai	世锦赛2
shijishang	实际上3
shijisui	十几岁2
shijitiao	十几条2
shijiu	十九2
shijiunian	十九年2
shijiwan	十几万2
shiju	诗句2|时局2|视距2
shijuan	试卷2
shijue	视觉2
shijundao	世钧道2
shike	时刻3|石刻2
shikefa	史可法2
shikong	时空2|失控2
shiku	石窟2
shikuai	石块2
shikuang	实况2
shilan	石栏2
shilang	侍郎3|施琅2
shili	实力3|势力3|失利2|事例2|市里2|视力2
shilian	失恋2
shiliang	适量2|矢量2|十两2
shiliao	史料3|石料2|食料2
shilin	石林2
shiling	适龄2|失灵2
shilingguan	使领馆2
shiliu	十六3|石榴2
shiliuge	十六个2
shiliunian	十六年2
shiliushi	石榴石2
shiliusui	十六岁2
shilong	石龙2
shilu	实录2
shilulu	湿漉漉2
shiluo	失落2
shimao	时髦2
shimei	师妹3
shimen	石门2|师门2
shimian	失眠2|石棉2|世面2|市面2
shimin	市民3
shiming	使命3|十名2|失明2
shiminggan	使命感2
shimisi	史密斯2
shimo	石墨2
shimu	师母2
shinei	室内2|市内2
shinian	十年3
shiniang	师娘2
shinu	侍女2
shipailing	石牌岭2
shipian	诗篇2
shipin	食品3|视频3
shipo	识破2
shipopo	史婆婆2
shipotian	石破天3
shiqi	时期4|士气2|十七2|石器2
shiqian	事前2|史前2
shiqiang	石墙2
shiqiao	石桥2
shiqing	事情4|实情2
shiqinian	十七年2
shiqisui	十七岁2
shiqu	失去3|市区3
shiquan	实权2
shique	失却2
shiran	使然2
shire	湿热2
shiren	诗人3|世人3|时任2|时人2|士人2
shiri	时日2|十日2
shirong	市容2
shirou	食肉2
shirun	湿润3
shiruo	示弱2
shisan	十三3|失散2
shisanda	十三大2
shisandian	十三点2
shisange	十三个2
shisanjie	十三届2
shisannian	十三年2
shise	失色2
shishang	世上3|时尚3
shishe	试射2|施舍2
shishen	尸身2|士绅2
shisheng	师生2|失声2
shishi	实施4|事实3|逝世3|试试2|时时2|实事2
shishishang	事实上3
shishizi	石狮子2
shishou	石首4|尸首2|石兽2|失守2|失手2
shishoushi	石首市3
shishouyong	石寿永2
shishu	史书2|时数2|实数2|实属2|诗书2
shishuo	时说2
shisi	十四3|誓死2
shisida	十四大2
shisijie	十四届2
shisinian	十四年2
shisisuo	十四所2
shisu	世俗2|时速2|食宿2
shisui	十岁2
shitai	事态2|失态2
shitan	试探2
shitang	食堂2
shiti	尸体3|实体2|试题2|诗体2
shitian	十天2
shitianxiong	史天雄2
shitiao	失调2
shiting	视听2
shitou	石头3|势头2|湿透2
shitu	试图3|师徒2|仕途2
shituan	师团2|使团2
shiwai	室外2
shiwan	十万2
shiwang	失望3
shiwangmo	视网膜2
shiwei	示威3|市委3|侍卫3|视为3|实为2
shiwen	诗文3|试问2|室温2
shiwu	事务3|事物3|食物3|十五3|失误3|实物2
shiwuda	十五大2
shiwudao	十五道2
shiwunian	十五年3
shiwuri	十五日2
shiwusui	十五岁2
shiwusuo	事务所2
shixi	实习3|世袭2|世系2
shixia	时下2
shixian	实现4|事先3|视线2|失陷2|市县2
shixiang	事项3|石像2|试想2
shixiangsheng	石象生2
shixiao	实效2|失效2
shixiaqu	市辖区3
shixing	实行4|施行3|食性2|试行2
shixiong	师兄3
shixiongdi	师兄弟2
shixisheng	实习生2
shixiu	失修2
shixue	史学2|失学2
shixuejia	史学家2
shiyan	实验3|试验3|十堰3|食盐2|誓言2|饰演2
shiyang	式样2
shiyanse	使眼色2
shiyanshi	十堰市3|实验室3
shiye	事业4|失业3|实业2|视野2|师爷2|是夜2
shiyebu	事业部2
shiyelu	失业率2
shiyi	适宜3|十一3|示意2|事宜2|诗意2|失意2
shiyijie	十一届2
shiying	适应3|石英3
shiyingsha	石英砂2
shiyingxing	适应性2
shiyinian	十一年2
shiyinwei	是因为2
shiyiwu	十一五2
shiyiyue	十一月2
shiyong	使用4|适用3|食用3|实用3|试用2|施用2
shiyongliang	施用量2
shiyongqi	试用期2
shiyongquan	使用权2
shiyongzhe	使用者2
shiyou	石油3|实有2
shiyu	始于3|适于2|食欲2|十余2|鲥鱼2
shiyuan	师院2
shiyue	十月3
shiyuli	十余里2
shiyunian	十余年2
shiyuwan	十余万2
shiyuzhang	十余丈2
shizai	实在3
shize	实则2
shizhan	施展2|实战2
shizhang	市长3|师长3
shizhe	使者2
shizhen	市镇2
shizheng	市政2|施政2|时政2|实证2
shizhengfu	市政府3
shizhengting	市政厅2
shizhi	实质3|食指2|试制2|市值2|失职2|时值2
shizhixing	实质性2
shizhong	始终3|适中2|时钟2|示众2
shizhongxin	市中心2
shizhongyu	石中玉2
shizhu	施主2|石柱2
shizhuang	时装2
shizhuangzhu	石庄主2
shizhuren	室主任2
shizi	狮子3|石子2|师资2|识字2|十字2|柿子2
shizijia	十字架2
shizijun	十字军2
shizishan	狮子山2
shizong	失踪2|世宗2
shizu	氏族3|十足2|士卒2|士族2|始祖2|失足2
shizuo	诗作2|视作2
shoubei	守备2|手背2
shoubi	手臂3
shoubian	收编2
shoubiao	手表2
shoubing	收兵2
shoubo	首播2
shoubuliao	受不了2
shoucang	收藏3
shoucangjia	收藏家2
shouce	手册2
shouchang	首场2|收场2
shoucheng	守城2|收成2
shouchi	手持2
shouchuang	首创2
shouci	首次3
shoucuo	受挫2
shoudao	受到4|收到3
shoudiantong	手电筒2
shoudong	手动2
shoudu	首都3
shouduan	手段3
shoufa	手法3|首发2|受罚2|守法2
shoufangzhe	受访者2
shoufei	收费3
shoufu	首辅3|收复2|首府2
shougao	手稿2
shouge	首个2|收割2
shougong	手工2
shougongye	手工业3
shougou	收购3
shouguo	受过2
shouhai	受害2
shouhaizhe	受害者2
shouheng	守恒2
shouhou	守候2
shouhu	守护2
shouhui	收回3|受贿2
shouhuo	收获3
shouji	手机3|收集3|首级2
shoujia	售价2|首家2
shoujiao	手脚3|收缴2
shoujie	首届2
shoujin	受尽2
shoujing	受精2
shoujingluan	受精卵2
shoujiu	守旧2
shouju	收据2
shoujuan	手绢2
shoujun	守军2
shoukan	收看2
shoukao	手铐2
shouke	授课2
shouku	受苦2
shoulei	兽类2
shouli	手里3|受理3|受力2
shoulian	收敛2
shoulie	狩猎2
shouling	首领3
shouliu	收留2
shouliudan	手榴弹2
shoulu	收录2
shoulun	首轮2
shoumai	收买2
shoumen	守门2
shoumenyuan	守门员2
shouming	受命3|寿命3
shounan	受难2
shounao	首脑3
shoupa	手帕2
shoupan	收盘2
shoupi	首批2
shoupian	受骗2
shoupiao	售票2
shouqi	收起2
shouqiang	手枪2
shouqu	收取2
shouquan	授权3
shoure	受热2
shouren	首任2
shourong	收容2
shouroujing	瘦肉精2
shouru	收入4|受辱2
shouruo	瘦弱2
shoushang	受伤3|手上3
shoushi	收拾3|手势2|首饰2
shoushou	收受2
shoushu	手术3|手书2
shousun	受损2
shousuo	收缩2
shoutan	收摊2
shoutao	手套2
shouti	受体2|手提2
shouting	收听2
shoutou	手头2
shouwan	手腕3
shouwei	首位3|守卫2|首尾2|收尾2
shouxi	首席3
shouxia	手下3|收下2
shouxian	首先3
shouxiang	首相3
shouxiao	瘦小2
shouxiaren	手下人2
shouxin	手心2
shouxing	受刑2
shouxingguo	寿兴国2
shouxu	手续3
shouxuan	首选2
shouxue	瘦削2
shouxufei	手续费2
shouyan	首演2
shouyang	收养2
shouyao	首要2
shouye	首页3
shouyi	收益3|手艺2|受益2|兽医2|授意2
shouyilu	收益率2
shouyin	手印2
shouyinji	收音机2
shouyong	受用2
shouyu	授予3|守御2
shouyun	受孕2
shouzai	受灾2
shouzhang	手掌3|首长2
shouzhi	手指3|收支2
shouzhitou	手指头2
shouzhong	手中3|受众2
shouzhou	手肘2
shouzi	瘦子2
shouzu	手足2|受阻2
shouzui	受罪2
shouzuo	首座2
shuaibai	衰败2
shuaibian	衰变2
shuaidao	摔倒2
shuaidiao	甩掉2
shuaijian	衰减2
shuaijiao	摔跤2
shuaijie	衰竭2
shuaikai	甩开2
shuailao	衰老2
shuailing	率领3
shuailuo	衰落2
shuairuo	衰弱2
shuaitui	衰退2
shuaiwang	衰亡2
shuaixian	率先2
shuangbi	双臂2
shuangbian	双边2
shuangceng	双层2
shuangchong	双重2
shuangda	双打2
shuangdao	双刀2|双道2
shuanger	双儿2
shuangfang	双方3
shuanghe	双核2
shuanghu	双湖2
shuangjiang	霜降2
shuangjiao	双脚2
shuangkou	爽口2
shuangkuai	爽快2
shuanglang	爽朗2
shuanglun	双轮2
shuangmu	双目2
shuangqiao	双桥2
shuangqin	双亲2
shuangquan	双拳2
shuangren	双人2
shuangshou	双手3
shuangshuang	双双2
shuangshuicun	双水村2
shuangtui	双腿2
shuangxi	双喜2
shuangxiang	双向2
shuangxing	双星2
shuangyan	双眼3
shuangyong	双拥2
shuashua	刷刷2
shuaxin	刷新2
shubai	数百2
shubaiming	数百名2
shubainian	数百年2
shubaiwan	数百万2
shubao	书包2
shubei	数倍2
shuben	书本2
shubiao	鼠标2
shubo	叔伯2
shubu	数步2
shubuzhi	殊不知2
shucai	蔬菜3
shuchang	舒畅2
shucheng	书城2
shuchi	数尺2
shuchu	输出3
shuci	数次2
shucong	树丛2
shucun	数寸2
shudaizi	书呆子2
shudao	疏导2
shudi	倏地2|属地2
shudian	输电2|书店2
shue	数额2
shufa	书法3|抒发2
shufajia	书法家2
shufang	书房2
shufu	舒服3|束缚2|叔父2
shugan	树干2
shuge	数个2
shugei	输给2
shugen	树根2
shuguan	树冠2
shuguang	曙光2
shuguo	属国2
shuhou	术后2
shuhu	疏忽2|倏忽2
shuhua	书画2
shuhui	叔惠2|赎回2
shuhuiguo	舒惠国2
shuibeng	水泵2
shuibian	水边2
shuibing	水兵2
shuicao	水草2
shuichan	水产3
shuichanju	水产局2
shuichanpin	水产品2
shuichanye	水产业2
shuichi	水池2
shuidao	水稻3|水道2
shuidi	水底2|水滴2
shuidian	水电2
shuidianzhan	水电站2
shuidong	水洞2
shuifa	税法2
shuifen	水分2
shuigang	水缸2
shuiguo	水果3
shuiguohu	水果湖2
shuihu	水壶2|水浒2
shuihua	水花2
shuihuo	水火2
shuihuzhuan	水浒传2
shuijia	谁家2
shuijiao	睡觉3
shuijie	水解2
shuijing	水晶3|水井2
shuijingguan	水晶棺2
shuijun	水军2
shuiku	水库3
shuikuan	税款2
shuilei	水雷2
shuili	水力3|水利3
shuiliang	水量2
shuiliu	水流3
shuilu	水陆3|水路2|税率2
shuimeng	睡梦2
shuimian	水面3|睡眠3
shuimo	水墨2
shuimu	水母2
shuineng	水能2
shuini	水泥3
shuiniu	水牛2
shuipao	水泡2
shuiping	水平4
shuiqi	水气2|水汽2
shuirongye	水溶液2
shuishang	水上2
shuishen	水深3
shuisheng	水生2|水声2
shuishi	水师2|水势2
shuishou	税收3|水手2
shuishu	睡熟2
shuitan	水潭2
shuitang	水塘2
shuiti	水体2
shuitian	水田2
shuitong	水桶2
shuitu	水土2
shuiwei	水位2
shuiwen	水文2|水温2
shuiwu	税务2
shuiwuran	水污染2
shuixi	水系3
shuixia	水下3
shuixian	水仙2
shuixiang	水乡2
shuixing	水性2|水星2
shuiyi	睡意2
shuiyin	水银2
shuiyu	水域3
shuiyuan	水源2
shuiyuandi	水源地2
shuiyun	水运3
shuizai	水灾2
shuizhao	睡着3
shuizhengqi	水蒸气2
shuizhi	水质3|谁知3
shuizhong	水中3|水肿2
shuizhu	水珠2
shuizhun	水准2
shuiziyuan	水资源2
shuizu	水族2
shuji	书记3|书籍3
shujia	暑假2|书架2
shujichu	书记处2
shuju	数据3
shujuku	数据库2
shujulian	数据链2
shujun	疏浚2
shukan	书刊2
shukong	数控2
shule	疏勒2
shulei	薯类2
shuli	树立3|数理2|数里2|竖立2|梳理2
shulian	熟练2
shuliang	数量3
shulie	数列2
shulin	树林2
shuling	树龄2
shuluanguan	输卵管2
shulun	数论2
shuluo	数落2
shuma	数码2
shumian	书面2
shumin	庶民2
shuming	署名2|书名2
shumishi	枢密使2
shumiyuan	枢密院2
shumu	数目3|树木3|书目2
shunbian	顺便3
shuncha	顺差2
shunchang	顺畅2
shuncong	顺从2
shunfeng	顺风2
shunian	数年2
shuniu	枢纽3
shunjian	瞬间3
shunkou	顺口2
shunli	顺利3
shunshi	顺势2|瞬时2
shunshou	顺手2
shunu	淑女2
shunxu	顺序3
shunying	顺应2
shunzhe	顺着3
shunzhi	顺治3
shuobude	说不得2
shuobuding	说不定3
shuobuqing	说不清2
shuobushang	说不上2
shuochang	说唱2
shuochu	说出3
shuocuo	说错2
shuoda	硕大2
shuodao	说道4
shuodaodi	说到底2
shuofa	说法3
shuofu	说服2
shuofuli	说服力2
shuoguo	蒴果2
shuohao	说好2
shuohua	说话4
shuohuang	说谎2
shuojiao	说教2
shuolai	说来3
shuolesuan	说了算2
shuoming	说明3
shuomingshu	说明书2
shuoqi	说起3
shuoshi	硕士3
shuoshihua	说实话2
shuowan	说完3
shupi	树皮2
shuqi	竖起2|暑期2
shuqian	数千2
shuqiannian	数千年2
shuqianzhi	数千只2
shuqing	抒情2
shuqingshi	抒情诗2
shuqiu	输球2
shuren	熟人2|庶人2
shuri	数日2
shurong	殊荣2
shuru	输入3
shusan	疏散2
shushang	树上2|书上2
shushao	树梢2
shusheng	书生2|数声2
shushi	舒适2|数十2|属实2|熟识2
shushige	数十个2
shushiming	数十名2
shushinian	数十年2
shushiwan	数十万2
shushizhang	数十丈2
shushu	叔叔3
shushuo	述说2
shusi	殊死2
shusong	输送2|疏松2
shusongche	输送车2
shutong	疏通2
shutou	梳头2
shuwan	数万2
shuxi	熟悉3|梳洗2
shuxia	属下2
shuxie	书写3
shuxin	书信2
shuxing	属性2
shuxue	数学3|输血2|腧穴2
shuxuejia	数学家3
shuye	树叶2|输液2
shuying	书影2|输赢2
shuyu	属于3|术语2
shuyuan	书院2|疏远2
shuyue	数月2
shuzhan	舒展2
shuzhang	数丈2|舒张2
shuzhao	数招2
shuzhi	树枝2|数值2|树脂2|熟知2
shuzhong	树种2
shuzhuo	书桌2
shuzi	数字3
shuzihua	数字化2
shuzu	数组2
shuzui	恕罪2|赎罪2
sibada	斯巴达3
sibai	四百2
sibi	四壁2
sichan	私产2
sichao	思潮2
sichi	四尺2
sichou	丝绸2
sichu	四处3
sichuan	四川3
sichuansheng	四川省2
sici	四次2
sicun	思忖2
sida	四大3
sidalin	斯大林2
sidao	四道2
sidi	死地2
sidian	四点2
sifa	司法3
sifabu	司法部2
sifang	四方3
sifen	四分2
sige	四个3
sigen	四根2
sigu	四顾2
siguo	四国2
sihai	四海2
sihao	丝毫3
siheyuan	四合院2
sihu	似乎3
sihui	撕毁2
sihuo	死活2
siji	司机3|四级2|四季2|伺机2
sijia	四家2|私家2
sijian	四溅2
sijiao	四角2|死角2
sijie	四届2
siju	四句2
sikai	撕开2
sikao	思考3
sike	思科2
sikong	司空2
siku	四库2
silafu	斯拉夫2
silaxu	司拉绪2
sili	私利2|寺里2|私立2
siliang	思量2
siliao	饲料2
silie	撕裂2
silijian	司礼监2
siling	司令3
silingbu	司令部3
silingguan	司令官2
silingyuan	司令员3
silu	思路3|思虑2|四路2
sima	司马2
simaguang	司马光2
simaqian	司马迁2
simayi	司马义2|司马懿2
simen	四门2
simi	斯密2
simian	四面2
simiao	寺庙2
siming	四名2|死命2
sinan	死难2
sinian	四年3|思念2
sipin	四品2
siqi	四起2|死期2
siqing	私情2
siqiu	死囚2
siqu	死去3
siquan	四圈2
siren	私人3
sirenbang	四人帮2
siri	四日2
sisan	四散2
sisha	厮杀2
sishang	死伤2
sishen	死神2
sishengzi	私生子2
sishi	四十2|死尸2|私事2|四世2|四时2
sishinian	四十年2
sishisui	四十岁2
sishou	死守2
sishu	私塾2
sisi	死死2
sisuo	思索2
sitela	斯特拉2
sitian	四天2
sitiao	四条2
situ	司徒2
siwang	死亡3
siwanglu	死亡率2
siwei	思维3|四位2|四维2
siwen	斯文2
siwu	四五2
siwuge	四五个2
sixia	四下3|私下2|撕下2
sixiali	私下里2
sixian	丝线2
sixiang	思想4|四项2
sixiangjia	思想家2
sixiangshi	思想史2
sixin	私信3|私心2
sixing	死刑3
sixu	思绪2
siya	嘶哑2
siyang	饲养3
siye	四爷2
siyi	肆意2
siyin	死因2
siying	私营2
siyou	私有2
siyouhua	私有化2
siyouzhi	私有制2
siyuan	寺院2
siyue	四月3
sizhan	死战2
sizhang	司长2
sizhe	死者3
sizhi	四肢2|四只2
sizhipin	丝织品2
sizhong	四中2|四种2
sizhou	四周3
sizhuang	丝状2
sizi	私自2
sizong	四纵2
sizui	死罪2
songbai	松柏2
songchao	宋朝2
songchi	松弛2
songda	送达2
songdai	宋代3
songdao	送到3
songdong	松动2
songdu	诵读2
songgei	送给3
songgongming	宋公明2
songhua	松花2
songhuajiang	松花江2
songhui	送回2
songhuizong	宋徽宗2
songjiang	宋江3|松江2
songjiao	送交2
songjiaoren	宋教仁2
songjiazhai	宋家寨2
songjing	诵经2
songkai	松开2
songlai	送来3
songli	送礼2|耸立2
songliao	送料2
songlin	松林2
songlinshan	松林山2
songqingling	宋庆龄2
songqingshu	宋青书2
songru	送入2
songruan	松软2
songsan	松散2
songshan	嵩山2|松山2
songshi	宋史2
songshou	松手2
songshu	松树2|松鼠2
songshuiqiao	松水桥2
songsiming	宋思明2
songti	宋体2
songwang	送往2
songwenfu	宋文富2
songxia	松下2
songxiance	宋献策3
songxie	松懈2
songxin	送信2
songxing	送行2
songyang	颂扬2
songyong	怂恿2
songyuan	宋元2
songyuanqiao	宋远桥2
songzhaosu	宋照肃2
songzi	松滋2
songzishi	松滋市2
songzou	送走2
soubu	搜捕2
soucha	搜查2
sougou	搜狗3
sougua	搜刮2
souhu	搜狐3
souji	搜集2
sousuo	搜索3
souxun	搜寻2
suanbude	算不得2
suanbushang	算不上2
suanchu	酸楚2
suanfa	算法2
suangua	算卦2
suanji	算计2
suanjian	酸碱2
suanle	算了3
suanma	酸麻2
suanming	算命2
suanpan	算盘2
suanruan	酸软2
suanshi	算是3
suanshu	算术2|算数2
suantong	酸痛2
suanxing	酸性2
suanzhang	算账2
suanzuo	算作2
subei	苏北2
sucai	素材2
sucheng	俗称3
suda	苏打2
sudan	苏丹2
sudu	速度3
sue	苏俄2
sufeiya	苏菲亚2
sugelan	苏格兰2
sugong	苏共2
suhuashuo	俗话说2
suhuilun	苏慧伦2
suibi	随笔2
suibian	随便3
suichao	隋朝2
suicong	随从2
suidai	隋代2
suidao	隧道3
suihe	随和2
suihou	随后3
suiji	随即3|随机2
suijun	随军2
suikaihuang	隋开皇2
suikou	随口2
suilie	碎裂2
suipian	碎片2
suiran	虽然4
suishen	随身2
suishi	随时3|碎石2
suishou	随手3
suishu	岁数2
suishuo	虽说3
suitang	隋唐2
suitong	随同2
suiwei	岁尾2
suixie	碎屑2
suixing	随行2|遂行2
suiyangdi	隋炀帝2
suiyi	随意3
suiyuan	绥远2
suiyue	岁月2
suizangpin	随葬品2
suizhe	随着4
suizhi	随之3
suizhou	随州3
suizhoushi	随州市3
sujing	肃静2
sujun	苏军2
suku	诉苦2
sulai	素来2
suli	肃立2
sulian	苏联3
suliao	塑料2
sulin	苏林2
sulishi	苏黎世2
sulu	速率2
suluke	苏鲁克2
sumenling	苏门羚2
sumiao	素描2
suming	俗名2
sumu	肃穆2|苏木2
sunan	苏南2
sunbigan	孙必干2
sunce	孙策2
sunchengzong	孙承宗2
sunchuanting	孙传庭2
sundasheng	孙大圣2
sunfuren	孙夫人2
sunhai	损害3
sunhao	损耗2
sunhuai	损坏2
suning	苏宁2
sunjiaguai	孙家拐2
sunjiaji	孙嘉绩2
sunjianwen	孙建文2
sunjinlong	孙金龙2
sunjiuye	孙九爷2
sunnu	孙女2
sunpopo	孙婆婆2
sunquan	孙权2
sunshang	损伤3
sunshaoan	孙少安2
sunshaoping	孙少平2
sunshi	损失3
sunsihai	孙四海2
sunwukong	孙悟空2
sunxiaoqun	孙晓群2
sunxingzhe	孙行者2
sunyi	损益2
sunyuhou	孙玉厚2
sunyuting	孙玉亭2
sunyuxi	孙玉玺2
sunzhongjun	孙仲君2
sunzhongshan	孙中山3
sunzi	孙子2
suobu	所部2
suode	所得3
suodeshui	所得税2
suoding	锁定2
suoduan	缩短2
suoetu	索额图2
suohui	缩回2
suojian	缩减2
suomali	索马里2
suona	唢呐2
suoni	索尼2
suoqu	索取2
suoshi	唆使2
suoshou	缩手2
suoshu	所属3
suoshui	缩水2
suoshuo	所说3
suosui	琐碎2
suowei	所谓3|所为2
suoxiao	缩小3
suoxie	缩写2
suoxing	索性2
suoxue	所学2
suoyao	索要2
suoyi	所以4
suoyin	索引2
suoyong	所用3
suoyou	所有4
suoyouquan	所有权2
suoyouren	所有人2
suoyouzhe	所有者2
suoyouzhi	所有制2
suozai	所在3
suozaidi	所在地3
suozhang	所长3
suozhi	所知3|所致2|所指2
suqing	肃清2
suqu	苏区2
suran	肃然2
suri	素日2
sushe	宿舍2
sushi	苏轼2
sushu	素数2
sushuo	诉说2
susong	诉讼3
susu	簌簌2
sutaiwei	宿太尉2
sutianhu	粟田湖2
suweiai	苏维埃3
suxiang	塑像2
suxing	塑性2|苏醒2
suxinghe	苏星河2
suyang	素养2
suyou	素有2
suyu	粟裕2|俗语2
suzao	塑造2
suzhi	素质3
suzhou	苏州3
suzhoushi	苏州市2
suzhu	宿主2
taguo	他国2
taibai	太白2
taibao	太保2
taibei	台北2
taicang	太仓2
taichangsi	太常寺2
taici	台词2
taida	台大2
taidi	台地2
taidu	态度3|台独2
taier	胎儿2
taifeng	台风2
taifu	太傅2
taigao	抬高2
taigong	太公2
taiguo	泰国3
taihai	台海2
taihangshan	太行山2
taihe	太和2
taihedian	太和殿3
taihou	太后3
taihu	太湖2
taihuiguan	太晖观2
taiji	台基2|太极2
taijian	太监3
taijie	台阶3
taijiquan	太极拳2
taiju	抬举2
taikang	太康3
taikong	太空3
tailai	泰来2
tailang	太郎2
tailei	泰勒2
tailihua	邰丽华2
tailisi	泰利斯2
taimiao	太庙3
taipan	胎盘2
taiping	太平3
taipingjun	太平军2
taipingyang	太平洋3
taiqi	抬起3
taiqian	台前2
taishan	泰山2
taishandui	泰山队2
taishang	台上3|台商2
taishanghuang	太上皇2
taisheng	抬升2|胎生2
taishi	态势2|太师2|太史2
taishiyi	太师椅2
taishou	太守2|抬手2
taitai	太太3
taitou	抬头3
taiwan	台湾3
taiwandao	台湾岛2
taiwansheng	台湾省2
taiwei	太尉2
taixia	台下2
taixian	苔藓2
taixiao	太小2
taixing	太行2
taixue	太学2
taiyang	太阳3
taiyangguang	太阳光2
taiyangneng	太阳能2
taiyangnian	太阳年2
taiyangshen	太阳神2
taiyangxi	太阳系2
taiyangxue	太阳穴2
taiyi	太医2
taiyuan	太原3
taizhan	台站2
taizhong	太重2
taizhou	泰州2|台州2
taizi	太子3
taizong	太宗2
taizu	太祖2
tajia	他家2|她家2
tajin	踏进2
talia	他俩2
tamade	他妈的2
tamen	他们4|它们4|她们3
tanbai	坦白2
tanbushang	谈不上2
tance	探测3
tanceqi	探测器2
tancheng	坦诚2
tanchun	探春2
tandao	谈到3
tanfang	探访2
tangbei	汤杯2
tangchao	唐朝2
tangchu	唐初2
tangdai	唐代3
tanggu	塘沽2
tangguo	糖果2
tanghonggao	汤洪高2
tanghualong	汤化龙2
tanghuo	倘或2
tangjia	汤加2
tangjiaxuan	唐家璇2
tanglei	糖类2
tangliangzhi	唐良智2
tangniaobing	糖尿病2
tangren	唐人2
tangruo	倘若3
tangruowang	汤若望2
tangse	糖色2
tangseng	唐僧2
tangshang	堂上2
tangshi	倘使2|唐诗2
tangsong	唐宋2
tangtaizong	唐太宗2
tangtang	堂堂2
tanguan	贪官2
tangweiyou	唐为幽2
tangwu	堂屋2
tangxuanzong	唐玄宗2
tangyifei	唐一菲2
tangyina	唐一娜2
tangyongtong	汤用彤2
tangzhenguan	唐贞观2
tanhe	弹劾2
tanhua	谈话3|探花2
tanhuan	瘫痪2
tanhuang	弹簧2
tanhuo	炭火2
tanji	谈及2
tanjia	谭家2
tanjiayuan	谭家渊2
tanjiazhou	谭家洲2
tanjiu	探究2
tankai	摊开2
tanke	坦克3
tanlan	贪婪2
tanleiqi	探雷器2
tanlianai	谈恋爱2
tanlun	谈论2
tanming	探明3
tanpan	谈判3
tanqi	谈起2|叹气2
tanqin	探亲2|弹琴2
tanqiu	探求2
tanran	坦然2
tanshe	弹射2
tanshi	探视2
tanshuai	坦率2
tansitong	谭嗣同2
tansuanli	碳酸锂2
tansuanyan	碳酸盐2
tansuo	探索3
tanta	坍塌2
tantan	谈谈2
tantao	探讨3
tanting	探听2
tantou	探头2
tantu	贪图2|滩涂2
tanwang	探望2
tanwei	摊位2
tanwu	贪污2
tanxi	叹息2
tanxian	探险2
tanxiandui	探险队2
tanxianjia	探险家2
tanxing	弹性3
tanxun	探寻2
tanyan	坦言2
tanyuanchun	谭元春2
tanzhaodeng	探照灯2
tanzi	摊子2|探子2
tanziguai	谭子拐2
taobi	逃避2
taobojun	陶伯钧2
taocan	套餐2
taochu	掏出3|逃出2
taoci	陶瓷2
taocuan	逃窜2
taofa	讨伐2
taofeike	陶菲克2
taogen	桃根2
taohao	讨好2
taohua	桃花3|套话2
taohuang	逃荒2
taojiao	讨教2
taoli	逃离2
taolu	套路2
taolun	讨论3
taolunhui	讨论会2
taoming	逃命2
taonan	逃难2
taopao	逃跑2
taoqi	陶器3|淘气2
taoqian	掏钱2
taosheng	逃生2
taosiju	陶驷驹2
taotai	淘汰3
taotao	滔滔2
taotuo	逃脱2
taowang	逃亡2|逃往2
taoyan	讨厌2
taoye	陶冶2
taoyuan	桃园2|桃源2
taozhai	讨债2
taozhuang	套装2
taozou	逃走3
taozui	陶醉2
taren	他人3
taru	踏入2
tasha	他杀2
tashang	踏上2
tashi	踏实2
tayong	他用2
tebie	特别4
techan	特产3
techang	特长2
techangsheng	特长生2
teci	特此2
teda	特大2
tedeng	特等2
tedi	特地2
tedian	特点3
teding	特定3
tegao	特高2
tegong	特工2
teji	特级2|特技2
tekun	特困2
teli	特里2
teming	特命2
tengai	疼爱2
tengkong	腾空2
tenglongdong	腾龙洞2
tengtong	疼痛3
tengxie	誊写2
tengyilei	滕一雷2
tepai	特派2
tepaiyuan	特派员2
tequ	特区2
tequan	特权3
tese	特色3
teshe	特赦2
teshi	特使2
teshu	特殊3
teshuxing	特殊性2
tewei	特委2
tewu	特务3
texing	特性3
texu	特许2
teyao	特邀2
teyi	特意2|特异2
teyixing	特异性2
teyou	特有3
teyue	特约2
tezheng	特征3
tezhi	特制2|特质2
tezhong	特种3
tian	提案2
tianan	天安2
tiananmen	天安门4
tianbao	填报3|天宝2
tianbian	天边2
tianbingyi	田秉毅2
tianboguang	田伯光2
tianbu	填补2
tiancai	天才2|甜菜2
tianchan	田产2
tianchao	天朝2
tianchengzhong	田承忠2
tianchi	天池2
tianchong	填充2
tianda	天大2
tiandao	天道2
tiande	天德2
tiandi	天地3|田地2|天敌2
tiandihui	天地会2
tiandixia	天底下2
tiane	天鹅2
tianezhou	天鹅洲3
tianfu	天府3|天赋2|田赋2
tianfujun	田福军2
tianfutang	田福堂2
tianfuxian	田福贤2
tiangong	天宫2
tianguinong	田归农2
tianhe	天河2
tianhei	天黑2
tianhua	天花2
tianhuaban	天花板2
tianhuang	天皇2
tianji	天机2
tianjia	添加3|天价2
tianjiaji	添加剂2
tianjian	田间2|天监2
tianjianxiu	田见秀2
tianjie	天街2
tianjin	天津3
tianjindui	天津队2
tianjing	田径2|天井2
tianjinshi	天津市2
tianjiu	甜酒2
tiankong	天空3
tianli	田里2|天理2
tianliang	天亮2
tianlong	天龙2
tianma	天麻2
tianman	填满2
tianmei	甜美2
tianmen	天门3
tianmenshi	天门市3
tianmi	甜蜜2
tianming	天明2|天命2
tianmu	田亩2|天目2
tianpeng	天棚2
tianping	天平2
tianqi	天气3
tianqian	天堑2
tianqiao	天桥2
tianqiu	天球2
tianran	天然3
tianranqi	天然气3
tianren	天人2
tianse	天色2
tianshan	天山2
tianshang	天上3
tianshe	田舍2
tianshen	天神2
tiansheng	天生2
tianshi	天使2|天师2|天时2
tianshui	天水2
tianshun	天顺2
tiantan	天坛2
tiantang	天堂3
tianti	天体3
tiantian	天天3
tianwang	天王2
tianwei	天威2
tianweiji	甜味剂2
tianwen	天文2
tianwentai	天文台2
tianwenxue	天文学2
tianxia	天下3
tianxian	天线2|天仙2
tianxiang	天象2
tianxiaren	天下人2
tianxie	填写2
tianxing	天星2|天性2
tianxinzhou	天心洲2
tianya	天涯2
tianye	田野2
tianyi	天一2|天意2
tianying	天鹰2
tianyu	天宇2
tianyuan	田园2
tianyuke	田玉科2
tianzai	天灾2
tianzhangchao	田长焯2
tianzhanglin	田长霖2
tianzhen	天真2
tianzhenying	田震英2
tianzhi	添置2
tianzhu	天竺2
tianzhujiao	天主教3
tianzi	天子3
tiaoban	跳板2
tiaobo	挑拨2
tiaocao	跳槽2
tiaochu	跳出2
tiaodang	调档2
tiaodong	跳动2
tiaohe	调和2
tiaoji	调剂2
tiaojia	调价2
tiaojian	条件4
tiaojiao	调教2
tiaojie	调节3|调解2
tiaojin	跳进2
tiaokan	调侃2
tiaokong	调控3
tiaokuan	条款2
tiaoli	条例3|调理2|条理2
tiaoling	条令2
tiaoma	条码2
tiaomu	条目2
tiaopi	调皮2
tiaoqi	挑起2
tiaosan	跳伞2
tiaoshi	调试2|条石2
tiaoshui	跳水2|挑水2
tiaotai	跳台2
tiaoti	挑剔2
tiaoting	调停2
tiaotou	跳投2
tiaowang	眺望2
tiaowei	调味2
tiaowen	条文2|条纹2
tiaowu	跳舞2
tiaoxin	挑衅2
tiaoxuan	挑选2
tiaoyue	条约3|跳跃2
tiaozhan	挑战3
tiaozheng	调整3
tiaozhi	调制2
tiaozi	条子2
tiba	提拔2
tibao	提包2
tibi	提笔2
tibiao	体表2
tibu	替补2
ticai	题材3|体裁2
ticao	体操2
tichang	提倡3
ticheng	提成2
tichu	提出4
tichun	提纯2
tici	题词2
tidai	替代3
tidao	提到3
tidu	提督2|梯度2
tieban	铁板2
tiebang	铁棒2
tiechui	铁锤2
tiedao	铁道2
tiedaobu	铁道部2
tieding	铁钉2
tiegui	铁轨2
tieguo	铁锅2
tiehe	铁盒2
tieji	铁戟2
tiejia	铁甲2
tiejiang	铁匠2
tiejin	贴金2|贴近2
tiekuang	铁矿3
tiekuangshi	铁矿石2
tielian	铁链2
tielu	铁路4
tieluqiao	铁路桥2
tieluxian	铁路线2
tiemen	铁门2
tiemuzhen	铁木真2
tieqi	铁器2|铁骑2
tieqie	贴切2
tieqing	铁青2
tieshanqu	铁山区2
tieshen	贴身2
tiesi	铁丝2
tiesuo	铁锁2
tieta	铁塔2
tiexian	贴现2
tiezhalan	铁栅栏2
tiezhang	铁掌2
tiezhe	贴着2
tiezheng	铁证2
tiezi	帖子2
tifa	提法2
tigang	提纲2
tigao	提高4
tige	体格2
tigong	提供4
tigongshang	提供商2
tihuan	替换2
tihui	体会3
tiji	体积3|提及2
tijian	体检2
tijiao	提交2
tiku	啼哭2
tili	体力3|体例2
tilian	提炼2
tiliang	体谅2
timian	体面2
timing	提名3
timu	题目3
tinei	体内3
tineng	体能2
tingba	听罢2|挺拔2
tingbo	停泊2
tingbu	停步2
tingchan	停产2
tingche	停车2
tingchechang	停车场2
tingcong	听从2
tingdang	停当2
tingdao	听到3
tingdong	听懂2
tingdun	停顿2
tingfang	停放2
tinghou	听候2
tinghua	听话2
tingjian	听见3
tingjin	挺进2
tingjue	听觉2
tingkao	停靠2
tingli	听力2|挺立2|厅里2
tingliu	停留3
tingpai	停牌2
tingqi	挺起2
tingqu	听取3
tingren	听任2
tingsai	停赛2
tingshen	挺身2
tingshuo	听说3
tingtang	厅堂2
tingting	听听2
tingxia	停下2
tingxin	听信2
tingyuan	庭院2
tingzhan	停战2
tingzhang	廷杖3|庭长3|厅长2
tingzhi	停止3|停滞2|挺直2
tingzhong	听众2
tingzi	亭子2
tipo	体魄2
tiqi	提起3
tiqian	提前3
tiqiang	体腔2
tiqing	提请2
tiqiu	踢球2
tiqu	提取2
tiruo	体弱2
tishen	提审2|替身2
tisheng	提升3|蹄声2
tishi	提示2
titai	体态2
titan	体坛2
titian	梯田2
titie	体贴2
titong	体统2
titou	剃头2
tiwai	体外2
tiwei	题为2|体委2|体味2
tiwen	提问3|体温2
tixi	体系3
tixian	体现3
tixibao	体细胞2
tixie	题写2|提携2
tixing	提醒3|体型2|题型2|体形2
tixu	体虚2
tiyan	体验3
tiye	体液2
tiyi	提议3
tiyu	体育3
tiyuchang	体育场2
tiyuguan	体育馆2
tizao	提早2
tizhang	体长2
tizheng	体征2
tizhi	体制3|体质2
tizhong	体重3
tizi	蹄子2|梯子2
tongbaishan	桐柏山2
tongban	同伴2
tongbao	同胞3|通报2
tongbi	同比3
tongbu	同步3
tongchang	通常3|通畅2
tongche	通车3
tongcheng	通称3|统称2|通城2
tongchengxian	通城县2
tongchi	痛斥2
tongchou	统筹2
tongchu	痛楚2
tongda	通达2|痛打2
tongdalei	佟大雷2
tongdao	通道3|同道2
tongdeng	同等2
tongdie	通牒2
tongfeng	通风2
tonggao	通高2|通告2
tongguan	潼关2
tongguo	通过4
tonghaiyun	通海运2
tonghang	通航3|同行2
tonghen	痛恨2
tonghong	通红2
tonghua	通话2|童话2|同化2
tonghuafei	通话费2
tonghun	通婚2
tonghuo	通货2|同伙2
tongji	统计3|同级2|通缉2
tongjian	通奸2
tongjiju	统计局2
tongjiling	通缉令2
tongjing	铜镜2
tongjixue	统计学2
tongju	同居2
tongkao	统考2
tongkong	瞳孔2
tongku	痛苦3|痛哭2
tongkuai	痛快2
tongkuang	铜矿2
tonglei	同类2
tongli	通例2
tongliao	同僚2
tongliben	童立本2
tongling	统领2|铜陵2
tonglu	通路2
tongma	痛骂2
tongmen	同门2
tongmeng	同盟3
tongmengguo	同盟国2
tongmenghui	同盟会2
tongming	同名2|通明2
tongnian	同年3|童年2
tongpai	铜牌2
tongqi	同期3|铜器2|通气2
tongqian	铜钱2
tongqing	同情3
tongqingxi	童庆禧2
tongqu	通衢3
tongren	同仁2
tongri	同日2
tongshang	通商2
tongshanxian	通山县2
tongsheng	同声2
tongshi	同时4|同事3|通史2
tongshidai	同时代2
tongshu	同属2
tongshuai	统帅3|统率2
tongshuaibu	统帅部2
tongsu	通俗2
tongtang	同堂2
tongti	通体2
tongtian	通天2
tongtong	统统2
tongwang	通往3
tongweisu	同位素2
tongxia	统辖2
tongxiang	通向2|同乡2|铜像2
tongxiao	通宵2|通晓2
tongxin	通信3|痛心2|同心2
tongxing	通行3|同姓2
tongxinglian	同性恋2
tongxingzheng	通行证2
tongxue	同学3
tongxun	通讯3
tongxunshe	通讯社2
tongxunyuan	通讯员2
tongyang	同样3
tongye	同业2
tongyi	统一4|同意3|同一3
tongyici	同义词2
tongyige	同一个3
tongyitian	同一天2
tongyong	通用3
tongyuan	同源2
tongyue	同月2
tongze	通则2
tongzhang	通胀2
tongzheng	通政2
tongzhi	统治4|同志3|通知3|同治2|统制2|同知2
tongzhiqu	统治区2
tongzhiquan	统治权2
tongzhishu	通知书2
tongzhizhe	统治者3
tongzhong	同种2
tongzhou	通州2
tongzhuang	童装2
tongzi	童子2
toubao	投保2
touben	投奔2
toubiao	投标2
toubu	头部3
touchan	投产2
touche	透彻2
touchu	透出2
toudao	偷盗2
toudeng	头等2
toudi	投递2
touding	头顶3
touer	头儿2
toufa	头发3
toufang	投放2
tougu	头骨2
touguo	透过2
touhao	头号2
touji	投机2
toujin	头巾2
toujing	头颈2|透镜2
toukan	偷看2
toukao	投靠2
toukui	头盔2
toulan	投篮2
touling	头领2
toulu	透露3|头颅2
touming	透明3
toumingdu	透明度2
toumu	头目2
tounao	头脑3
toupi	头皮2
toupiao	投票3
toupiaoquan	投票权2
touqi	透气2
touqiang	投枪2
touqiu	头球2
touren	头人2
touru	投入3
toushang	头上3
toushe	投射2
toushen	投身2
toushi	透视2
tousu	投诉3
touteng	头疼2
touting	偷听2
toutong	头痛2
toutou	偷偷2|头头2
toutuo	头陀2
touxi	偷袭2|透析2
touxian	头衔2
touxiang	投降3|投向2|头像2
touxu	头绪2
touying	投影2
touyun	头晕2
touzhi	投掷2|透支2
touzhong	投中2
touzi	投资4|骰子2|头子2
touzie	投资额2
touzizhe	投资者3
tuan	图案3
tuancheng	团城2
tuandui	团队3
tuanfei	团费2
tuanfengxian	团风县2
tuanhuo	团伙2
tuanji	湍急2
tuanjie	团结3
tuanju	团聚2
tuanli	团里2
tuanliu	湍流2
tuanti	团体3
tuantisai	团体赛2
tuantuan	团团2
tuanyuan	团员2|团圆2
tuanzhang	团长3
tuanzi	团子3
tubian	突变2
tubiao	图表2
tubo	吐蕃2
tubu	徒步2
tuce	图册3
tuceng	土层2
tucheng	土城2
tuchengzi	土城子2
tuchu	突出3|凸出2|突触2
tudan	图丹2
tudao	屠刀2
tudi	土地4|徒弟3
tudou	土豆2
tuerqi	土耳其3
tufa	突发2
tufei	土匪2
tugai	土改2
tuhua	图画2
tuibing	退兵2
tuice	推测2
tuichi	推迟2
tuichong	推崇2
tuichu	推出3|退出3
tuici	推辞2
tuidao	推倒2|推导2
tuiding	推定2
tuidong	推动3
tuiduan	推断2
tuifan	推翻3
tuiguang	推广3
tuihou	退后2
tuihua	退化2
tuihuan	退还2
tuihui	退回2
tuijian	推荐3
tuijiao	腿脚2
tuijie	推介2
tuijin	推进3
tuijinqi	推进器2
tuiju	推举2
tuikai	推开3
tuili	推理2|推力2
tuilu	退路2
tuilun	推论2
tuina	推拿2
tuiqiao	推敲2
tuiqu	退去2
tuique	退却2
tuiran	颓然2
tuirang	退让2
tuise	退色2
tuishang	推上2
tuishou	退守2
tuisong	推送3
tuisuan	推算2
tuisuo	退缩2
tuituo	推托2
tuiwei	退位2
tuiwu	退伍2
tuixiang	推向2|推想2
tuixiao	推销2
tuixie	推卸2
tuixing	推行3
tuixiu	退休3
tuixuan	推选2
tuiyan	推演2
tuiyi	退役2|推移2
tuizou	退走2
tuji	突击3
tujia	土家2
tujiazu	土家族3
tujidui	突击队2
tujing	途径3|途经2
tujue	突厥2
tukeng	土坑2
tuku	图库3
tukuai	土块2
tulao	徒劳2
tuliao	涂料2
tuliman	涂黎曼2
tulongdao	屠龙刀2
tulu	吐露2
tulufan	吐鲁番2
tulunbei	土伦杯2
tumo	涂抹2
tumou	图谋2
tumu	土木2
tunbing	屯兵2|吞并2
tunbu	臀部2
tunisi	突尼斯2
tunmo	吞没2
tunqi	臀鳍2
tunshi	吞噬2|吞食2
tuntian	屯田2
tuntu	吞吐2
tuntuliang	吞吐量2
tunyan	吞咽2
tunzi	屯子2
tuoba	拓跋2
tuobei	驼背2
tuodang	妥当2
tuodiao	脱掉2
tuofu	托福2|托付2
tuoguan	托管2
tuokou	脱口2
tuokuan	拓宽2
tuolaji	拖拉机2
tuolei	拖累2
tuoleimi	托勒密2
tuoli	脱离3
tuoluo	脱落2|陀螺2
tuomasi	托马斯2
tuomo	唾沫2
tuopan	托盘2
tuopin	脱贫2
tuopu	拓扑2
tuoqian	拖欠2
tuoren	托人2
tuoshan	妥善2
tuoshen	脱身2
tuoshou	脱手2
tuoshui	脱水2
tuoxian	脱险2
tuoxie	妥协2|拖鞋2
tuoyan	拖延2
tuoye	唾液2|托叶2
tuoyuan	椭圆2
tuoyuanxing	椭圆形2
tuozhan	拓展2
tuozhi	拓殖2
tuozonghua	庹宗华2
tuozongkang	庹宗康2
tupian	图片3
tupo	突破3
tupokou	突破口2
tupoxing	突破性2
tuqi	突起2|凸起2
tuqiang	土墙2
tuqiu	土丘2
turan	突然4|徒然2
turang	土壤3
turu	突入2
tuse	土色2
tusha	屠杀2
tushou	徒手2
tushu	图书3
tushuguan	图书馆3
tusi	土司3
tutaizi	土台子2
tutechan	土特产2
tuteng	图腾2
tutou	秃头2
tuwei	突围2
tuwu	突兀2
tuxi	突袭2
tuxian	凸显2|凸现2
tuxiang	图像3
tuxie	吐血2
tuxing	图形2|土星2|徒刑2
tuyang	图样2
tuyuhun	吐谷浑2
tuzai	屠宰2
tuzang	土葬2
tuzhangwang	涂长望2
tuzhi	图纸2|土质2
tuzhong	途中3
tuzhu	土著2
tuzi	兔子2
tuzu	土族2
wachu	挖出2
wadi	洼地2
waer	娃儿2
wagong	瓦工2
waguan	瓦罐2
waibi	外币2
waibian	外边2
waibiao	外表2
waibu	外部3
waice	外侧2
waiceng	外层2
waichu	外出2
waidi	外地3
waidian	外电2
waidiren	外地人2
waigan	外感2
waigong	外公2
waigua	外挂2
waiguan	外观2
waiguo	外国3
waiguoren	外国人2
waiguoyu	外国语2
waihai	外海2
waihao	外号2
waihui	外汇3
waiji	外籍2
waijia	外加2
waijian	外间2
waijiao	外交3
waijiaobu	外交部3
waijiaoguan	外交官2
waijie	外界3
waijingmao	外经贸2
waike	外科2|外壳2
wailai	外来2
waili	外力2
wailiu	外流2
waimao	外贸3|外貌2
waimian	外面3
waipi	外皮2
waipo	外婆2
waiqi	外企2|外戚2
waiqiang	外墙2
waiqiao	外侨2
waiqu	歪曲2
wairen	外人2
waishang	外商2|外伤2
waisheng	外甥2|外省2
waishi	外事2
waitan	外滩2
waitao	外套2
waitou	外头2
waiwei	外围2
waiwen	外文2
waixiangxing	外向型2
waixiao	外校2|外销2
waixing	外形2
waiyan	外延2
waiyi	外衣2
waiyong	外用2
waiyu	外语3
waiyuan	外援2
waizhai	外债2
waizhang	外长3
waizhuan	外传2
waizi	外资3
waizufu	外祖父2
waizumu	外祖母2
wajie	瓦解2
wajue	挖掘2
waku	挖苦2
wakuai	瓦块2
waluojia	瓦罗加2
wanan	万安2
wanbang	万镑2
wanbao	晚报2
wanbei	完备2|晚辈2
wanbi	完毕3
wancan	晚餐2
wancheng	完成4
wanchenglu	完成率2
wandan	完蛋2
wandou	豌豆2
wandun	万吨3
wandunji	万吨级2
wanduo	万多2
wanduomu	万多亩3
waner	玩儿2
wanfan	晚饭2
wanfang	万方2
wanfen	万分2
wangaiqun	汪爱群2
wanganshi	王安石2
wangba	王八2|网吧2
wangbaobao	王保保2
wangbicheng	王必成2
wangbule	忘不了2
wangchang	往常2
wangchao	王朝3
wangchaoyong	汪潮涌2
wangchengen	王承恩2
wangchenghan	王诚汉2
wangconger	王聪儿2
wangdafu	王大夫2
wangdao	王道2
wangdian	网点2
wangdiao	忘掉2
wangdongsheng	王冬生2
wangdui	网队2
wange	万个2
wangfan	往返2
wangfei	王妃2
wangfu	王府3
wangfujing	王府井2
wangfuren	王夫人2
wanggong	王公3|王宫2
wangguo	王国3|亡国2
wangguoguang	王国光2
wangguosheng	王国生2
wanghongwen	王洪文2
wanghou	往后2|王侯2|王后2
wanghuaiyuan	王怀远2
wanghui	往回2
wangji	忘记3|旺季2
wangjia	王家2
wangjiadun	王家墩2
wangjiagang	王家岗2
wangjian	望见2
wangjianan	王建安2
wangjianying	王剑英2
wangjiayao	王家耀2
wangjingwei	汪精卫2
wangjiusi	王九思2
wangjiyuan	王吉元2
wangju	网具2
wanglai	往来3
wanglifen	王利芬2
wangliming	王利明2
wangling	亡灵2
wangliping	王立平2
wangluo	网络3
wangluohua	网络化2
wangmang	王莽2
wangmanyin	王满银2
wangmaolin	王茂林2
wangmaorun	王茂润2
wangmeixiang	王梅祥2
wangmengkui	王梦奎2
wangmin	网民2
wangming	王明2
wangnian	往年2
wangningsheng	王宁生2
wangong	完工2
wangongjin	万公斤2
wangongli	万公里2
wangongqing	万公顷3
wangpai	王牌2
wangping	王平2
wangqian	往前3
wangqiu	网球2
wangqiyao	王琦瑶3
wangqu	望去2
wangquan	王权2
wangque	忘却2
wangrenzhong	王任重2
wangri	往日2
wangruifen	王瑞芬2
wangruiling	王瑞领2
wangruohan	王若涵2
wangshang	网上3
wangshangrong	王尚荣2
wangsheng	旺盛2
wangshi	王室3|往事2
wangshouren	王守仁2
wangshusheng	王树声2
wangsongda	王宋大2
wangtailan	王太岚2
wangtu	妄图2
wangu	万股2|顽固2
wanguo	万国2
wangupai	顽固派2
wangwang	往往3|望望2
wangwei	王位2|妄为2
wangweicheng	王维城2
wangweiyang	王维扬2
wangweiyu	王纬宇2
wangxi	往昔2
wangxiang	妄想2
wangxiangxi	王祥喜2
wangxiaobo	王小波2
wangxiaodong	王晓东2
wangxiaolan	王小兰2
wangxigen	汪习根2
wangxijue	王锡爵2
wangxilie	王希烈2
wangxinting	王新亭2
wangxueping	王学萍2
wangyanan	王亚南2
wangyang	汪洋2
wangye	网页3|王爷3
wangyeqiu	王冶秋2
wangyi	网易2
wangyifeng	王伊锋2
wangyiming	王以铭2
wangyingfan	王英凡2
wangyongyan	王永炎2
wangyou	网友3
wangyuanjing	望远镜2
wangyuanzhang	王元章2
wangyunlong	王云龙2
wangyuzhen	王玉珍2
wangzhan	网站3
wangzhangshun	王长顺2
wangzhaoguo	王兆国2
wangzhaojun	王昭君2
wangzhe	王者2
wangzhi	网址2
wangzhizhi	王治郅2
wangzhongyang	王重阳2
wangzhuang	网状2
wangzi	王子2
wangzu	王族2
wangzuorong	王作荣2
wangzuoshu	王佐书2
wangzuxun	王祖训2
wanhao	完好2
wanhu	万户2
wanhui	晚会2|挽回2
wanhun	完婚2
wanjia	万家3|玩家2
wanjian	晚间2
wanjin	万斤2
wanjiu	挽救2
wanju	玩具2
wankuai	万块2|碗筷2
wanli	万历3|万里2
wanlian	挽联2
wanliang	万辆2
wanliu	挽留2
wanmei	完美3
wanmeiyuan	万美元3
wanmin	万民2
wanming	万名2
wanmu	万亩3
wannan	皖南2
wanneng	万能2
wannian	万年3|晚年3
wannong	玩弄2
wanpi	顽皮2
wanqi	晚期3
wanqian	万千2
wanqiang	顽强2
wanqianmi	万千米2
wanqianwa	万千瓦2
wanqing	晚清2
wanqu	弯曲3
wanquan	完全4
wanrenci	万人次2
wanru	宛如3
wanshan	完善3
wanshang	晚上3|腕上2
wansheng	晚生2
wanshi	万世2|万事2
wanshougeng	万寿羹2
wanshua	玩耍2
wansui	万岁3
wantai	万台2
wantong	顽童2
wantou	万头2
wanwan	万万2|玩玩2
wanwei	万尾2
wanwu	万物2
wanxi	惋惜2
wanxia	晚霞2
wanxian	万线2
wanxiang	万向2
wanxiao	玩笑2
wanxuewen	万学文2
wanxueyuan	万学远2
wanyan	蜿蜒2
wanyankang	完颜康2
wanyanping	完颜萍2
wanyao	弯腰2
wanyi	万一3|玩意2
wanyier	玩意儿2
wanyingbang	万英镑2
wanyu	万余2
wanyuan	万元3
wanzhang	万丈2
wanzheng	完整3
wanzhengxing	完整性2
wanzhenshan	万震山2
wanzhong	万种2
wanzhuan	婉转2
wasi	瓦斯2
wawa	娃娃3|哇哇2
wawayu	娃娃鱼2
wawu	瓦屋2
wazi	袜子2|娃子2
weiai	胃癌2
weiao	违拗2
weiba	尾巴2
weibei	违背2
weibi	未必3|威逼2
weibing	卫兵2
weibo	微波2|微薄2|韦伯2
weibu	尾部2
weiceng	未曾2
weichang	未尝2|胃肠2
weichangdao	胃肠道2
weichen	微臣2
weicheng	围城2
weichengnian	未成年2
weichi	维持3
weichu	位处2
weichunhua	卫春华2
weici	为此2
weida	伟大3
weidao	味道3
weideshi	为的是2
weiding	未定2
weidu	唯独2|纬度2|惟独2
weidui	卫队2
weie	巍峨2
weier	味儿2
weiershi	威尔士2
weierxun	威尔逊2
weifa	违法3
weifan	违反3
weifen	微分2
weifeng	威风2|微风2
weifu	为辅2
weifusheng	魏复盛2
weigan	桅杆2
weigong	围攻2
weiguan	微观2|围观2|为官2
weiguang	微光2
weigui	违规2
weiguo	卫国2|魏国2
weiguozhi	卫国之2
weihai	危害3|为害2|威海2
weihe	为何3|维和2|渭河2
weihu	维护3
weihun	未婚2
weiji	危机3|危急3|危及2|未及2|违纪2|微机2
weijian	围歼2
weijianeng	韦家能2
weijianxing	尉健行2
weijiao	围剿2
weijifen	微积分2
weijin	魏晋2
weijing	未经2|味精2
weiju	位居3|畏惧2
weijun	伪军2
weikang	违抗2
weikong	唯恐2|惟恐2
weikou	胃口2
weikun	围困2
weilai	未来3
weilan	围栏2
weile	为了4
weili	威力3|微粒2
weilian	威廉2
weiliang	微量2
weiliao	未了2
weilie	位列2
weimeng	威猛2
weimi	微米2
weimian	未免2|卫冕2|未眠2
weimiao	微妙2
weimin	为民2
weiming	为名2|威名2
weimu	帷幕2
weimuxin	尉沐昕2
weinan	危难2|为难2
weineng	未能3
weinisi	威尼斯2
weipai	委派2
weipin	危品2
weiqi	为期2|尾鳍2|围棋2
weiqiang	围墙3
weiqie	畏怯2
weiqinghui	魏清慧2
weiqu	委屈2
weiquan	维权2
weiqun	围裙2
weirao	围绕3
weiren	委任2|伟人2
weiruan	微软3
weiruo	微弱2
weisha	为啥2
weishe	威慑2
weisheng	卫生3|为生2|尾声2
weishengbu	卫生部2
weishengjian	卫生间2
weishengju	卫生局2
weishengsu	维生素3
weishengwu	微生物2
weishengyuan	卫生院2
weishenme	为什么3
weishi	卫士2|委实2|威势2|卫视2
weishou	为首3
weishu	为数2
weisui	尾随2
weisuo	萎缩2
weitie	卫铁2
weituo	委托3
weituoren	委托人2
weituoshu	委托书2
weiwan	委婉2
weiwang	威望2|危亡2
weiwei	微微3|魏巍2
weiwen	慰问2
weiwu	威武2
weiwuer	维吾尔2
weixi	苇席2|维系2
weixian	危险3|为先2
weixiangzhu	韦香主2
weixianxing	危险性2
weixiao	微笑3|微小2|卫校2
weixiaobao	韦小宝3
weixie	威胁3
weixielun	威胁论2
weixin	威信2|维新2
weixing	卫星3|微型2
weixingjun	魏兴郡2
weixinpai	维新派2
weixiu	维修3
weixueceng	魏学曾2
weiyan	威严2|围堰2
weiyang	喂养2
weiyena	维也纳2
weiyi	唯一3|惟一2|位移2|尾翼2
weiyixiao	韦一笑2
weiyou	唯有2|惟有2|未有2
weiyu	位于4
weiyuan	委员3
weiyuanhui	委员会4
weiyuanzhang	委员长3
weiyue	违约2
weizao	伪造2
weizhang	违章2
weizhe	为着2|围着2|违者2
weizhen	威震2
weizheng	为政2
weizhi	位置3|为止3|未知2
weizhishu	未知数2
weizhong	为重2
weizhongxian	魏忠贤2
weizhu	为主4|围住2
weizhuang	伪装2
weizhui	围追2
weizhun	为准2
weizi	位子2|苇子2
wenbao	温饱2
wenben	文本2
wenbi	文笔2
wenbu	稳步3
wencha	温差2
wenchang	文昌2
wenchangshi	文昌市2
wenchen	文臣2
wenchuan	汶川2
wenda	问答2
wendai	温带3
wendang	文档2
wendao	问道3|闻到2
wendi	文帝2
wending	稳定3
wendingxing	稳定性2
wendongwu	文东武2
wendu	温度3
wenduji	温度计2
wenfeng	文峰2|文风2
wenge	文革2
wengongtuan	文工团2
wengu	稳固2
wenguan	文官2
wengweng	嗡嗡2
wenhan	文翰2
wenhao	问号2
wenhe	温和3|吻合2
wenhou	问候2
wenhua	文化4|文华3|问话2
wenhuabu	文化部2
wenhuaceng	文化层2
wenhuaguan	文化馆2
wenhuaju	文化局2
wenhualu	文化路2
wenhuashi	文化史2
wenhui	文汇2
wenji	文集2|问及2
wenjiabao	温家宝2
wenjian	文件3|稳健2
wenjiao	文教2
wenjuan	问卷2
wenke	文科2
wenku	文库3
wenli	纹理2
wenlian	文联2
wenluan	紊乱2
wenmang	文盲2
wenming	文明3|闻名3|问明2
wennuan	温暖3
wenping	文凭2
wenqi	问起2
wenqing	温情2
wenquan	温泉2
wenre	温热2
wenren	文人2
wenrou	温柔3
wenshi	问世2|纹饰2|文史2|温室2
wenshizhen	闻世震2
wenshu	文书3
wenshui	温水2
wenshuo	文说2
wentailai	文泰来2
wentan	文坛2
wenti	问题4|文体2
wentianxiang	文天祥2
wentingshi	文廷式2
wentiren	温体仁2
wentuo	稳妥2
wenwen	问问2
wenwu	文物3|文武3
wenxian	文献3
wenxin	温馨2
wenxuan	文选2
wenxue	文学3
wenxuejia	文学家2
wenxueshi	文学史2
wenxueyuan	文学院2
wenxun	闻讯2
wenya	文雅2
wenyan	文言2
wenyi	文艺3|瘟疫2
wenyiduo	闻一多2
wenyijie	文艺界2
wenyouwu	文右武2
wenyuange	文渊阁2
wenzhang	文章3
wenzhi	文职2
wenzhong	文中2|稳重2
wenzhou	温州2
wenzhu	稳住2
wenzi	文字3|蚊子2
wenzong	文宗2
wobei	我辈2
wodang	我党2
woerfu	沃尔夫2
wofang	我方2
woguo	我国4
wohui	我会3
wojia	我家3
wojun	我军3
wokou	倭寇2
wolia	我俩2
wolong	卧龙2
wolun	涡轮2
women	我们4
wonang	窝囊2
woniu	蜗牛2
wopeng	窝棚2
wosheng	我省2
woshi	卧室2|我市2
woshou	握手2
woxiao	我校2
woxin	我心2
woxing	我行2
woyou	握有2
wozhu	握住2
wuai	无碍2
wubai	五百2
wubainian	五百年2
wubangguo	吴邦国2
wubao	五保2
wubei	武备2
wubi	无比3|务必2
wubian	无边2
wubu	无不3
wucai	五彩2
wucan	午餐2
wucha	误差2
wuchan	物产2
wuchang	武昌3|无偿2|无常2
wuchangqu	武昌区3
wuchangyu	武昌鱼2
wuchangzhan	武昌站2
wuchaqing	吴茶清2
wuchen	无尘2
wuchengying	吴承瑛2
wuchi	无耻2|五尺2
wuchu	无处2|吴楚2
wuci	五次2
wucong	无从2
wuda	五大2|武大2
wudai	五代3
wudang	武当2
wudangshan	武当山3
wudao	舞蹈3|五道2|误导2
wudaoxing	误导性2
wudexin	吴德馨2
wudi	无敌2
wudian	五点2
wuding	屋顶3|武丁2|无定2
wudingfu	吴定富2
wudong	舞动2
wudou	武斗2
wudu	无毒2|五毒2
wuduan	无端2
wudunru	武敦儒2
wufa	无法3
wufan	午饭2
wufang	无妨2
wufei	无非2
wufen	五分3
wufeng	五峰2
wuganda	乌干达2
wugao	诬告2
wuge	五个3
wugeng	五更2
wugong	武功3|蜈蚣2|无功2
wugu	无辜2|五谷2|无故2
wuguan	无关2|武官2|五官2
wugui	乌龟2
wuguo	吴国2
wuguolun	吴国伦2
wuhai	无害2
wuhan	武汉4
wuhandui	武汉队2
wuhanshi	武汉市4
wuhanzhan	武汉站2
wuhei	乌黑2
wuheng	五横2
wuhou	午后2|屋后2
wuhu	芜湖2
wuhua	物化2
wuhuan	乌桓2
wuhui	误会2|污秽2
wuji	屋脊2|无机2
wujia	物价3
wujian	五间3|物件2|五建2
wujiang	武将2|乌江2
wujianmin	吴建民2
wujiao	屋角2
wujiaoxing	五角星2
wujichuan	吴基传2
wujie	误解2|五届2
wujiming	无记名2
wujin	无尽2
wujing	武警2|五经2
wujingui	吴金贵2
wujinshi	武进士2
wujiu	乌桕2
wuju	舞剧2
wujun	无菌2
wuke	无可2
wukelan	乌克兰2
wulaer	乌拉尔2
wulagui	乌拉圭2
wulai	无赖2
wulei	五类2
wuli	物理3|屋里3|无力3|武力3|五里2|物力2
wuliang	无量2
wulianguan	五连冠2
wuliangye	五粮液2
wulianyuan	武连元2
wuliao	无聊2|物料2
wuliliang	物理量2
wulin	武林3
wuling	武陵2
wulingshan	武陵山2
wulinzhong	武林中2
wulishen	吴立身2
wuliu	物流2|五六2
wuliuge	五六个2
wuliuqi	吴六奇2
wuliuqian	五六千2
wulixue	物理学3
wulongju	乌龙驹2
wulun	无论3
wulunshi	无论是2
wuma	武麻2
wumei	舞美2|妩媚2
wumen	午门3|五门2|屋门2
wumian	屋面2
wumie	诬蔑2
wuming	五名2|无名2
wumoxi	吴摩西2
wunai	无奈3
wunei	屋内2
wuneng	无能2
wuni	污泥2
wunian	五年3
wuning	毋宁2
wunong	务农2
wupeifu	吴佩孚2
wupin	物品3|五品2
wuqi	武器3|雾气2
wuqian	五千2
wuqing	无情2
wuqingbo	武清伯2
wuqiong	无穷2
wuqiongde	无穷的2
wuqu	误区2|舞曲2
wuquan	无权2
wuran	污染3
wuranwu	污染物2
wuren	无人3|武人2
wurenji	无人机2
wurenwei	误认为2
wuri	五日2
wuritu	乌日图2
wuru	侮辱2
wuruyi	吴汝义2
wusangui	吴三桂3
wusantong	武三通2
wuse	无色2|五色2|物色2
wusetu	五色土2
wushan	巫山2
wushang	无上2|误伤2
wushaoxun	吴少勋2
wusheng	无声2
wushi	武士3|五十2|务实2|物事2|五世2|巫师2
wushiliang	五十两2
wushinian	五十年2
wushisui	五十岁2
wushu	无数3|武术2|巫术2
wushuang	无双2
wushuangqi	无霜期2
wushuci	无数次2
wushui	污水2
wusi	五四2|无私2|乌斯2
wusong	武松3
wusongkou	吴淞口2
wusui	五岁2
wusun	无损2
wusuowei	无所谓2
wutai	舞台3
wutaishan	五台山2
wuti	物体3
wutian	五天2
wutiao	五条2
wutiaojian	无条件2
wutingfang	伍廷芳2
wutou	无头2|乌头2
wuwai	屋外2
wuwan	五万2
wuwang	无望2
wuwei	无畏2|无为2|五位2|无谓2|武威2|无味2
wuwu	无误2
wuxi	无锡2
wuxia	无暇2
wuxian	无限3|无线2|诬陷2|五县2|吴县2
wuxiandian	无线电3
wuxiang	五项2
wuxiangxiang	吴香香2
wuxianren	吴县人2
wuxiao	无效2
wuxin	无心2
wuxing	五行2|无形2|五星2|无性2
wuxingang	吴新刚2
wuxingji	五星级2
wuxingzhong	无形中2
wuxiuwen	武修文2
wuxu	无须2|无需2|无序2|务须2
wuxue	武学2
wuxueshi	武穴市2
wuya	乌鸦2
wuyan	无言2|屋檐2
wuyang	无恙2
wuyansheng	吴燕生2
wuye	呜咽2|物业2|午夜2
wuyi	五一3|无疑3|武艺3|无意2|无异2|无以2
wuyijian	无意间2
wuyingdian	武英殿2
wuyingxiong	吴应熊2
wuyishan	武夷山2
wuyiyu	无异于2
wuyong	无用2|吴用2
wuyou	无忧2
wuyu	乌鱼2
wuyuan	无缘2
wuyuanhua	吴元华2
wuyue	五月3|五岳2|吴越2
wuyun	乌云2
wuzang	五脏2
wuzengrong	伍增荣2
wuzetian	武则天2
wuzhang	五丈2
wuzhi	物质3|无知2|五指2|武职2
wuzhirong	吴之荣2
wuzhong	物种2|五种2|五中2
wuzhu	捂住2|无助2
wuzhuang	武装3
wuzi	物资3|屋子3|兀自2
wuzixu	伍子胥2
wuzui	无罪2
wuzuo	五座2
xiaai	狭隘2
xiaba	下巴2
xiaban	下班2
xiabanchang	下半场2
xiabannian	下半年2
xiabanye	下半叶2
xiabian	下边2
xiabu	下部2
xiaceng	下层2
xiachang	狭长2|下场2
xiache	下车2
xiachen	下沉2
xiachui	下垂2
xiaci	下次2
xiada	下达3
xiadai	夏代2
xiadao	吓倒2
xiadi	下地2
xiadie	下跌2
xiadouyin	夏斗寅2
xiadu	下毒2
xiadushou	下毒手2
xiafa	下发2
xiafang	下放2|下方2
xiagang	下岗3
xiagongfu	下功夫2
xiagu	峡谷2
xiaguan	下官2|下关2
xiaguang	霞光2
xiagui	下跪2
xiaguo	下锅2|下过2
xiahai	下海2
xiahe	下颌2
xiahou	夏侯2
xiahu	吓唬2
xiahua	下滑2
xiahuai	吓坏2
xiai	喜爱3
xiaji	夏季3|下级3
xiajiang	下降3
xiajie	下界2
xiajuexin	下决心2
xiake	侠客2
xiakuan	下款2
xialai	下来4
xialie	下列3
xialing	下令3
xialiu	下流2
xialou	下楼2
xialuo	下落2
xialuqu	下陆区2
xiama	下马3
xiamen	厦门2
xiamian	下面3
xian	西安3|西岸2
xianan	酰胺2
xiananqu	咸安区2
xianbei	鲜卑2|先辈2
xianbing	宪兵2
xiancao	仙草2
xiance	献策2
xianchang	现场3
xiancheng	县城3|现成2
xianchu	显出2|现出2|献出2
xiancun	现存3
xiandai	现代3
xiandaihua	现代化3
xiandairen	现代人2
xiandan	咸蛋2
xiandao	先导2
xiande	显得3
xiandi	贤弟2|献帝2|先帝2
xianding	限定2
xiandu	限度3
xiane	险恶2|限额2
xianfa	宪法3
xianfeng	先锋3|咸丰2
xianfengxian	咸丰县2
xianfu	县府2
xiangai	相爱2
xiangban	相伴2
xiangbei	湘北2
xiangbi	相比3|想必2
xiangbudao	想不到3
xiangcha	相差3
xiangchang	乡长3
xiangche	响彻2
xiangchen	相称2
xiangchengqu	襄城区2
xiangchi	相持2
xiangchu	相处2
xiangchuan	相传2
xiangcun	乡村3
xiangdai	相待2
xiangdang	相当3
xiangdangnian	想当年2
xiangdangyu	相当于3
xiangdao	想到3|向导2
xiangdedao	想得到2
xiangdeng	相等3
xiangdong	向东3|响动2
xiangdui	相对3
xiangduilun	相对论2
xiange	湘鄂2
xiangei	献给2
xiangfa	想法3
xiangfan	相反3|襄樊2
xiangfang	厢房2|相仿2
xiangfanshi	襄樊市2
xiangfeng	相逢2
xiangfu	相符2
xianggan	相干2|湘赣2
xianggang	香港3
xiangge	相隔2
xianggong	相公2
xianggu	香菇2
xiangguan	相关4
xianghe	祥和2|相合2
xianghu	相互3
xianghui	相会2
xianghuo	香火2
xiangji	相继3|相机2
xiangjia	相加2
xiangjian	相见3|相间2|想见2|详见2|乡间2
xiangjiang	湘江2
xiangjiao	橡胶2|相交2|香蕉2
xiangjie	相接2
xiangjin	相近2|详尽2
xiangjing	香精2
xiangjiu	相救2
xiangju	相距3|相聚2
xiangjun	湘军2
xiangkou	巷口2
xiangla	香辣2
xianglai	向来3|想来2
xianglan	香兰2
xiangle	享乐2
xiangli	乡里2
xianglian	相连3|项链2|相联2
xiangliang	响亮2|向量2
xiangliao	香料2
xianglin	相邻2
xiangling	香菱2
xianglu	香炉2
xiangmao	相貌2
xiangmin	乡民2
xiangmu	项目4
xiangnian	想念2
xiangpeng	相碰2
xiangpi	橡皮2
xiangqi	想起3|响起3|香气2|象棋2
xiangqian	向前3|镶嵌2
xiangqin	乡亲2
xiangqing	详情2
xiangquan	相劝2
xiangrang	相让2
xiangrikui	向日葵2
xiangrong	相容2
xiangshan	香山2|象山2
xiangshang	向上2
xiangsheng	响声2|相声2
xiangshi	像是3|象是2|相识2|乡试2|相视2
xiangshou	享受3
xiangshu	橡树2|详述2
xiangshui	香水2
xiangsi	相似3|相思2
xiangsui	相随2
xiangtian	香甜2
xiangtong	相同3|相通2
xiangtou	相投2
xiangtu	乡土2
xiangui	显贵2
xiangwang	向往3|相望2
xiangwei	香味2|相位2
xiangxi	详细3|湘西2
xiangxia	向下2|乡下2
xiangxiang	想象3|想想3|想像2|相像2
xiangxiangli	想象力2
xiangxiaren	乡下人2
xiangxin	相信3
xiangya	象牙2
xiangyan	香烟2
xiangyang	襄阳4|向阳2|像样2
xiangyao	想要3
xiangyi	相宜2|相异2
xiangying	相应3|响应3
xiangyong	享用2
xiangyou	享有3
xiangyu	项羽2|相遇2|享誉2
xiangyue	相约2
xiangyun	湘云2
xiangyuxian	襄渝线2
xiangzhan	巷战2
xiangzhe	想着3|向着2
xiangzhen	乡镇3
xiangzheng	象征3
xiangzhengfu	乡政府2
xiangzhengxing	象征性2
xiangzhongfa	向忠发2
xiangzhou	襄州2
xiangzhu	相助2|香主2
xiangzhuang	相撞2
xiangzi	箱子2|巷子2
xianhai	陷害2
xianhe	显赫2|先河2
xianhong	鲜红2
xianhou	先后4
xianhua	鲜花3|闲话2
xianhuo	鲜活2
xianji	县级3
xianjian	显见2
xianjie	衔接2
xianjieduan	现阶段2
xianjin	先进4|现金3|现今2
xianjing	县境2|陷阱2
xianjinxing	先进性2
xianjishi	县级市3
xianjun	险峻2
xiankai	掀开2
xianli	县里2|先例2|献礼2
xianliang	贤良2|限量2
xianliao	闲聊2
xianlie	先烈2
xianling	先令2|县令2
xianlipian	献礼片2
xianliu	腺瘤2
xianlu	线路3|显露2
xianluo	陷落2
xianmei	鲜美3
xianmin	先民2
xianming	鲜明3|现名2
xianmu	羡慕2
xiannen	鲜嫩2
xiannian	现年2
xianning	咸宁3
xianningshi	咸宁市3
xiannongtan	先农坛2
xiannu	仙女2
xianpin	鲜品2
xianqi	掀起3|先期2|限期2|仙器2|嫌弃2
xianqian	先前3
xianqin	先秦2
xianqing	险情2
xianqu	先驱2
xianquan	线圈2
xianran	显然3
xianren	现任2|仙人2|先人2|闲人2
xianru	陷入3
xianshang	县上2|献上2
xianshen	献身2|现身2
xiansheng	先生4
xianshi	显示3|现实3|县市3|先是3|先师2|现时2
xianshiping	显示屏2
xianshiqi	显示器2
xianshiqu	县市区2
xianshu	娴熟2
xiansuo	线索2
xiantan	闲谈2
xiantao	仙桃3
xiantaoshi	仙桃市3
xianti	腺体2
xiantian	先天2
xiantianxing	先天性2
xiantiao	线条2
xiantou	先头2
xianwei	纤维3|县委3
xianweiban	纤维板2
xianweijing	显微镜2
xianweisu	纤维素2
xianxi	纤细2
xianxia	闲暇2
xianxian	显现2
xianxiang	现象3
xianxie	险些2|献血2
xianxing	现行3|先行3|线性2
xianxue	鲜血3
xianyan	鲜艳2|显眼2
xianyang	咸阳2
xianyao	险要2
xianyi	现已3|现役2|嫌疑2
xianyiren	嫌疑人2
xianyou	现有3|鲜有2
xianyu	限于2|陷于2|县域2|先于2
xianzai	现在4
xianzhang	县长3|宪章2
xianzhe	闲着2
xianzheng	宪政2
xianzhengfu	县政府3
xianzhi	限制3|闲置2|先知2
xianzhu	显著3|先主2
xianzhuang	现状3
xianzi	仙子2
xianzong	宪宗2
xiaobaicai	小白菜2
xiaobao	小包2
xiaobei	小贝2
xiaobian	小便2
xiaocezi	小册子2
xiaochang	小肠2
xiaochangxian	孝昌县2
xiaoche	小车2
xiaochen	消沉2
xiaocheng	小城2
xiaochi	小吃2
xiaochu	消除3
xiaochuan	小船2|哮喘2
xiaocun	小村2
xiaodao	小岛2|小刀2|小道2
xiaode	晓得3
xiaodezi	小德子2
xiaodi	小弟3
xiaodian	小店2
xiaodu	消毒2
xiaodui	小队2
xiaoe	小额2
xiaoer	小儿2
xiaoerzi	小儿子2
xiaofa	效法2
xiaofan	小贩2
xiaofang	消防2|校方2|效仿2
xiaofei	消费3|小费2
xiaofeipin	消费品3
xiaofeizhe	消费者3
xiaofendui	小分队2
xiaofu	小腹2
xiaogan	孝感3
xiaogangpao	小钢炮2
xiaoganren	孝感人2
xiaoganshi	孝感市3
xiaogou	小狗2
xiaogui	小鬼2
xiaoguizi	小桂子2
xiaoguniang	小姑娘2
xiaoguo	效果3|小国2
xiaohai	小孩3
xiaohaier	小孩儿2
xiaohailiang	肖海亮2
xiaohaizi	小孩子3
xiaohao	消耗3
xiaohe	小河2
xiaohekou	小河口2
xiaohonglin	肖鸿林2
xiaohua	消化3|笑话3
xiaohuadao	消化道2
xiaohuanghou	萧皇后2
xiaohui	销毁2
xiaohuozi	小伙子2
xiaoji	消极2|小鸡2
xiaojiahuo	小家伙2
xiaojialing	肖家岭2
xiaojian	小建2
xiaojiang	小将2
xiaojie	小姐3|小节2|消解2
xiaojing	孝敬2|小径2
xiaokan	小看2
xiaokang	小康2
xiaokangxian	小康县2
xiaoke	小可2
xiaokong	小孔2
xiaokoujing	小口径2
xiaolao	效劳2
xiaolaopo	小老婆2
xiaoli	效力2
xiaolian	笑脸3
xiaoliang	销量2
xiaolin	小林2
xiaolingzi	小玲子2
xiaolong	小龙3
xiaolou	小楼2
xiaolu	效率3|小路2|销路2
xiaoma	小马2
xiaomai	小麦3
xiaomei	小妹2
xiaomen	校门2|小门2
xiaomi	小米2
xiaomie	消灭3
xiaomimi	笑眯眯2
xiaomin	小民2
xiaoming	校名3|小命2
xiaomo	消磨2
xiaonanqu	孝南区2
xiaoneng	效能2
xiaoniao	小鸟2
xiaoniu	小牛2
xiaonong	小农2
xiaonu	小女2
xiaonuer	小女儿2
xiaonuhai	小女孩2
xiaopao	小跑2
xiaopengyou	小朋友2
xiaopin	小品2
xiaoqi	骁骑2
xiaoqian	消遣2
xiaoqiao	小巧2
xiaoqiche	小汽车2
xiaoqiye	小企业2
xiaoqu	校区2|小区2|小觑2
xiaoren	小人3
xiaorong	笑容3
xiaosa	潇洒2
xiaosan	消散2
xiaoshan	小山2
xiaoshe	校舍2
xiaosheng	小声3|笑声3|小生2|啸声2|箫声2
xiaoshi	小时3|消失3|小事3|小史2|消逝2
xiaoshihou	小时候2
xiaoshiqiao	小石桥2
xiaoshou	销售3|小手2|消瘦2
xiaoshoue	销售额2
xiaoshouliang	销售量2
xiaoshu	小树2
xiaoshun	孝顺2
xiaoshuo	小说3
xiaoshuojia	小说家2
xiaosi	小厮2
xiaosuan	硝酸2
xiaotaijian	小太监2
xiaotan	小摊2
xiaotiao	萧条2
xiaoting	小艇2|消停2
xiaotiqin	小提琴2
xiaotou	小偷2
xiaotui	消退2|小腿2
xiaowa	小娃2
xiaowai	校外2
xiaowang	消亡2
xiaowei	校尉2
xiaowu	小屋2
xiaoxi	消息3|小溪2|小西2
xiaoxiang	潇湘2|肖像2|小巷2
xiaoxiao	小小3|笑笑2
xiaoxiaode	小小的3
xiaoxin	小心3|孝心2
xiaoxing	小型3
xiaoxingxing	小行星2
xiaoxiongdi	小兄弟2
xiaoxixi	笑嘻嘻2
xiaoxuanzi	小玄子2
xiaoxue	小学3
xiaoxuesheng	小学生2
xiaoyan	硝烟2
xiaoyao	逍遥2
xiaoyatou	小丫头2
xiaoye	小叶2
xiaoyi	效益3|笑意2
xiaoying	效应3
xiaoyinyin	笑吟吟2
xiaoyong	效用2
xiaoyu	小于2|小雨2|小鱼2
xiaoyuan	校园3|小院2
xiaozhan	小站2
xiaozhang	校长3|小张2|嚣张2
xiaozhen	小镇2
xiaozhong	效忠2
xiaozhonghui	萧中慧2
xiaozhou	小舟2
xiaozi	小子3|小字2|孝子2
xiaozu	小组3
xiaqi	下棋2|下期2
xiaqiu	夏秋2
xiaqiunao	下丘脑2
xiaqu	下去4|辖区3
xiaren	吓人2|下人2
xiari	夏日2
xiashan	下山2
xiashangzhou	夏商周2
xiashe	下设2
xiashen	下身2
xiashou	下手2
xiashu	下属3|下述2
xiashui	下水2
xiashuo	瞎说2
xiata	下榻2
xiatai	下台2
xiatian	夏天3
xiatiao	下调2
xiaweiyi	夏威夷2
xiawen	下文2
xiawu	下午3
xiaxia	下辖3
xiaxian	下限2
xiaxiang	下乡2
xiaxiao	狭小2
xiaxing	下行2
xiaxue	下雪2
xiaxun	下旬2
xiayao	下腰2
xiayi	狭义2|侠义2
xiayidai	下一代2
xiayishi	下意识2
xiayou	下游3
xiayu	下雨2|下狱2
xiayuan	下院2
xiayulian	夏玉莲2
xiazai	下载3
xiazang	下葬2
xiazanzhong	夏赞忠2
xiazhai	狭窄3
xiazhi	夏至2|下肢2
xiazi	瞎子2|虾子2|匣子2
xiazuoquan	夏佐全2
xibaipo	西柏坡2
xibanya	西班牙3
xibao	细胞3
xibaobi	细胞壁2
xibaohe	细胞核2
xibaomo	细胞膜2
xibaozhi	细胞质2
xibei	西北3
xibeibu	西北部3
xibeifeng	西北风2
xibeijiao	西北角2
xibian	西边3
xibianmen	西便门2
xibo	稀薄2
xibozu	锡伯族2
xibu	西部3
xice	西侧3
xichang	细长2
xichaodong	西朝东2
xichaofang	西朝房2
xicheng	西城2|戏称2
xichu	析出2
xichuan	西川2
xidan	西单2
xide	西德2
xidi	洗涤2
xidu	吸毒2
xiduan	西段2
xieban	协办2
xiecheng	写成2
xiechu	写出2
xiedai	携带3
xiedanyang	谢丹阳2
xiedao	写道2
xiedi	鞋底2
xieding	协定3
xiedu	亵渎2
xiee	邪恶2
xieen	谢恩2
xiefa	解法2
xiefuzhan	谢伏瞻2
xiefuzhi	谢富治2
xiegei	写给2
xiehe	协和2
xiehuangen	谢皇恩2
xiehui	协会3
xiejia	谢家2
xiejiang	鞋匠2
xiejue	谢绝2
xielinlin	血淋淋2
xielou	泄露2|泄漏2
xiemian	斜面2
xieming	写明2
xiepo	胁迫2|斜坡2
xieqi	邪气2|泄气2
xieqingzhai	谢清斋2
xieqiusi	谢秋思2
xieren	卸任2
xieru	写入2
xieruoping	谢若萍2
xieshang	协商3
xiesheng	写生2
xieshi	写实2|写诗2
xieshou	携手2
xietiao	协调3
xietong	协同2
xiewa	鞋袜2
xiexi	歇息2
xiexia	写下2|卸下2
xiexie	谢谢3|歇歇2
xiexin	写信2
xiexingfang	谢杏芳2
xiexu	些许2
xieyan	斜眼2
xieyanke	谢烟客2
xieyi	协议3
xieyishu	协议书2
xieyouqing	谢佑卿2
xieyueguo	协约国2
xiezhao	写照2
xiezhen	谐振2
xiezhu	协助3
xiezi	鞋子2|蝎子2|写字2
xiezilou	写字楼2
xiezitai	写字台2
xiezouqu	协奏曲2
xiezui	谢罪2
xiezuo	写作3|协作2
xifan	稀饭2
xifang	西方3
xifangren	西方人2
xifei	西非2
xifen	细分2
xifeng	西风2
xifu	媳妇3|吸附2|西服2
xifuer	媳妇儿2
xigai	膝盖2
xigong	西宫2
xigua	西瓜2
xiguan	习惯3
xiguanyu	习惯于2
xihaian	西海岸2
xihan	西汉3|稀罕2|希罕2
xihao	喜好2
xihongqiang	西红墙2
xihongshi	西红柿2
xihu	西湖2
xihua	西华2|细化2
xihuan	喜欢3
xiji	袭击3|希冀2
xijiachi	习家池2
xijiang	西江2
xijiao	西郊2
xijie	细节3|洗劫2|西街2
xijin	西晋3
xijing	洗净2|西经2
xijiu	喜酒2
xiju	戏剧3|喜剧2
xijuan	席卷2
xijun	细菌3
xijuxing	戏剧性2
xikan	细看2
xikou	西口2
xila	希腊3
xilan	稀烂2
xilaren	希腊人2
xilayu	希腊语2
xili	洗礼2|犀利2
xilian	洗脸2
xilie	系列3
xiling	西陵2
xilingqu	西陵区2
xiliu	溪流2
xilu	西路2
ximen	西门2
ximenzi	西门子2
ximi	细密2
ximian	西面2
ximie	熄灭2
xina	吸纳2
xinai	心爱2
xinan	西南3
xinanbu	西南部3
xinban	新版2
xinbian	新编2
xinbing	新兵2|心病2
xincai	心裁2
xinchang	心肠2
xinchao	新潮2
xincheng	新城2
xinchou	薪酬2|辛丑2
xinchun	新春2
xinchunying	信春鹰2
xincun	新村2
xindai	信贷2
xindao	信道2|心道2
xinde	心得2
xindeguo	信得过2
xindeli	新德里2
xindi	心底2|新堤2|心地2
xindong	心动2
xinen	细嫩2
xinfa	心法2|新法2
xinfan	心烦2
xinfang	新房2|心房2
xinfei	心肺2
xinfeng	信奉3|新风2|信封2
xinfu	心腹2
xingai	性爱2
xingan	心肝2
xingang	新港2
xingao	新高2
xingban	兴办2
xingbie	性别2
xingbiebi	性别比2
xingbing	性病2|兴兵2
xingbu	刑部3
xingbutong	行不通2
xingchang	刑场2
xingche	行车2
xingcheng	形成4|行程2
xingchongchong	兴冲冲2
xingci	行刺2
xingcun	幸存2
xingcunzhe	幸存者2
xingde	幸得2
xingdeng	星等2
xingdong	行动3
xinger	幸而2
xingfa	刑罚2|刑法2
xingfen	兴奋3
xingfenji	兴奋剂2
xingfu	幸福3
xingfuren	邢夫人2
xinggan	性感2
xingge	性格3
xinggong	行宫2
xinggongneng	性功能2
xingguang	星光2
xingguo	兴国2
xinghao	型号3|幸好2
xinghui	行贿2
xinghuo	星火2
xingji	星级2|星际2|性急2
xingjian	兴建3
xingjiang	行将2
xingjin	行进2
xingjing	行径2
xingjisu	性激素2
xingjun	行军2
xingkong	星空2
xingkui	幸亏2
xinglai	醒来2
xingli	行李2|行礼2
xinglong	兴隆2
xinglu	行路2
xingmao	形貌2
xingmian	幸免2
xingming	性命3|姓名3
xingmu	醒目2
xingneng	性能3
xingpu	型谱2
xingqi	兴起3|星期3
xingqier	星期二2
xingqiliu	星期六2
xingqing	性情2
xingqiri	星期日2
xingqitian	星期天2
xingqiu	星球2
xingqiwu	星期五2
xingqiyi	星期一2
xingqu	兴趣3
xingren	行人2|杏仁2
xingrong	形容2
xingrongci	形容词2
xingshan	兴山2
xingshanxian	兴山县2
xingsheng	行省3|兴盛2
xingshenghuo	性生活2
xingshi	形式4|行使3|形势3|行事3|刑事3|行驶2
xingshizhong	邢世忠2
xingshu	行署2
xingshuai	兴衰2
xingsi	形似2
xingtai	形态3|邢台2
xingti	形体2
xingtou	兴头2
xingtuan	星团2
xingu	新股2
xingwang	兴旺2|兴亡2
xingwei	行为3
xingwen	行文2
xingwu	醒悟2|省悟2
xingxi	星系2
xingxian	性腺2
xingxiang	形象3
xingxiao	行销2
xingxing	行星2|星星2|行刑2|悻悻2
xingxingwei	性行为2
xingxiong	行凶2
xingxiu	星宿2|兴修2
xingye	星夜2
xingyi	行医2
xingyu	性欲2
xingyuan	行辕2
xingyun	幸运2|星云2
xingzhe	行者3
xingzheng	行政4
xingzhengqu	行政区3
xingzhengyuan	行政院2
xingzhi	性质3|形制2|兴致2|行至2|行止2
xingzhuang	形状3|性状2
xingzi	性子2
xingzong	行踪2
xingzou	行走3
xingzuo	星座2
xinhan	信函2
xinhao	信号3
xinhe	新河2
xinhua	新华2
xinhuai	心怀2
xinhuamen	新华门2
xinhuashe	新华社3
xinhuawang	新华网3
xinhun	新婚2
xini	细腻2|悉尼2
xinian	昔年2
xining	西宁2|熙宁2
xiniu	犀牛2
xinji	心肌2|心悸2
xinjian	新建3|信件2
xinjiang	新疆3|新江2
xinjiao	新教2
xinjiaotong	心绞痛2
xinjiapo	新加坡3
xinjin	新近2|薪金2
xinjing	心惊2|心境2
xinjiu	新旧2
xinjiyuan	新纪元2
xinjun	新军2
xinkaipu	新开铺2
xinkou	心口2
xinku	辛苦3
xinla	辛辣2
xinlai	信赖2
xinlang	新浪2|新郎2
xinli	心里4|心理3
xinlihua	心里话2
xinling	心灵3
xinlixue	心理学3
xinlu	新路2|心律2
xinmin	新民2
xinmu	心目2
xinnian	信念2|新年2|心念2
xinniang	新娘2
xinniangzi	新娘子2
xinong	戏弄2
xinpian	芯片3
xinqi	新奇2
xinqiao	新桥2
xinqie	心切2
xinqin	辛勤3
xinqing	心情3
xinqu	新区2
xinran	欣然2
xinren	信任3|新人2|新任2
xinsha	新沙2
xinshang	欣赏3|心上3
xinshen	心神2
xinsheng	新生3|心声2
xinshengdai	新生代2
xinshenger	新生儿2
xinshi	新式2|心事2|心室2|信使2|新诗2
xinshiji	新世纪2
xinshijie	新世界2
xinshiqi	新石器2
xinshui	薪水2
xinsi	心思3|寻思3
xinsijun	新四军2
xinsuan	心酸2|辛酸2
xintai	心态3
xinteng	心疼2
xintiao	心跳2|信条2
xintong	心痛2
xintou	心头3
xintu	信徒2
xintuo	信托2
xinu	息怒2
xinuange	西暖阁2
xinwei	欣慰2
xinwen	新闻4
xinwengao	新闻稿2
xinwenhua	新文化2
xinwenjie	新闻界2
xinwensi	新闻司2
xinwenwang	新闻网2
xinxi	信息4|欣喜2
xinxian	新鲜3
xinxiang	心想3|信箱2
xinxihua	信息化3
xinxilan	新西兰2
xinxin	信心3
xinxing	新型3|新兴3|心性2
xinxiong	心胸2
xinxiu	新秀2
xinxiwang	信息网2
xinxu	心绪2|心虚2
xinxue	心血2|新学2
xinxueguan	心血管2
xinyan	新颜2|心眼2
xinyaner	心眼儿2
xinyang	信仰3|信阳2
xinyao	新药2
xinye	新野2
xinyi	心意2|新意2
xinying	新颖2
xinyong	信用3
xinyongka	信用卡2
xinyongshe	信用社2
xinyu	信誉2
xinyuan	心愿2
xinyue	新月3
xinzang	心脏3
xinzangbing	心脏病2
xinzeng	新增3
xinzheng	新政2
xinzhi	心智2|新址2
xinzhong	心中4
xinzhou	新洲2
xinzhouqu	新洲区2
xinzi	新字2|薪资2
xinzuo	新作2
xiongbu	胸部2
xiongcan	凶残2
xiongcilu	熊赐履2
xiongdi	兄弟3
xionge	凶恶2
xiongfeng	雄风2
xiongfu	胸腹2
xionghan	凶悍2
xionghen	凶狠2
xionghou	雄厚2
xionghuai	胸怀2
xionghun	雄浑2
xiongjin	胸襟2
xiongkou	胸口3
xiongmao	熊猫2
xiongmei	兄妹2
xiongmeng	凶猛2
xiongnu	匈奴3
xiongpu	胸脯2
xiongqi	胸鳍2
xiongqian	胸前2
xiongqiang	胸腔2
xiongrui	雄蕊2
xiongshili	熊十力2
xiongshou	凶手2
xiongtang	胸膛2
xiongtingbi	熊廷弼2
xiongwei	雄伟2
xiongxian	凶险2
xiongxin	雄心2
xiongxing	雄性2
xiongxiong	熊熊2
xiongyali	匈牙利2
xiongyong	汹涌2
xiongyoulun	熊有伦2
xiongzhang	兄长2|熊掌2
xiongzhaozheng	熊召政2
xiongzhong	胸中2
xiongzhuang	雄壮2
xiongzi	雄姿2
xiou	西欧3
xiping	西平2
xiqi	希奇2|吸气2|稀奇2
xiqian	洗钱2
xiqing	喜庆2
xiqu	戏曲3|吸取2
xique	稀缺2|喜鹊2
xiri	昔日3
xiru	吸入2
xisaishan	西塞山2
xise	喜色2
xisha	西沙2
xishan	西山2
xishao	稀少2
xisheng	牺牲3
xishi	喜事2|稀释2|西施2
xishou	吸收3|洗手2
xishu	系数2|稀疏2
xishuai	蟋蟀2
xishui	浠水2|溪水2|吸水2
xishuixian	浠水县2
xishuo	细说2
xisu	习俗3
xisui	细碎2
xitai	戏台2
xitelei	希特勒2
xitian	西天2
xitong	系统4
xitongdi	系统地2
xitonghua	系统化2
xitongxing	系统性2
xitu	稀土2
xiubu	修补2
xiucai	秀才2
xiucan	羞惭2
xiuchengtian	修承天2
xiuchi	羞耻2
xiuci	修辞2
xiudao	修道2
xiudaoyuan	修道院2
xiuding	修订2
xiudinggao	修订稿2
xiufu	修复2
xiugai	修改3
xiuhua	绣花2
xiujia	休假2
xiujian	修建3
xiujue	嗅觉2
xiuke	休克2
xiukou	袖口2
xiukui	羞愧2
xiuli	秀丽2|修理2
xiulian	修炼2
xiumei	秀美2
xiuqi	修葺2
xiuru	羞辱2
xiuse	羞涩2
xiushan	修缮3
xiushi	修饰2
xiusi	休斯2
xiuxi	休息3|修习2
xiuxian	休闲3
xiuxiang	休想2
xiuxing	修行2
xiuyang	修养2|休养2
xiuzao	修造2
xiuzheng	修正2|休整2
xiuzhengan	修正案2
xiuzhu	修筑2
xiuzi	袖子2
xiwang	希望4
xiwei	席位2|细微2|西魏2
xiweide	西为德2
xiwen	檄文2
xixi	细细2|嬉戏2
xixia	西夏3
xixian	西线2
xixiangdong	西向东2
xixiao	细小2|嘻笑2
xixide	细细的2
xixili	西西里2
xixin	细心2
xixing	习性2
xixue	西学2
xixun	喜讯2
xiya	西亚2
xiyan	吸烟2
xiyang	西洋2|夕阳2
xiyao	西药2
xiyi	洗衣2|西医2|蜥蜴2
xiyiji	洗衣机2
xiyin	吸引3
xiyinli	吸引力2
xiyou	稀有2
xiyu	西域3
xiyuan	西苑2
xiyue	喜悦2
xizang	西藏3
xizao	洗澡2
xize	细则2
xizhan	西站2
xizhi	细致2
xizhimen	西直门2
xizhou	西周3
xizhuang	西装2
xizhuo	吸着2
xizhuren	系主任2
xizuo	细作2
xuanba	选拔3
xuanbu	宣布3
xuancheng	宣称2
xuanchu	选出3
xuanchuan	宣传3
xuanchuanbu	宣传部2
xuande	宣德2
xuandiao	悬吊2
xuanding	选定2
xuandu	宣读2
xuanenxian	宣恩县2
xuanfeng	旋风2
xuanfu	悬浮2
xuanfushi	宣抚使2
xuanfusi	宣抚司2
xuangao	宣告3
xuangou	选购2
xuangua	悬挂3
xuanhe	宣和2
xuanhua	喧哗2
xuanji	选集2|旋即2|玄机2
xuanjiang	宣讲2
xuanjianghui	宣讲会2
xuanjinshou	宣金受2
xuanju	选举4
xuanjufa	选举法2
xuanjuquan	选举权2
xuankong	悬空2
xuanli	绚丽2
xuanliao	选料2
xuanlu	旋律2
xuanmin	选民3
xuannao	喧闹2
xuannaosheng	喧闹声2
xuannian	悬念2
xuanpai	选派2
xuanpiao	选票2
xuanqu	选区2|选取2
xuanran	渲染2
xuanren	选任2|选人2
xuanru	选入2
xuanshi	宣誓2
xuanshou	选手3
xuanshu	悬殊2
xuantiao	悬挑2
xuantong	宣统2
xuanwo	旋涡2|漩涡2
xuanwu	玄武2|宣武2
xuanwumen	宣武门2
xuanwuyan	玄武岩2
xuanxiang	选项2
xuanxiao	喧嚣2
xuanxie	宣泄2
xuanxue	玄学2
xuanya	悬崖2
xuanyan	宣言3
xuanyang	宣扬2
xuanyao	炫耀2
xuanyong	选用2
xuanyuemen	玄岳门2
xuanyun	眩晕2
xuanzang	玄奘2
xuanze	选择4
xuanzeti	选择题2
xuanzexing	选择性2
xuanzhan	宣战2
xuanzhaoguan	宣诏官2
xuanzhaoyuan	宣诏员2
xuanzhong	选中2
xuanzhuan	旋转3
xuchang	许昌2
xudezhang	胥德章2
xudianchi	蓄电池2
xuduo	许多4
xuduonian	许多年2
xuduozhong	许多种2
xuebai	雪白2
xuebeng	雪崩2
xuechuanxin	薛传薪2
xuedao	穴道3|学到2
xuedi	雪地2
xuefei	学费2
xuefen	学分2
xuefeng	学风2|雪峰2
xuefu	学府3
xuefulu	学府路2
xueguan	血管3
xuehai	学海2
xuehong	血红2
xuehua	雪花2
xuehui	学会3
xueji	血迹2
xuejia	学家2
xuejian	削减2
xuejiang	血浆2
xuejie	学界2
xuejiu	学究2
xueke	学科3
xuelei	血泪2
xueli	学历3
xuelian	学联2
xueliang	雪亮2
xueliu	血流2
xuelu	血路2
xuemai	血脉2
xuenian	学年2
xuepai	学派3
xuepo	血泊2
xueqi	学期2
xueqing	血清2
xuerou	血肉2
xueruo	削弱3
xuese	血色2
xueshan	雪山2
xuesheng	学生4
xueshi	学士3|学识2
xueshu	学术3|血书2
xueshuan	血栓2
xueshui	血水2
xueshujie	学术界2
xueshuo	学说3
xuetang	学堂2|血糖2
xuetong	血统2
xuetu	学徒2
xuewei	学位3|穴位2
xuewen	学问2
xuewu	学武2|血污2
xuexi	学习4
xuexian	雪线2
xuexiao	学校4
xuexiaoban	血小板2
xuexing	血腥2|血型2|血性2
xueya	血压2
xueye	血液3|学业2
xueyi	学艺2|血衣2
xueyima	薛姨妈2
xueyuan	学院4|学员3|血缘2|学苑2
xueyuanlu	学院路3
xuezhan	血战2
xuezhe	学者3
xuezheng	血症2
xuezhi	学制2
xuezi	学子2|靴子2
xufuguan	徐复观2
xugaodong	徐高栋2
xugou	虚构2
xuhai	徐海2
xuhaidong	徐海东2
xuhao	序号2
xuhuan	虚幻2
xuhuangdi	许皇帝2
xujia	虚假2|许家2|徐家2
xujiagang	徐家岗2
xujialu	许嘉璐2
xujibin	徐继斌2
xujiliang	蓄积量2
xujiu	许久2|酗酒2
xuke	许可2
xukejun	徐克俊2
xukezheng	许可证2
xukong	虚空2
xulie	序列2
xulihua	徐立华2
xuliya	叙利亚2
xuming	虚名2
xumizuo	须弥座3
xumu	畜牧2|序幕2
xumuye	畜牧业2
xunan	巡按2
xunbu	巡捕2
xunchang	寻常3
xunchi	训斥2
xundao	训导2
xundugu	寻杜谷2
xunfang	寻访2
xunfu	巡抚3
xungu	训诂2
xunguo	殉国2
xunhang	巡航2
xunhua	驯化2
xunhuan	循环3
xunhui	巡回2
xuni	虚拟2
xunjie	迅捷2
xunjing	巡警2
xunlian	训练3
xunlianban	训练班2
xunlianchang	训练场2
xunliantuan	训练团2
xunlu	驯鹿2
xunluo	巡逻2
xunmeng	迅猛2
xunmi	寻觅2
xunnipai	逊尼派2
xunqi	汛期2
xunqiu	寻求3
xunse	逊色2
xunshi	巡视2
xunshiyuan	巡视员2
xunsi	寻死2
xunsu	迅速3
xuntao	熏陶2
xunuo	许诺2
xunwen	询问3
xunxi	讯息2
xunyang	驯养2
xunyangjian	巡洋舰2
xunyu	鲟鱼2
xunzang	殉葬2
xunzhang	勋章3
xunzhao	寻找3
xunzi	荀子2
xupei	许配2
xuqinwang	许亲王2
xuqiu	需求3
xuqiuliang	需求量2
xuqiuzhai	徐秋斋2
xuri	旭日2
xurong	虚荣2
xuruo	虚弱2
xusanpin	许三品2
xushi	虚实2|叙事2
xushichang	徐世昌2
xushishi	叙事诗2
xushiyou	许世友2
xushouhui	徐寿辉2
xushu	叙述3
xushui	蓄水2
xutianchuan	徐天川2
xutianhong	徐天宏2
xuwei	虚伪2|徐渭2
xuwu	虚无2
xuxiake	徐霞客2
xuxiangqian	徐向前2
xuxiaofeng	徐小凤2
xuxiaoli	徐啸力2
xuxin	虚心2
xuxu	徐徐2
xuyan	序言2
xuyao	需要4|须要2
xuyi	蓄意2
xuyixian	徐以显2
xuyong	需用2
xuyongqing	徐永清2
xuyouzhen	徐有贞2
xuyu	须臾2
xuyuanchao	徐援朝2
xuzhanglao	徐长老2
xuzhi	须知2
xuzhichun	徐志纯2
xuzhigong	徐治功2
xuzhihong	许智宏2
xuzhiqin	许志琴2
xuzhou	徐州2
yaba	哑巴2
yachi	牙齿3
yadang	亚当2
yadao	压倒2
yadi	压低2
yadian	雅典3
yagang	亚纲2
yagao	牙膏2|雅高2
yage	雅各2
yagen	压根2
yagener	压根儿2
yaguan	牙关2
yahu	雅虎2
yahuan	丫鬟2|丫环2
yajiada	雅加达2
yajie	押解2
yajun	亚军2
yake	亚科2|雅克2
yakou	牙口2
yali	压力3
yalong	雅龙2
yalujiang	鸭绿江2
yama	亚麻2
yamaijia	牙买加2
yamen	衙门3
yanan	沿岸3|延安3
yanbaba	眼巴巴2
yanbangping	颜邦屏2
yanbian	演变3
yancao	烟草2
yanceng	岩层2
yanchang	延长3|演唱2
yanchanghui	演唱会2
yanchen	烟尘2
yancheng	严惩2
yanchi	延迟2
yanchu	演出3
yanci	言辞2|言词2
yancong	烟囱2
yandai	烟袋2
yandang	阉党2
yandanu	颜大怒2
yandao	烟道2
yandi	炎帝2
yandong	岩洞2
yandou	燕都2
yandu	盐度2
yanfa	研发3
yanfan	厌烦2
yangai	掩盖2
yangba	氧吧2
yangbaili	杨百利2
yangbailing	杨柏龄2
yangbaishun	杨百顺2
yangben	样本2
yangbing	养病2
yangbotan	杨波坦2
yangche	样车2
yangcheng	养成2
yangchengang	杨臣刚2
yangchenhui	杨晨晖2
yangdage	杨大哥2
yangdeqing	杨德清2
yange	严格3|沿革3
yanger	样儿2
yangerren	杨二人2
yangfen	养分2
yangfu	阳府2
yangge	秧歌2
yangguang	阳光3
yangguoliang	杨国梁2
yangguoping	杨国屏2
yangguoqing	杨国庆2
yangguoxiao	杨过笑2
yanghang	央行2|洋行2
yanghu	养护2
yanghua	氧化3
yanghualu	氧化铝2
yanghuawu	氧化物2
yanghuo	养活2
yangji	阳极2
yangjianhua	杨建华2
yangjiatai	杨家台2
yangjiatan	杨家潭2
yangjichang	养鸡场2
yangjingyu	杨景宇2
yangjisheng	杨继盛2
yangkeshi	杨可世2
yanglao	养老2
yangliu	杨柳2|洋流2
yanglou	洋楼2
yangmao	羊毛2
yangmian	仰面2
yangmiaozhou	杨苗洲2
yangmoxi	杨摩西2
yangmu	仰慕2
yangniu	养牛2
yangpi	羊皮2
yangpin	样品2
yangqi	氧气2|扬起2|阳气2
yangqiang	洋枪2
yangqiaohu	杨桥湖2
yangqiu	央求2
yangren	洋人2
yangrou	羊肉2
yangsanzheng	阳三蒸2
yangshang	养伤2
yangshangkun	杨尚昆2
yangsheng	养生2
yangshi	样式2|央视2
yangshiqi	杨士奇2
yangshoujing	杨守敬2
yangshu	杨树2
yangsichang	杨嗣昌2
yangtai	阳台2
yangtian	仰天2
yangtiexin	杨铁心2
yangtongzui	杨同嘴2
yangtou	仰头2
yanguang	眼光3
yanguo	燕国2
yangwang	仰望2
yangwei	杨维2|阳痿2
yangwensun	杨闻孙2
yangwenyue	杨文岳2
yangwu	洋务2
yangxianzhen	杨献珍2
yangxiaobo	杨晓波2
yangxin	阳新2
yangxindian	养心殿2
yangxing	阳性2
yangxingfu	杨兴富2
yangxinxian	阳新县2
yangyan	扬言2
yangyang	样样2|痒痒2
yangyegong	杨业功2
yangyehu	杨叶湖2
yangyi	洋溢2
yangyu	洋芋2|养育2|养鱼2
yangzhanghuai	杨长槐2
yangzhi	养殖3
yangzhiye	养殖业2
yangzhou	扬州3
yangzhu	养猪2
yangzi	样子3|养子2|阳子2|扬子2
yangzijiang	扬子江2
yangzimiao	羊子庙2
yanhai	沿海3
yanhan	严寒2
yanhe	沿河2
yanhong	眼红2|殷红2
yanhonghuan	阎鸿唤2
yanhonglie	颜洪烈2
yanhou	咽喉2
yanhu	掩护2|雁湖2|盐湖2
yanhua	演化2|岩画2|眼花2|烟花2
yanhuan	延缓2
yanhui	宴会2
yanhuiting	宴会厅2
yanhuo	烟火2
yanjia	严加2|严家2
yanjian	眼见3|眼睑2
yanjiang	演讲2|岩浆2|沿江2
yanjiao	眼角2
yanjie	眼界2
yanjin	严谨2|严禁2|延津2|演进2
yanjing	眼睛4|燕京3|眼镜2
yanjiu	研究4
yanjiuhui	研究会2
yanjiusheng	研究生3
yanjiushi	研究室2
yanjiusuo	研究所3
yanjiuyuan	研究员3|研究院2
yanjiuzhe	研究者2
yanjuan	厌倦2
yanjun	严峻3
yankan	眼看3
yanke	眼科2
yankou	堰口2
yanku	严酷2
yankuang	眼眶2
yanlei	眼泪3|盐类2
yanli	眼里3|严厉3|艳丽2|眼力2
yanlian	演练2
yanliao	颜料2
yanlu	沿路2
yanlun	言论2
yanmai	掩埋2|燕麦2
yanmenguan	雁门关2
yanmi	严密2
yanmian	颜面2
yanming	严明2
yanmo	淹没2
yanpi	眼皮2
yanqi	延期2|焉耆2
yanqian	眼前3
yanqiao	堰桥2
yanqing	宴请2|延庆2
yanqiu	眼球2
yanquan	眼圈2
yanran	俨然2
yanre	炎热2
yanse	颜色3|眼色2
yanshan	燕山2
yanshe	衍射2
yanshen	延伸3|眼神3
yansheng	衍生2
yanshengwu	衍生物2
yanshi	岩石3|掩饰2|演示2
yanshiquan	岩石圈2
yanshou	验收2|严守2
yanshui	盐水2
yanshuo	演说2|言说2
yansi	淹死2
yansu	严肃3
yansuan	盐酸2|演算2
yantai	烟台2
yantan	言谈2
yantao	研讨2
yantaoban	研讨班2
yantaohui	研讨会2
yanti	岩体2
yantie	盐铁2
yantu	沿途2
yanwang	阎王2
yanwo	眼窝2
yanwu	烟雾2|厌恶2|延误2
yanxi	演习3|沿袭2|筵席2|研习2|演戏2|宴席2
yanxia	眼下3|咽下2
yanxian	沿线2
yanxiaopin	严晓频2
yanxing	言行2|严刑2
yanxu	延续3
yanyan	岩盐2
yanye	烟叶2|盐业2
yanyi	演绎2
yanying	掩映2
yanyixun	严义埙2
yanyong	沿用3
yanyu	言语3|谚语2|艳遇2
yanyuan	演员3
yanzhe	沿着3
yanzheng	验证2|炎症2|严整2|严正2
yanzhengzheng	眼睁睁2
yanzhi	研制3|胭脂2|腌制2
yanzhize	严智泽2
yanzhong	严重4|眼中3
yanzhongxing	严重性2
yanzhongzhe	严重者2
yanzhou	兖州2
yanzhu	眼珠2
yanzhuzi	眼珠子2
yanzi	燕子2
yanzou	演奏3
yaobai	摇摆2
yaobu	腰部2
yaoburan	要不然2
yaobushi	要不是2
yaocai	药材3
yaoce	遥测2
yaochang	药厂2
yaochong	要冲2
yaodai	腰带2
yaodao	要道2|妖道2|腰刀2
yaodian	药店2|要点2
yaodong	窑洞2|摇动2
yaofa	妖法2
yaofan	要犯2
yaofang	药房2|药方2
yaogan	遥感2
yaoguai	妖怪2
yaogun	摇滚2
yaohai	要害2
yaohe	吆喝2
yaohuang	摇晃2
yaoji	药剂2
yaojia	药价2
yaojian	腰间3
yaojin	要紧2
yaojing	妖精2
yaokong	遥控2
yaoku	药库2
yaolaiquan	姚来泉2
yaolan	摇篮2
yaoling	要领2
yaome	要么2
yaoming	要命2
yaomo	妖魔2
yaopin	药品3
yaoqian	要钱2
yaoqing	邀请3
yaoqingsai	邀请赛2
yaoqiu	要求4
yaoqizhi	姚期智2
yaosai	要塞2
yaoshan	药膳2
yaoshi	要是3|钥匙2|药师2
yaoshifu	姚师傅2
yaoshou	摇手2
yaoshuo	要说3
yaosi	要死2
yaosu	要素3
yaotou	摇头3
yaowan	药丸2
yaowang	遥望2|药王2
yaowu	药物3|要务2
yaowuxue	药物学2
yaoxiangcheng	姚湘成2
yaoxie	要挟2
yaoxing	药性2
yaoya	咬牙2
yaoyan	谣言2|耀眼2
yaoyao	摇摇2|遥遥2
yaoyaotou	摇摇头3
yaoye	药业2|摇曳2
yaoyi	徭役2
yaoyong	药用2
yaoyuan	遥远2
yaoyue	要约2
yaozhe	夭折2
yaozhi	要旨2|要职2
yaozu	瑶族2
yapian	鸦片2
yaping	亚平2
yapingma	亚平妈2
yapo	压迫3
yaqiang	压强2
yaredai	亚热带3
yashu	衙署2|亚述2
yasi	雅思2
yasuo	压缩2
yatou	丫头3
yaxiya	亚细亚2
yayi	压抑2|衙役2
yayun	亚运2
yayunhui	亚运会2
yazha	压榨2
yazhi	压制2|雅致2
yazhong	亚种2
yazhou	亚洲3
yazi	鸭子2
yeba	也罢2
yebing	叶柄2
yebiqiu	叶碧秋2
yecai	野菜2
yedaying	叶大鹰2
yeerniang	叶二娘2
yehaifeng	叶海峰2
yehao	也好3
yehua	液化2|野花2
yeji	业绩3
yejian	夜间3
yejianying	叶剑英2
yejie	业界2
yejin	冶金3
yejing	夜景2|液晶2
yejunjian	叶君健2
yekong	夜空2
yeli	夜里3
yelian	冶炼2
yelianzi	叶莲子2
yeliqin	叶利钦2
yeluqi	耶律齐2
yelusu	叶绿素2
yeluti	叶绿体2
yema	野马2
yeman	野蛮2
yemen	也门2|爷们2
yemu	夜幕2
yenei	业内2
yepian	叶片2
yeren	野人2
yerutang	叶如棠2
yese	夜色2
yeshen	夜深2
yesheng	野生3
yeshi	夜视2
yeshou	野兽2
yesu	耶稣2
yetai	液态2
yeti	液体3
yeting	叶挺2
yetu	野兔2
yewai	野外2
yewan	夜晚3
yewei	野味2
yewu	业务3
yewuyuan	业务员2
yexia	腋下2
yexin	野心2
yexu	也许3
yeya	液压2
yeyan	页岩2
yeye	爷爷3
yeyi	业已2
yeyu	业余2
yezhan	野战2|夜战2
yezhanjun	野战军2
yezhu	业主2|野猪2
yezi	叶子3|椰子2
yian	议案3|一案2
yiba	一把3|一八3
yibai	一百2
yibaige	一百个2
yibainian	一百年2
yiban	一般4|一半3|一班2
yibang	一帮2
yibanren	一班人2
yibao	一包2|医保2
yibashou	一把手2
yibazhua	一把抓2
yibei	以北3|一杯3|一倍2|以备2|一辈2|椅背2
yibeizi	一辈子3
yiben	一本3|译本2
yibi	一笔3
yibian	一边3|一遍3|以便3
yibiao	仪表2
yibin	宜宾2
yibing	一并2
yibu	一步3|一部3
yibubu	一步步2
yibufen	一部分3
yice	一侧2
yiceng	一层3
yichan	遗产3
yichana	一刹那2
yichang	一场3|宜昌3|异常3
yichangshi	宜昌市3
yiche	一车2
yicheng	议程2|已成2|宜城2|译成2|一程2|一成2
yichengshi	宜城市2
yichi	一尺2
yichu	一处3|一出2|溢出2
yichuan	遗传3|一串2
yichuang	一幢2
yichuanxue	遗传学2
yichun	乙醇2
yici	一次4|依次3|以此3
yicici	一次次2
yicixing	一次性2
yicong	依从2
yicun	遗存2|一村2|一寸2|依存2
yida	一大3|一打2
yidaban	一大半2
yidai	一带3|一代3|以待2|一袋2|衣袋2
yidali	意大利3
yidan	一旦3|一担2
yidao	一道3|一刀3
yidaodao	一道道2
yidaosu	胰岛素2
yidazao	一大早2
yideng	一灯2|一等2
yidengjiang	一等奖2
yidi	一滴2|异地2
yidian	一点4
yidiandian	一点点2
yidianduo	一点多2
yidianer	一点儿3
yidie	一叠2
yiding	一定4|一顶2|议定2|一锭2
yidingliang	一定量2
yidingshu	议定书2
yidong	移动3|以东3|一动2|一栋2
yidou	宜都2|一斗2
yidoushi	宜都市2
yidu	一度3|一堵2
yiduan	一段3|一端2|异端2
yidui	一对3|一堆2|一队2
yidun	一顿3|亿吨3
yiduo	一朵2
yiduoyuan	亿多元2
yiduzi	一肚子2
yier	一二2|伊尔2
yierjiu	一二九2
yifa	依法3|一发2
yifan	一番3
yifang	一方3|以防2
yifangmian	一方面3
yifanhua	一番话2
yifen	一份3|一分3
yifeng	一封3
yifenzhong	一分钟2
yifu	衣服3|一副3|一幅3|义父2|依附2|一夫2
yigai	一概2
yigan	乙肝2|一杆2
yige	一个5
yigeban	一个半2
yigeduo	一个多2
yigege	一个个3
yigen	一根3
yigeyue	一个月3
yigong	一共2
yigouti	异构体2
yigu	一股3|已故2
yiguan	一贯3|衣冠2
yigui	乙炔2
yiguo	异国2
yihan	遗憾3
yihao	一号2
yihe	议和2|一盒2|怡和2
yihetuan	义和团3
yiheyuan	颐和园2
yihou	以后4
yihu	医护2|一户2
yihua	异化2
yihuang	一晃2|宜黄2
yihui	议会3|一会3|一回3
yihuier	一会儿3
yihun	已婚2
yihuo	疑惑2|一伙2|抑或2
yiji	以及4|一级3|遗迹3|一记2
yijia	一家3|一架2|意甲2
yijian	意见4|一件3|一间3|一剑3
yijianshu	意见书2
yijiao	一脚3|一角2|移交2
yijiaren	一家人2
yijiazi	一家子2
yijidu	一季度2
yijie	一届2|一节2
yijin	一斤2|衣襟2
yijing	已经4|一经2|意境2|易经2
yijiu	依旧3
yiju	一句3|依据3|一举2|移居2|一具2|一局2
yijuan	一卷2
yijun	义军3
yikai	一开2
yikao	依靠3
yike	一颗3|一刻3|一棵2|亦可2|医科2
yikou	一口3
yikouqi	一口气3
yiku	衣裤2
yikuai	一块3
yikuaier	一块儿2
yikuan	一款2
yilai	以来4|依赖3|一来2
yilaixing	依赖性2
yilake	伊拉克3
yilang	伊朗3
yilei	一类3
yili	一粒2|伊犁2|伊利2|一例2|毅力2|一里2
yilian	一脸2|一连2|依恋2
yilianchuan	一连串2
yiliang	一辆3|一两2
yiliangge	一两个2
yiliangnian	一两年2
yiliangtian	一两天2
yiliao	医疗3|意料2
yilie	一列2
yiling	夷陵2|衣领2
yilingqu	夷陵区2
yiliu	一流3|遗留2|一溜2
yilou	遗漏2
yilu	一路3|一律3|疑虑2|一缕2
yilun	议论3|一轮2
yilushang	一路上2
yima	姨妈2
yimei	一枚3
yimeiyuan	亿美元3
yimen	一门3|义门2
yimi	乙醚2|一米2
yimian	一面3|以免3
yimiao	疫苗2|一秒2
yimin	移民3
yiming	一名3
yimo	一抹2
yimu	一幕2|一目2
yinan	以南3|疑难2|阴暗2
yinbaise	银白色2
yinbao	引爆2
yinbi	隐蔽2|银币2
yinbu	阴部2
yincang	隐藏3
yincha	饮茶2
yinchen	阴沉2
yinchu	引出2
yinchuan	银川2
yinci	因此4
yindao	引导3|阴道2
yindaoyan	阴道炎2
yinde	引得2
yindian	印第安2
yindiao	音调2
yindu	印度3|阴毒2
yinduhe	印度河2
yindujiao	印度教2
yinduren	印度人2
yinduyang	印度洋3
yinei	以内3
yiner	因而3
yinershi	因而是2
yinfa	引发3|印发2
yinfu	隐伏2|淫妇2
yingbang	英镑2
yingbi	影壁2|硬币2
yingbian	应变2
yingbin	迎宾2
yingcai	英才2
yingchao	英超2
yingcheng	应城2|应承2
yingchengshi	应城市2
yingchi	英尺2
yingchou	应酬2
yingchun	迎春2
yingcong	应从2
yingcun	英寸2
yingda	应答2
yingdang	应当3
yingde	赢得3|应得2
yingdi	营地2
yingdu	硬度2
yingdui	应对2
yinger	婴儿3
yingfang	营房2
yingfeng	迎风2
yingfu	应付3
yinggai	应该4
yinggelan	英格兰2
yingguang	荧光2
yingguo	英国4
yingguoren	英国人2
yinghe	迎合2
yinghua	硬化2|樱花2
yingji	应急2
yingjian	硬件2|营建2
yingjie	迎接3|应届2
yingjiu	营救2
yingjun	英军2|英俊2
yingkao	应考2
yinglai	迎来2
yinglei	营垒2
yingli	盈利2|应力2|赢利2|英里2
yinglianbang	英联邦2
yingmei	英美2
yingmian	迎面2
yingming	英明2|英名2
yingmu	英亩2
yingpan	硬盘2
yingpian	影片3
yingpin	应聘2
yingpinzhe	应聘者2
yingqu	迎娶2|营区2
yingshan	英山2
yingshanxian	英山县2
yingshe	影射2|映射2
yingsheng	应声2|营生2
yingshi	应试2|硬是2|萤石2|影视2
yingsu	罂粟2
yingtao	樱桃2
yingteer	英特尔2
yingtian	应天2
yingu	因故2
yinguang	银光2
yinguo	因果2
yingwei	应为2
yingwen	英文3
yingwu	鹦鹉2
yingxiang	影响4|影像2
yingxiangli	影响力2
yingxiao	营销3|迎晓2
yingxiong	英雄3
yingxuan	应选2
yingyang	营养3
yingyangsu	营养素2
yingyao	应邀2
yingye	营业3
yingyebu	营业部2
yingyee	营业额2
yingyeyuan	营业员2
yingyin	影印2
yingying	盈盈3
yingyong	应用3|英勇3
yingyou	应有3
yingyouer	婴幼儿2
yingyu	英语3|盈余2
yingyun	营运2|应允2
yingzao	营造3
yingzhai	营寨2
yingzhan	迎战2|应战2
yingzhang	营长2|营帐2
yingzhao	映照2|鹰爪2
yingzheng	应征2
yingzhou	郢州2
yingzi	影子3|英子2
yingzong	影踪2|英宗2
yinhai	银海2
yinhaiguang	殷海光2
yinhan	隐含2
yinhang	银行3
yinhanning	尹汉宁2
yinhe	银河2
yinhexi	银河系2
yinhuan	隐患2
yinian	一年3|翌年2|亿年2
yiniang	姨娘2
yiniansheng	一年生2
yinji	印记2|阴极2
yinjia	印加2
yinjian	引见2
yinjiang	银奖2|银匠2
yinjiazhou	殷家洲2
yinjie	音节2
yinjifu	尹吉甫2
yinjin	引进3
yinjing	阴茎2
yinjiu	饮酒2
yinjizhen	尹集镇2
yinju	隐居2
yinkexi	尹克西2
yinlai	引来2
yinlehui	音乐会2
yinlejia	音乐家2
yinleng	阴冷2
yinletang	音乐堂3
yinleting	音乐厅2
yinli	引力2|阴历2
yinliang	银两2
yinliao	饮料2
yinlihua	阴丽华2
yinling	引领2
yinliting	殷梨亭2
yinlu	引路2|音律2
yinman	隐瞒2
yinmei	隐没2
yinmi	隐秘2
yinmou	阴谋3
yinmu	银幕2
yinni	印尼3|隐匿2
yinouyu	印欧语2
yinpai	银牌2
yinpiao	银票2
yinpin	音频2
yinqi	引起4
yinqian	银钱2
yinqiao	引桥2
yinqin	殷勤2
yinqing	引擎2
yinqisen	阴气森2
yinren	隐忍2
yinru	引入3
yinse	银色2|音色2
yinsen	阴森2
yinshan	阴山2
yinshang	殷商2
yinshen	隐身2|引申2
yinshi	饮食3|吟诗2
yinshua	印刷3
yinshui	引水2|饮水2
yinsi	隐私2
yinsu	因素3
yinsusu	殷素素2
yintewang	因特网2
yintianzheng	殷天正2
yintui	隐退2
yinwei	因为4
yinxian	阴险2
yinxiang	印象3|音响2|音像2|引向2
yinxin	引信2
yinxing	银杏2|隐形2|阴性2|隐性2
yinxingjia	银行家2
yinxingka	银行卡2
yinxingquan	银行券2
yinxingye	银行业2
yinxu	殷墟2
yinxun	音讯2
yinyan	饮宴2
yinyang	阴阳3
yinyi	音译2
yinyin	隐隐3
yinying	阴影2
yinyong	引用3|饮用2
yinyou	引诱2
yinyu	银鱼3|饮誉2
yinyuan	银元2|姻缘2
yinyue	音乐3|隐约2
yinyun	音韵2
yinzhang	印章2
yinzhe	引着2
yinzhen	银针2
yinzheng	印证2
yinzhengmao	殷正茂2
yinzhi	引致2|印制2
yinzhiping	尹志平2
yinzhong	引种2
yinzi	银子3|因子2
yipai	一派3|一排2
yipan	一盘2
yipang	一旁3
yipen	一盆2
yipi	一批3|一匹2
yipian	一片3|一篇3
yipianpian	一片片2
yipiao	一票2
yipie	一瞥2
yipin	一品2
yiping	一瓶2
yipinhong	一品红2
yiqi	一起4|一齐3|仪器3|一期2|义气2|遗弃2
yiqian	以前3|一千2
yiqiang	一枪2|一腔2
yiqianliang	一千两2
yiqie	一切4
yiqieqin	益切钦2
yiqing	疫情2
yiqiu	以求2
yiqu	一曲2|易趣2
yiquan	一拳2|一圈2
yiqun	一群3
yiran	依然3|已然3|毅然2
yiren	艺人2|宜人2|一任2
yiri	一日3
yiriyuan	亿日元2
yirong	易溶2
yiru	一如2
yise	一色2
yiselie	以色列3
yishan	衣衫2|一扇2
yishang	以上4|衣裳2
yishen	一身3
yisheng	一声4|医生3|一生3
yishi	一时3|意识3|仪式3|议事3|一事2|一世2
yishihui	议事会2
yishijian	一时间2
yishiqi	一时期2
yishou	一手3|一首2
yishu	艺术4|一束2|遗书2|医术2
yishuang	一双3
yishujia	艺术家3
yishujie	艺术节2
yishulei	艺术类2
yishun	一瞬2
yishunjian	一瞬间2
yishupin	艺术品2
yishutuan	艺术团2
yishuxing	艺术性2
yisi	意思3|一丝3
yisilan	伊斯兰2
yisong	移送2
yisou	一艘2
yisuan	乙酸2
yisui	一岁2
yisuo	一所2
yitai	一台2|以太2
yitaitai	姨太太2
yitan	一摊2
yitang	一趟3|饴糖2
yitao	一套3
yiti	一体3|遗体2|议题2
yitian	一天3
yitianjian	倚天剑2
yitiantian	一天天2
yitiao	一条4
yitihua	一体化3
yitong	一同3|一通2|异同2|一统2|一桶2
yitou	一头3
yitu	意图2|以图2
yituan	一团3|疑团2
yituo	依托2
yiwai	以外3|意外3
yiwan	一碗3|一万2|亿万2|伊万2
yiwang	以往3|遗忘2
yiwanliang	一万两2
yiwei	一位3|以为3|一味2|意味2
yiweizhe	意味着3
yiwen	疑问2|一文2|译文2|艺文2
yiwokan	依我看2
yiwu	义务3|遗物2|医务2|衣物2|异物2|贻误2
yiwuren	义务人2
yixi	以西2|依稀2|乙烯2|一席2
yixia	一下4|以下3
yixian	一线3
yixiang	一项3|一向3|一响2|意向2
yixianzhong	易贤忠2
yixiao	一小3
yixiazi	一下子3
yixie	一些4
yixieze	一些则2
yixihua	一席话2
yixilie	一系列3
yixin	一心2|疑心2|一新2
yixing	一行3|宜兴2|异性2|异姓2
yixiong	义兄2
yixiu	衣袖2
yixue	医学3
yixueyuan	医学院2
yiyan	一眼3|遗言2
yiyang	一样4|意杨2|异样2
yiyao	医药3
yiye	一页3|一夜3|一叶2
yiyejian	一夜间2
yiyesheng	肄业生2
yiyi	意义3|一一3|异议2|熠熠2
yiying	一应2
yiyong	医用2
yiyongjun	义勇军2
yiyou	已有3
yiyu	易于3|一隅2|意欲2|抑郁2|宜于2
yiyuan	亿元4|医院3|议员3|意愿2|一员2|一元2
yiyuanzhi	一院制2
yiyue	一月2|怡悦2
yiyuefen	一月份2
yiyuzheng	抑郁症2
yizai	一再3|意在2
yizao	一早2|一遭2
yize	一则2
yizhan	一战2|一盏2|一站2|驿站2|翼展2
yizhang	一张3|仪仗2|议长2|一丈2|一章2|依仗2
yizhao	依照3|一招3|一朝2|遗诏2
yizhe	一着2
yizhen	一阵3
yizhenfeng	一阵风2
yizheng	议政2
yizhengtao	一整套2
yizhengtian	一整天2
yizhenzhen	一阵阵2
yizhenzi	一阵子2
yizhi	一直4|一只3|遗址3|一致3|一支3|意志3
yizhixing	一致性2
yizhiyu	以至于2
yizhong	一种4|一中3|倚重2
yizhou	一周2|益州2
yizhounian	一周年2
yizhu	一株2|遗嘱2|亿株2
yizhuang	一桩2
yizhuo	衣着2|一桌2
yizi	椅子3
yizu	一组2|彝族2|异族2
yizun	一尊2
yizuo	一座3
yongan	永安2
yongbao	拥抱2
yongbi	用笔2
yongbing	用兵2
yongbu	永不2|用布2
yongbuzhe	用不着2
yongcai	用材2
yongcailin	用材林2
yongcan	用餐2
yongchu	涌出2|用处2
yongdai	拥戴2
yongdao	用到2|甬道2
yongdi	用地2
yongdian	用电2
yongdianliang	用电量2
yongdong	涌动2
yongfa	用法2
yongfu	永福2
yonggan	勇敢3
yonggong	佣工2|用功2
yonggu	永固2
yonghe	永和2
yongheng	永恒2
yonghu	用户3|拥护2
yongji	拥挤2
yongjin	佣金2
yongjiu	永久2
yongjiuxing	永久性2
yongju	用具2
yonglai	用来3
yongle	永乐3
yongli	用力3
yongliang	用量2
yongmeng	勇猛2
yongpin	用品2
yongping	永平2
yongqi	勇气3
yongqian	用钱2
yongren	用人3|佣人2
yongru	拥入2|涌入2
yongshi	勇士2
yongshui	用水2
yongsu	庸俗2
yongtu	用途3
yongxian	涌现3
yongxin	用心2|永新2
yongxue	用血2
yongyao	用药2
yongyi	用以3|用意2
yongyou	拥有3|用油2
yongyu	用于3|勇于2|用语2
yongyuan	永远3
yongyue	踊跃2
yongzheng	雍正2
yongzhong	甬钟2
yongzuo	用作3
youai	友爱2
youan	右岸2
youbawo	有把握2
youbi	右臂2
youbian	右边2|邮编2|有变2
youbie	有别2
youbieyu	有别于2
youbobei	尤伯杯2
youbude	由不得2
youbuzhou	有步骤2
youcai	油菜2
youcaizi	油菜籽2
youce	右侧2
youcha	油茶2
youchanzhe	有产者2
youcheng	又称3
youchengxiang	右丞相2
youchong	幼虫2
youchou	忧愁2
youchuan	游船2
youci	由此3
youdai	有待2|优待2
youdang	游荡2
youdao	诱导2
youdeng	油灯2
youdeshi	有的是2
youdian	有点3|优点3|邮电2
youdianer	有点儿2
youdong	游动2
youdu	有毒2
youer	幼儿2
youeryuan	幼儿园2
youfa	诱发2
yougong	有功2|油工2
youguan	有关4
youguo	油锅2
youhai	有害3
youhao	友好3
youhei	黝黑2
youhou	优厚2
youhua	优化2|油画2
youhuan	忧患2
youhui	优惠3
youhuo	诱惑2
youji	有机3|游击2|游记2
youjia	油价2|有加2|有假2
youjian	邮件2
youjiao	右脚2
youjidui	游击队2
youjie	游街2
youjing	幽静2
youjiu	悠久3
youjiwu	有机物2
youjizhan	游击战2
youjizhi	有机质2
youju	邮局2
youke	游客3
youkeyuan	邮科院2
youkong	有空2
youkuang	铀矿2
youlai	由来2
youlaiyu	有赖于2
youlan	游览2
youle	游乐2
youli	有力3|有利3|有理2|游离2|游历2
youliang	优良3
youliao	油料3
youlie	优劣2
youling	幽灵2
youliyu	有利于3
youlu	忧虑2|右路2
youmei	优美3
youmeiyou	有没有3
youmeng	优孟2
youming	又名3|有名3
youmo	幽默2
youmogan	幽默感2
youmu	游牧2
youmumin	游牧民2
younian	幼年2
younu	幼女2
yououchi	由藕池2
youpai	右派2
youpiao	邮票2
youqi	尤其3|油漆2|油气2
youqian	有钱2
youqing	右倾2|友情2|有情2
youqu	有趣3
youquan	有权3
youran	悠然2
youren	有人4|游人2|诱人2|友人2
youru	犹如3|有如2
youse	有色2
yousha	油砂2
youshan	友善2
youshang	有伤2|忧伤2
youshen	幽深2
yousheng	优胜2|有生2
youshi	有时3|优势3|有事2|有失2|幼时2|油饰2
youshihou	有时候3
youshou	右手3
youshu	有数2
youshuangfeng	有双凤2
youshui	游说2|油水2
yousun	有损2
yousuo	有所3
youtai	犹太2
youtaijiao	犹太教2
youtairen	犹太人2
youtanzhi	游坦之2
youti	幼体2
youtian	油田2
youting	游艇2
youtong	油桐2
youtui	右腿2
youwan	游玩2
youwang	有望2
youwei	尤为2|有违2
youwu	有无2|有误2
youxi	游戏3
youxian	有限3|优先3|攸县2|悠闲2|有线2
youxiang	油箱2
youxiao	有效3|幼小2
youxiaoqi	有效期2
youxiaoxing	有效性2
youxie	有些4
youxiji	游戏机2
youxin	有心2
youxing	游行3|有幸2|有形2
youxiu	优秀3
youxu	有序2
youya	优雅2
youyang	悠扬2
youyi	友谊3|有益3|有意3|优异2|右翼2|游艺2
youyishi	有意识2
youyisi	有意思2
youyiyu	有益于2
youyong	游泳2|有用2
youyongchi	游泳池2
youyou	悠悠2|幽幽2
youyu	由于4|犹豫3|有余2|优于2|鱿鱼2|忧郁2
youyuan	有缘2
youyue	优越3
youyuexing	优越性2
youzha	油榨2|油炸2
youzhang	右掌2
youzhe	有着3
youzheng	邮政2
youzhi	优质3|油脂2|幼稚2
youzhiyu	有志于2
youzhong	由衷2|有种2|优种2
youzhou	幽州2
youzhuyu	有助于3
youzi	游子2
youzou	游走2
youzui	有罪2
yuan	预案2
yuanan	远安2
yuananxian	远安县2
yuanbao	元宝2
yuanben	原本3
yuanbing	援兵2
yuanbo	渊博2
yuancailiao	原材料2
yuanchan	原产2
yuanchao	元朝3
yuancheng	远程2
yuanchengzhi	袁承志3
yuanchonghuan	袁崇焕3
yuanchu	远处3
yuanchuang	原创2
yuandadou	元大都3
yuandai	元代3
yuandan	元旦2
yuandatou	袁大头2
yuandi	原地2|园地2
yuanding	原定2
yuandong	远东2
yuandu	怨毒2
yuane	员额2
yuanfang	远方2
yuanfaxing	原发性2
yuanfen	缘分2
yuangao	原告2
yuangong	员工3
yuangongcheng	元宫城2
yuangu	缘故2|远古2
yuanguannan	袁冠南2
yuanhang	远航2
yuanhanmin	袁汉民2
yuanhen	怨恨2
yuanhongdao	袁宏道2
yuanji	原籍2
yuanjia	冤家2
yuanjian	元件2|原件2|远见2
yuanjin	远近2
yuanjing	远景2
yuanjuli	远距离2
yuanjun	援军2
yuanlai	原来4
yuanlao	元老2
yuanli	原理3|远离2|院里2|园里2
yuanliang	原谅2
yuanliao	原料3
yuanlin	园林3
yuanlinshi	园林式2
yuanliu	源流2
yuanluo	院落2
yuanman	圆满2
yuanmen	院门2|辕门2
yuanming	原名3
yuanmingyuan	圆明园2
yuannei	院内2|园内2
yuannian	元年3
yuanpan	圆盘2
yuanqi	元气2|怨气2
yuanqiang	院墙2
yuanqiu	圆球2
yuanqu	远去2|园区2
yuanquan	源泉2|圆圈2
yuanshanshan	袁姗姗2
yuanshao	袁绍2
yuansheng	原生2
yuanshi	原始3|院士3
yuanshikai	袁世凯3
yuanshixiao	袁士霄2
yuanshizhong	袁时中2
yuanshizu	元世祖2
yuanshou	元首2
yuanshuai	元帅2
yuansiyi	袁思怡2
yuansu	元素3
yuantiao	远眺2
yuantou	源头2
yuanwai	员外2
yuanwailang	员外郎2
yuanwang	愿望3|冤枉2
yuanwei	原委2
yuanwen	原文2
yuanxian	原先3
yuanxianggong	袁相公2
yuanxiao	院校3|远销2|元宵2
yuanxiaojie	元宵节2
yuanxifan	袁锡藩2
yuanxing	圆形3|原型2|远行2
yuanxingji	原型机2
yuanxingpei	袁行霈2
yuanyan	怨言2
yuanyang	鸳鸯2|远洋2
yuanye	原野2
yuanyi	愿意3|原意2|园艺2
yuanyichang	园艺场2
yuanyin	原因4|援引2|元音2
yuanyou	原有3|原油2|缘由2|原由2
yuanyu	源于3
yuanyuan	远远3|圆圆2|渊源2
yuanyuande	圆圆的2
yuanyuandi	远远地2
yuanze	原则3
yuanzeshang	原则上2
yuanzhang	院长3
yuanzheng	远征2
yuanzhengjun	远征军2
yuanzhi	原址2
yuanzhong	原种3|院中2|园中2
yuanzhongchang	原种场3
yuanzhoulu	圆周率2
yuanzhu	援助3|圆柱2
yuanzhui	圆锥2
yuanzhuixing	圆锥形2
yuanzhuxing	圆柱形2
yuanzi	原子3|院子3|园子2|源自2
yuanzidan	原子弹2
yuanzihe	原子核2
yuanziliang	原子量2
yuanzineng	原子能2
yuanziyi	袁紫衣2
yuanzongdao	袁宗道2
yuanzongdi	袁宗第2
yuanzonggao	袁宗皋2
yuanzu	远祖2
yubao	预报2
yubei	预备2
yubeidui	预备队2
yubeiyi	预备役2
yuboya	俞伯牙2
yubu	余部2
yubulang	于步廊2
yucai	育才2
yuce	预测3
yuchang	渔场2
yuchengbang	于城邦2
yuchi	鱼池2|鱼翅2
yuchu	余处2
yuchuan	渔船2
yuchun	愚蠢2
yuci	遇刺2
yucun	渔村2
yudai	玉带2
yudao	遇到3|御道3
yudayou	俞大猷2
yudi	余地2|玉帝2
yudian	雨点2
yudiao	语调2
yuding	预定3|预订2
yudong	豫东2
yudu	鱼肚3
yue	余额2
yuebing	阅兵2|月饼2
yuebingshi	阅兵式2
yuebuqun	岳不群3
yuechu	月初2|跃出2
yuedan	约旦2
yuedanhe	约旦河2
yuedi	月底2
yueding	约定2
yuedong	越冬2
yuedu	阅读3
yuedui	乐队2
yueer	悦耳2
yuefa	越发2|约法2
yuefei	岳飞2
yuefen	月份3
yuefu	岳父2|乐府2
yuefuren	岳夫人2
yueguang	月光3
yueguo	越国2
yuehan	约翰2
yuehanxun	约翰逊2
yuehe	约合2
yuehu	月湖2
yuehui	约会2
yueji	月季2
yuejia	岳家2|越加2
yuejin	跃进2
yuejing	月经2
yueju	跃居2
yuejuan	阅卷2
yuejun	月均2
yuekan	月刊2
yuelaiyue	越来越3
yueli	阅历2
yueliang	月亮3
yuemo	约莫2|约摸2
yuemu	岳母2
yuenan	越南3
yueqi	乐器3|跃起2
yueqian	跃迁2
yueqiu	月球2
yuequ	乐曲2
yuer	鱼儿2
yuerlong	于二龙2
yueru	跃入2
yuese	月色2
yuesefu	约瑟夫2
yueshang	跃上2
yueshi	越是3
yueshu	约束3
yueshuli	约束力2
yuetuan	乐团2
yuewanggou	越王勾2
yuewu	乐舞2
yuexin	月薪2
yueye	越野2
yuezhang	乐章2
yufa	语法2|愈发2
yufang	预防3
yufei	与非2
yufou	与否2
yufu	预付3
yugan	预感2
yugang	渔港2
yuge	余个2
yugongli	余公里2
yuhanchu	于汉初2
yuhang	宇航2
yuhangyuan	宇航员2
yuhe	愈合2
yuhou	预后2
yuhua	鱼花2
yuhuangjian	玉皇剑2
yuhui	与会2|迂回2
yuhuizhe	与会者2
yuji	预计3|淤积2|雨季2
yujia	余家2|御驾2|愈加2|瑜伽2
yujiabei	喻家碑2
yujian	遇见2|预见2|羽箭2
yujin	于今2
yujing	预警2|语境2
yujingji	预警机2
yuju	语句2
yuke	预科2
yukuai	愉快3
yulai	雨来2
yulaiyu	愈来愈2
yulan	玉兰2|预览2
yule	娱乐3
yulei	鱼类3|鱼雷3
yuliang	雨量2
yulianzhou	俞莲舟2
yuliao	预料2
yulie	渔猎2
yulin	玉林2|榆林2|雨淋2
yulinjun	御林军2
yulinxiang	喻林祥2
yuliu	预留2
yulu	语录2
yulun	舆论3
yumai	余脉2
yumao	羽毛2
yumaoqiu	羽毛球2
yumaoshan	羽毛扇2
yumei	愚昧2
yumen	郁闷2
yumi	玉米3|余米2
yumiao	鱼苗3|育苗2
yumibang	玉米棒2
yumin	渔民2
yuming	域名2|余名2
yumu	余亩2
yunan	遇难2
yunban	云板2
yuncai	云彩2
yuncang	蕴藏2
yuncangliang	蕴藏量2
yunceng	云层2
yunchen	匀称2
yundao	运到2|晕倒2
yundong	运动4
yundonghui	运动会2
yundongyuan	运动员3
yundongzhan	运动战2
yunduo	云朵2
yunfu	孕妇2
yunfuyu	云拂羽2
yunhan	蕴含2
yunhe	运河3
yunhui	运回2
yuni	淤泥2
yunian	余年2
yunie	余孽2
yunji	云集3
yunli	运力2
yunlu	韵律2
yunmengxian	云梦县2
yunmu	云母2
yunnan	云南3
yunnansheng	云南省2
yunniang	酝酿2
yunpan	云盘2
yunqi	运气3
yunraolong	云绕龙2
yunshan	云杉2
yunshi	陨石2
yunshu	运输3
yunshuji	运输机2
yunshuliang	运输量2
yunshuxian	运输线2
yunshuye	运输业2
yunsong	运送2
yunsuan	运算2
yunti	云梯2
yuntou	云头2
yunu	玉女2
yunwang	运往2
yunwei	韵味2
yunwu	云雾2
yunxian	郧县2
yunxiao	运销2
yunxing	运行3
yunxixian	郧西县2
yunxu	允许3
yunyang	郧阳3
yunying	运营3
yunyingshang	运营商2
yunyong	运用3
yunyu	孕育2
yunyun	云云2
yunzai	运载2
yunzhong	云中2
yunzhonghe	云中鹤2
yunzhuan	运转2
yunzuo	运作3
yuqi	与其3|预期3|语气2|玉器2
yuquanlu	玉泉路2
yuren	渔人2
yurou	鱼肉2
yusai	预赛2
yushan	玉山2
yushang	遇上2
yushaoqun	余少群2
yushen	预审2
yusheng	语声2
yushi	于是4|玉石3|御史2|预示2|遇事2|浴室2
yushui	雨水2
yushuyan	余叔岩2
yusong	鱼松2
yusuan	预算3
yutang	鱼塘2
yutiansi	玉田寺2
yutou	鱼头2
yutunyuan	鱼氽元2
yuwan	余万2
yuwang	欲望2|渔网2
yuwanyuan	余万元2
yuwei	誉为3|鱼尾2
yuwen	语文2
yuwentai	宇文泰2
yuxi	语系2|豫西2
yuxia	余下2|鱼虾2|余暇2
yuxian	预先2|遇险2
yuxiang	预想2
yuxiaofan	俞小凡2
yuxinan	豫西南2
yuxuan	预选2
yuxue	浴血2
yuxugong	玉虚宫2
yuxun	鱼汛2
yuyan	语言3|预言2|寓言2
yuyanxue	语言学2
yuyao	余姚2
yuye	渔业3
yuyi	予以3|寓意2|语义2|愈益2|语意2|羽翼2
yuyin	语音2|玉音2
yuyong	御用2
yuyu	余鱼2|郁郁2
yuyuan	鱼原2
yuyue	愉悦2|逾越2|预约2
yuzhangjiang	于长江2
yuzhengsheng	俞正声2
yuzhenzi	玉真子2
yuzhi	谕旨2|御制2
yuzhong	鱼种3|余种3|狱中2|语种2|育种2
yuzhou	宇宙3
yuzu	语族2|狱卒2
zacao	杂草2
zaibai	再拜2
zaichang	在场3
zaichengzhen	在城镇2
zaichuang	再创2
zaici	再次3
zaidu	再度3|在读2
zaihai	灾害2
zaihe	载荷2
zaihu	在乎2
zaihuang	灾荒2
zaihuo	灾祸2
zaijia	在家3
zaijian	在建2|再见2
zaimin	灾民2
zainan	灾难3
zainei	在内3
zaipei	栽培3
zaiqi	再起2
zaiqing	灾情2
zaiqu	灾区2
zairen	载人2
zairu	载入2
zaisan	再三2
zaisha	宰杀2
zaisheng	再生2
zaishengchan	再生产2
zaishengting	宰牲亭2
zaishi	在世2
zaishou	在手2
zaishuo	再说3
zaiti	载体2
zaiwai	在外3
zaiwei	在位2
zaixian	在线3|再现2
zaixiang	宰相2
zaixiao	在校3
zaixiaosheng	在校生2
zaixing	再行2
zaiye	再也3
zaiyi	在意2
zaiyou	再有2|载有2
zaiyu	在于3
zaizhan	再战2
zaizhe	再者2
zaizhi	在职2|栽植2
zaizhong	载重2|栽种2
zaizuo	在座2
zaji	杂技2
zajia	咱家2
zajiao	杂交2
zaju	杂剧2
zaluan	杂乱2
zanbiya	赞比亚2
zancheng	赞成3
zangfu	脏腑2
zangli	葬礼2
zangqi	脏器2
zangshen	葬身2
zangzu	藏族3
zanhuan	暂缓2
zanlia	咱俩2
zanmei	赞美2
zanmen	咱们4
zanqie	暂且2
zanshang	赞赏2
zanshi	暂时3
zantan	赞叹2
zanting	暂停2
zantong	赞同2
zanxing	暂行2
zanxu	赞许2
zanyang	赞扬2
zanyu	赞誉2
zanzhu	赞助2
zaobao	早报2
zaocan	早餐2
zaochen	早晨3
zaocheng	造成3
zaochuan	造船2
zaochuanchang	造船厂2
zaochun	早春2
zaodao	遭到3
zaodian	早点2
zaofan	造反3|早饭2
zaofanpai	造反派2
zaofeng	遭逢2
zaofu	造福2
zaogao	糟糕2
zaohe	枣核2
zaohua	造化2
zaojia	造价2|造假2
zaojing	藻井2
zaojiu	早就3|造就2
zaolei	藻类2
zaolin	造林3
zaonian	早年3
zaoqi	早期3|早起2
zaori	早日2
zaoshang	早上3
zaosheng	噪声2
zaoshou	遭受3
zaoshu	早熟2|枣树2
zaota	糟蹋2
zaotai	灶台2
zaowan	早晚2
zaoxian	早先2
zaoxiang	造像2
zaoxie	早些2
zaoxing	造型3
zaoxue	造血2
zaoyang	枣阳2
zaoyangshi	枣阳市2
zaoyi	早已3|造诣2
zaoyin	噪音2
zaoying	造影2
zaoyu	遭遇3
zaozao	早早2
zaozhi	造纸2|早知2
zawen	杂文2
zawu	杂物2
zazhi	杂志3|杂质2
zazhishe	杂志社2
zazhong	杂种2
zebei	责备2
zecheng	责成2
zefa	责罚2
zeguai	责怪2
zeiren	贼人2
zeling	责令2
zema	责骂2
zenan	责难2
zendi	怎地3
zengbu	增补2
zengchan	增产2
zengda	增大3
zengduo	增多3
zengfa	增发2
zengfu	增幅2
zenggao	增高2
zenghen	憎恨2
zengjia	增加4
zengjian	增减2
zengjiazhi	增加值3
zengjin	增进2
zengliang	增量2
zengqiang	增强3
zengshe	增设3
zengsheng	增生2
zengshou	增收2
zengsong	赠送2
zengsu	增速2
zengtian	增添3
zengwu	憎恶2
zengxuan	增选2
zengyuan	增援2
zengzhang	增长4
zengzhangdian	增长点2
zengzhanglu	增长率2
zengzhi	增至2|增殖2|增值2
zengzhishui	增值税2
zengzi	增资2
zenme	怎么4
zenmeyang	怎么样3
zenmezhe	怎么着2
zenyang	怎样3
zeou	择偶2
zeren	责任3
zerengan	责任感2
zerenren	责任人2
zerenxin	责任心2
zerenzhi	责任制2
zeye	择业2
zeyou	择优2
zhaba	眨巴2
zhacai	榨菜2
zhadan	炸弹3
zhade	乍得2
zhagen	扎根2
zhahui	炸毁2
zhaigong	斋宫2
zhaijie	斋戒2
zhaili	寨里2
zhaiquan	债券2|债权2
zhaiquanren	债权人2
zhaiwu	债务3
zhaiwuren	债务人2
zhaiyao	摘要2
zhaizhu	寨主2
zhaizi	宅子2
zhalan	栅栏2
zhamen	闸门2
zhanbai	战败2
zhanbei	战备2
zhanbu	占卜2
zhanchang	战场3
zhanche	战车2
zhanchi	展翅2
zhanchu	展出2
zhanchuan	战船2
zhandao	栈道2
zhandi	占地3|战地2
zhandian	站点2
zhandou	战斗3
zhandoubu	战斗部2
zhandouji	战斗机3
zhandouli	战斗力3
zhanduan	斩断2
zhanfa	战法2
zhanfan	战犯2
zhanfu	战俘2
zhangai	障碍3
zhangailing	张爱玲2
zhangaiwu	障碍物2
zhangancheng	长安城2
zhanganjie	长安街3
zhangbei	长辈2
zhangchanger	张昌尔2
zhangchangping	张昌平2
zhangchaotang	张朝唐2
zhangcheng	章程3|长成2
zhangchengren	张成仁2
zhangchuhong	章楚红2
zhangchunqiao	张春桥2
zhangcuishan	张翠山2
zhangda	长大3|张大2
zhangdalang	章大郎2
zhangdi	长堤2
zhangfa	掌法2|章法2
zhangfei	张飞2
zhangfu	丈夫3|涨幅2
zhangguan	长官3|掌管3
zhanggui	掌柜2
zhangguide	掌柜的2
zhangguihua	张桂华2
zhangguodao	张国焘2
zhangguodong	张国栋2
zhangguoguang	张国光2
zhangguoqing	张国庆2
zhangguorong	张国荣2
zhanghaili	张海丽2
zhanghu	账户2
zhangjia	张家2|涨价2
zhangjiajie	张家界2
zhangjiakou	张家口2
zhangjiao	长脚2
zhangjiawan	张家湾2
zhangjie	章节2
zhangjin	长进2
zhangjiyu	张继禹2
zhangjunbao	张君宝2
zhangjuzheng	张居正3
zhangkai	张开2
zhangkong	掌控2
zhangkou	张口2
zhanglao	长老3
zhangliang	丈量2
zhanglimin	张利民2
zhanglinggang	长岭岗2
zhanglongjun	张龙俊2
zhangluo	张罗2
zhangman	长满2
zhangmeilan	张美兰2
zhangmen	掌门2
zhangmenren	掌门人2
zhangmingkai	张明楷2
zhangmu	账目2
zhangning	张宁2
zhangong	战功2
zhangpeigang	张培刚2
zhangpeng	帐篷2
zhangqiyue	章启月2
zhangquan	掌权2
zhangren	丈人2
zhangrongrong	张蓉蓉2
zhangrunbin	张润斌2
zhangsanfeng	张三丰2
zhangsanjiao	长三角2
zhangshan	长山2
zhangshang	掌上2
zhangsheng	掌声2
zhangshi	长史2
zhangshicheng	张士诚2
zhangshuyuan	张舒媛2
zhangsongxi	张松溪2
zhangtiaoxing	长条形2
zhangtie	张贴2
zhangting	涨停2
zhangu	战鼓2
zhanguo	战国3|战果2
zhanguoce	战国策2
zhangwang	张望2
zhangwanqu	张湾区2
zhangweiguo	张维国2
zhangwentian	张闻天2
zhangwo	掌握3
zhangwuji	张无忌3
zhangxiang	长相2
zhangxianzhong	张献忠3
zhangxiao	长效2
zhangxin	掌心2
zhangxinbao	张新宝2
zhangxindian	长辛店2
zhangxuedong	张学东2
zhangxueliang	张学良2
zhangyang	长阳2|张扬2
zhangye	张掖2
zhangyesui	张业遂2
zhangyi	仗义2
zhangyilan	张义兰2
zhangyimin	张义民2
zhangyin	掌印2
zhangyingcai	张英才2
zhangyonghong	张永红2
zhangyoucai	张佑才2
zhangyouzhi	张有智2
zhangyumao	张毓茂2
zhangzhangde	长长的2
zhangzhangdi	长长地2
zhangzhaozhong	张召重2
zhangzhe	长者2
zhangzhenshi	张振仕2
zhangzhidong	张之洞2
zhangzhihua	张智华2
zhangzhijian	张志坚2
zhangzhong	掌中2
zhangzhou	漳州2
zhangzi	长子2|帐子2
zhangzilie	张自烈2
zhangzongchang	张宗昌2
zhangzongqi	张宗琪2
zhangzongxiang	章宗祥2
zhangzui	张嘴2
zhangzuolin	张作霖2
zhanhou	战后3
zhanhui	展会2
zhanhuo	战火2
zhanji	战机3|战绩2
zhanjian	战舰2
zhanjiang	战将2|湛江2
zhanju	占据3|战局2
zhankai	展开3
zhanlan	展览3
zhanlanguan	展览馆2
zhanlanhui	展览会2
zhanli	站立2|战栗2
zhanliejian	战列舰2
zhanling	占领3
zhanlingqu	占领区2
zhanlipin	战利品2
zhanluan	战乱2
zhanlue	战略4
zhanluexing	战略性2
zhanma	战马2
zhanman	沾满2
zhanmo	粘膜2
zhanmusi	詹姆斯2
zhanpin	展品2
zhanqian	战前2
zhanqu	战区2
zhanran	沾染2
zhanshangfeng	占上风2
zhansheng	战胜3
zhanshengguo	战胜国2
zhanshi	战士3|展示3|战事2|战史2
zhanshou	斩首2
zhanshu	战术3
zhansi	战死2
zhantai	站台2|展台2
zhanwang	展望2
zhanwen	站稳2
zhanxian	战线3|展现2
zhanxin	崭新2
zhanxing	粘性2
zhanyang	瞻仰2
zhanyi	战役3
zhanyong	占用2
zhanyou	占有3|战友2
zhanyoushi	占优势2
zhanzhang	站长2
zhanzhen	战阵2
zhanzheng	战争4
zhanzhu	站住2
zhanzhuan	辗转2
zhaoan	招安2
zhaoban	招办2|照搬2
zhaobanshan	赵半山2
zhaobiao	招标2
zhaobingjun	赵秉钧2
zhaochang	照常2
zhaochu	找出2
zhaodai	招待2
zhaodaihui	招待会2
zhaodaisuo	招待所2
zhaodaming	赵大明2
zhaodao	找到3
zhaofu	招抚2
zhaogong	招工2
zhaogu	照顾3
zhaohongsheng	赵宏声2
zhaohu	招呼3
zhaohuan	召唤2
zhaohui	召回2|找回2
zhaoji	召集3|着急3
zhaojia	赵家2|招架2
zhaojian	召见3
zhaojiatiao	赵家条2
zhaojiawan	赵家湾2
zhaojike	赵寄客2
zhaojiren	召集人2
zhaojiu	照旧2
zhaojun	昭君2
zhaokai	召开3
zhaokan	照看2
zhaokao	招考2
zhaokeming	赵可铭2
zhaokuangyin	赵匡胤2
zhaolai	招来2
zhaolan	招揽2
zhaoli	照例2
zhaoliang	照亮2
zhaoliangsi	赵良嗣2
zhaoliao	照料2
zhaoling	诏令2
zhaoming	照明2
zhaomu	招募2
zhaopai	招牌2
zhaopian	照片3
zhaopin	招聘3
zhaopinhui	招聘会2
zhaoqiansun	赵钱孙2
zhaore	招惹2
zhaoshang	招商2
zhaoshangmen	找上门2
zhaoshe	照射2
zhaosheng	招生3
zhaoshi	招式2
zhaoshiyan	赵世炎2
zhaoshou	招收3|招手2
zhaoshu	诏书3|招数2
zhaowa	爪哇2
zhaoxi	朝夕2
zhaoxia	朝霞2
zhaoxian	招贤2
zhaoxiang	照相2|招降2
zhaoxiangji	照相机2
zhaoxun	找寻2
zhaoyang	照样2
zhaoyao	照耀2
zhaoyidi	赵一荻2
zhaoying	照应2
zhaoyiniang	赵姨娘2
zhaoyun	赵云2
zhaoze	沼泽3
zhaozedi	沼泽地2
zhaozhengzheng	赵争争2
zhaozhi	招致2
zhaozhijing	赵志敬2
zhaozhongquan	赵钟泉2
zhaoziyang	赵紫阳2
zhapian	诈骗2
zhaqu	榨取2
zhashi	扎实2
zhayan	眨眼2
zhayao	炸药2
zhayier	扎伊尔2
zhaying	扎营2
zhayou	榨油2
zheban	这般3
zhebang	这帮2
zheben	这本2
zhebi	这笔2|遮蔽2
zhebian	这边2
zhebu	这部3
zhebufen	这部分2
zhechang	这场3
zheci	这次3
zhedang	遮挡2
zhedi	着地2
zhedian	这点2
zhedie	折叠2
zhedong	浙东2
zheduan	折断2
zheer	这儿3
zhefangmian	这方面3
zhefen	这份3
zhegai	遮盖2
zhege	这个4
zhegen	这根2
zhegu	鹧鸪2
zhehe	折合2
zhehua	这话3
zhehui	这回2|折回2
zhehuier	这会儿3
zhehuo	这伙2
zhejia	这家3
zhejian	这件3
zhejiang	浙江3
zhejiangsheng	浙江省2
zhekou	折扣2
zhekuai	这块3
zhelan	遮拦2
zheli	这里4|哲理2
zheliang	这辆2
zheme	这么4
zhemezhe	这么着2
zhemo	折磨2
zhenbao	珍宝2
zhenbi	振臂2
zhencang	珍藏2
zhencha	侦察3|侦查2
zhenchaji	侦察机2
zhenchan	震颤2
zhencheng	真诚2
zhenci	针刺2
zhendang	震荡2|振荡2
zhende	真的3
zhendi	阵地3|真谛2
zhending	镇定2
zhendong	振动2|震动2
zhendongqi	振动器2
zhenduan	诊断3
zhendui	针对3
zhenduixing	针对性2
zhenfa	阵法2
zhenfen	振奋2
zhenfeng	阵风2
zhenfu	振幅2
zhengba	争霸2
zhengban	正版2
zhengbi	正比2
zhengbian	政变3|争辩2|整编2
zhengbing	征兵2
zhengce	政策4
zhengcexing	政策性2
zhengchang	正常3
zhengchanghua	正常化2
zhengchangren	正常人2
zhengchao	争吵2
zhengche	整车2
zhengchenggong	郑成功2
zhengdang	政党3|正当3|整党2
zhengdao	正道2
zhengde	正德2|争得2
zhengdi	政敌2
zhengdian	正殿2
zhengdou	争斗2
zhengduan	争端2
zhengdun	整顿3
zhengduo	争夺3
zhenge	真个2
zhengfa	蒸发2|政法2|征伐2
zhengfang	正方2
zhengfeng	整风2
zhengfu	政府4|征服3|正副2
zhengfuzhe	征服者2
zhenggai	整改2
zhengge	整个4
zhenggong	政工2
zhenggongcheng	郑功成2
zhenggongzi	郑公子2
zhenggui	正规2
zhengguifei	郑贵妃2
zhengguihua	正规化2
zhengguijun	正规军2
zhenghao	正好3
zhenghe	整合3|郑和2
zhengji	征集3|政绩2
zhengjia	郑家2
zhengjian	证见2|证件2|政见2
zhengjianhui	证监会2
zhengjiao	正教2
zhengjie	整洁2|政界2|症结2
zhengjing	正经2
zhengjiu	拯救2
zhengju	证据3|政局2
zhengke	郑克2|政客2
zhenglanqi	正蓝旗2
zhengli	整理3
zhenglihui	郑李辉2
zhengling	政令2
zhengliu	蒸馏2
zhenglong	蒸笼2
zhenglun	争论3
zhengmen	正门3
zhengmian	正面3
zhengming	证明3
zhengnan	正南2
zhengning	狰狞2
zhengpai	正派2
zhengqi	整齐3|蒸汽2|蒸气2|正气2|争气2|政企2
zhengqian	挣钱2
zhengqiang	争抢2
zhengqiao	正桥2
zhengqiji	蒸汽机2
zhengqiu	征求3
zhengqu	争取3|政区2
zhengquan	政权3|证券3
zhengquanbao	证券报2
zhengque	正确3
zhengquexing	正确性2
zhengren	证人2
zhengri	整日2
zhengru	正如2
zhengse	正色2
zhengshi	正是3|正式3|证实3|政事2|正视2|正事2
zhengshou	征收2
zhengshu	证书3|整数2
zhengshui	征税2
zhengshuo	正说2
zhengtan	政坛2
zhengtao	征讨2
zhengteng	蒸腾2
zhengti	政体4|整体3
zhengtian	整天2
zhengtong	正统2
zhengtu	征途2
zhengtuo	挣脱2
zhenguan	贞观2
zhengui	珍贵3
zhengwei	政委3
zhengwen	正文3
zhengwu	政务3|正午2
zhengxiang	争相2|正向2|正像2
zhengxiaojing	郑晓京2
zhengxiaozhuang	郑肖庄2
zhengxie	政协3
zhengxing	整形2
zhengxiu	整修2
zhengxun	征询2
zhengyangmen	正阳门3
zhengyao	正要3
zhengye	整夜2
zhengyi	正义3|争议3
zhengyuanxun	郑元勋2
zhengyue	正月2
zhengzai	正在3
zhengzha	挣扎3
zhengzhan	征战2
zhengzhao	征兆2|征召2
zhengzheng	整整3|铮铮2
zhengzhi	政治4|整治2|争执2|政制2|正值2|正直2
zhengzhibu	政治部3
zhengzhijia	政治家3
zhengzhiju	政治局2
zhengzhixue	政治学2
zhengzhong	正中3|郑重2
zhengzhongjian	正中间2
zhengzhou	郑州2
zhengzhu	怔住2
zhengzhuang	症状3
zhengzong	正宗2
zhengzuo	整座2
zhenhai	镇海2
zhenhan	震撼2
zhenhua	真话2
zhenji	赈济2
zhenjia	真假2
zhenjiang	镇江2
zhenjiao	阵脚2
zhenjing	震惊3|镇静2|真经2
zhenjiu	针灸2|斟酒2
zhenjun	真菌2
zhenkong	真空2
zhenli	真理3
zhenmi	缜密2
zhennu	震怒2
zhenpin	珍品3
zhenqian	阵前2
zhenqie	真切2
zhenqing	真情2
zhenren	真人2
zhenrong	阵容2
zhenshang	镇上2
zhenshe	震慑2
zhenshi	真是3|真实3|阵势2
zhenshixing	真实性2
zhenshou	镇守2
zhensuo	诊所2
zhentian	震天2
zhentong	镇痛2
zhentou	枕头2
zhenwang	阵亡2
zhenwei	真味2|真伪2
zhenxi	珍稀3|珍惜2
zhenxian	阵线2|针线2
zhenxiang	真相2
zhenxin	真心2
zhenxing	振兴2
zhenya	镇压3
zhenyan	真言2
zhenyelin	针叶林2
zhenying	阵营2
zhenyuan	镇远2
zhenzhang	镇长3
zhenzhen	阵阵2
zhenzheng	真正3
zhenzhi	诊治2|真挚2
zhenzhibing	甄志丙2
zhenzhu	珍珠2|真主2
zhenzhugang	珍珠港2
zhenzhuo	斟酌2
zhenzi	镇子2
zhenzuo	振作2
zheshan	折扇2
zheshe	折射2
zheshelu	折射率2
zheshi	这时4|着实3
zheshihou	这时候3
zhetang	蔗糖2
zheteng	折腾2
zhetian	这天3
zhewei	这位3
zhexiang	这项3
zhexie	这些4
zhexue	哲学3
zhexuejia	哲学家2
zhexueshi	哲学史2
zheyan	遮掩2
zheyang	这样4
zheyilai	这一来2
zheyixia	这一下2
zhezhong	这种4
zhezhou	褶皱2
zhezhu	遮住2
zhezi	折子2
zhiai	致癌2|致哀2
zhian	治安3
zhiban	值班2
zhibei	植被3|制备2
zhiben	直奔2
zhibi	纸币2
zhibian	质变2
zhibiao	指标3
zhibing	治病2|致病2
zhibo	直播3
zhibu	支部2|织布2
zhibuguo	只不过3
zhibuzhu	止不住2
zhicai	制裁2
zhichang	直肠2
zhichangai	直肠癌2
zhicheng	制成3|支撑3|职称2|织成2
zhichi	支持4
zhichizhe	支持者2
zhichu	指出3|支出3
zhici	至此3|直刺2
zhida	直达2
zhidang	只当2
zhidao	知道4|指导3|直到3|制导2|执导2
zhidaoyuan	指导员2
zhide	值得3|只得3
zhidi	质地2|直抵2
zhidian	指点3|质点2|致电2|支点2
zhiding	制定4|指定3|制订3
zhidong	制动2
zhidongfa	制动阀2
zhidongqi	制动器2
zhidu	制度4
zhiduhua	制度化2
zhidui	支队2
zhiduizhang	支队长2
zhier	侄儿2|之二2
zhifa	执法3|治法2|制法2
zhifang	脂肪3|纸坊2
zhifangsuan	脂肪酸2
zhifaquan	执法权2
zhifen	脂粉2|职分2
zhifu	支付3|致富3|知府2|制服2
zhigan	质感2
zhigao	职高2
zhige	制革2
zhigong	职工3
zhigu	只顾2
zhiguan	只管3|职官2|直观2|直管2
zhiguo	治国2
zhihao	只好3
zhihou	之后4|滞后2
zhihuan	置换2
zhihui	指挥3|智慧3|知会2
zhihuibu	指挥部3
zhihuiguan	指挥官2
zhihuisuo	指挥所2
zhihuiyuan	指挥员2
zhiji	之际3|制剂2|知己2|至极2|织机2
zhijia	指甲2|支架2
zhijiage	芝加哥2
zhijian	之间4|只见3|指尖2
zhijiang	之江2|枝江2
zhijiangshi	枝江市2
zhijiao	执教2|指教2
zhijie	直接4
zhijin	至今3
zhijing	直径3|致敬2
zhijue	知觉2|直觉2
zhijun	志军2|治军2
zhike	止咳2
zhikong	指控2
zhikongquan	制空权2
zhilei	之类3
zhileng	制冷2
zhili	治理3|致力3|直隶3|智力2|智利2|直立2
zhiliang	质量3
zhiliao	治疗3
zhiling	指令2
zhiliu	支流3|直流2|滞留2|之流2
zhiliudian	直流电2
zhilu	指路2
zhima	芝麻2
zhimi	致密2
zhimin	殖民3
zhimindi	殖民地3
zhiming	知名3|致命2|指明2
zhimingdu	知名度2
zhiminzhe	殖民者2
zhimou	智谋2
zhinan	指南2
zhinanzhen	指南针2
zhinei	之内3
zhineng	只能3|职能3|智能2
zhiniu	执拗2
zhinu	侄女2
zhipa	只怕3
zhipai	指派2
zhipei	支配3
zhipian	纸片2
zhipianchang	制片厂2
zhipiao	质朴2|支票2
zhipin	制品3
zhiqi	志气2
zhiqian	之前3|值钱2
zhiqiguan	支气管2
zhiqing	知青2|知情2
zhiqiu	只求2
zhiqu	制取2|直取2|支取2
zhiquan	职权3|治权2
zhisan	之三2
zhishang	之上3|智商2|至上2
zhishao	至少3
zhishe	直射2
zhishen	置身2
zhisheng	制胜2|吱声2
zhishengji	直升机3
zhishi	知识3|只是3|指示3|致使3|制式2|指使2
zhishidian	知识点2
zhishu	指数3|直属2|植树2|支书2
zhishui	治水2
zhishuo	直说2
zhisi	职司3|致死2|至死2
zhisuo	治所2
zhisuoyi	之所以3
zhitang	制糖2
zhiti	肢体2
zhitiao	纸条2|枝条2
zhitong	直通2|止痛2
zhitou	指头2
zhiwai	之外3
zhiwang	指望2
zhiwei	职位3
zhiwen	质问2
zhiwu	植物3|职务3|织物2|支吾2
zhiwuti	植物体2
zhiwuxue	植物学2
zhiwuyuan	植物园2
zhixi	直系2|窒息2|支系2
zhixia	之下3|直辖2
zhixian	直线2|知县2|支线2
zhixiang	指向2|志向2
zhixiao	知晓2|直销2
zhixiashi	直辖市3
zhixing	执行4|支行2
zhixingguan	执行官2
zhixu	秩序3|只许2
zhixue	止血2|治学2
zhixun	质询2
zhiyan	直言2|纸烟2
zhiyao	只要4|制药3
zhiye	职业4|枝叶2
zhiyebing	职业病2
zhiyehua	职业化2
zhiyi	之一4|质疑2|旨意2|执意2|直译2|致以2
zhiyin	指引2|知音2
zhiyong	之用2|只用2
zhiyou	只有3
zhiyu	至于3|置于3|治愈2
zhiyuan	志愿3|支援3|职员2|致远2
zhiyuanjun	志愿军2
zhiyuanzhe	志愿者2
zhiyue	制约3
zhizai	旨在2|志在2
zhizao	制造3|织造2
zhizaochang	制造厂2
zhizaoshang	制造商2
zhizaoye	制造业2
zhize	职责3|指责3
zhizhai	指摘2
zhizhang	执掌2|纸张2|职掌2
zhizhanyuan	指战员2
zhizhe	指着3|智者2
zhizhen	指针2
zhizheng	执政3|至正2
zhizhengdang	执政党2
zhizhengfu	执政府2
zhizhengguan	执政官2
zhizhengzhe	执政者2
zhizhi	直至3|制止3|指指2|直指2
zhizhong	之中4
zhizhu	支柱3|植株2|止住2|蜘蛛2
zhizhuo	执着2|执著2
zhizi	质子2|侄子2
zhizu	知足2
zhizun	至尊2
zhizuo	制作3
zhongbiao	钟表2|中标2
zhongbing	重兵2|重病2
zhongbu	中部3
zhongcai	仲裁2|种菜2
zhongcaoyao	中草药2
zhongceng	中层2|中曾2
zhongchan	中产2
zhongchang	中常2|中场2
zhongchangqi	中长期2
zhongchen	重臣2|忠臣2
zhongcheng	忠诚2|中程2
zhongchengyao	中成药2
zhongchuang	重创2
zhongda	重大4|中大2|肿大2
zhongdan	重担2|中弹2
zhongdao	中道2
zhongdeng	中等3
zhongdi	种地2|重地2
zhongdian	重点4|终点2
zhongdong	中东3
zhongdu	中毒3
zhongduan	中断2|中段2|终端2
zhongdui	中队2
zhongduo	众多3
zhongfang	中纺3|中方3
zhongfei	中非2
zhongfeng	中锋2|中风2
zhonggao	忠告2
zhonggong	中共3
zhonggongye	重工业2
zhonggu	中古2
zhongguancun	中关村2
zhonggui	终归2
zhongguo	中国5
zhongguodui	中国队3
zhongguohua	中国画2
zhongguoqu	中国区2
zhongguoshi	中国式2
zhonghai	中海2
zhonghang	中行2
zhonghe	中和2
zhonghou	忠厚2
zhonghouqi	中后期2
zhonghua	中华3
zhonghuamen	中华门3
zhonghuaxun	中华鲟2
zhonghui	重回2
zhongji	中级2|终极2
zhongjia	中加2
zhongjian	中间3|中建2|中坚2
zhongjiang	中将2|众将2|中奖2
zhongjianti	中间体2
zhongjie	中介2|终结2
zhongjin	重金2
zhongjingshi	重晶石2
zhongjiqiang	重机枪2
zhongjiu	终究3
zhongjun	中军2
zhongkeqin	钟克勤2
zhongkeyuan	中科院2
zhongkong	中空2
zhongkuai	肿块2
zhonglei	种类3
zhongli	重力2|中立2
zhongliang	重量3
zhonglingke	钟灵可2
zhongliu	肿瘤3
zhonglou	钟楼2
zhonglu	中路3|中旅2
zhongmeizhou	中美洲2
zhongmidu	中密度2
zhongnan	中南2
zhongnanbu	中南部3
zhongnanhai	中南海2
zhongnanshan	终南山2
zhongneng	中能2
zhongnian	中年3|终年2
zhongnianren	中年人2
zhongou	中欧2
zhongpao	重炮2
zhongpengrong	钟朋荣2
zhongqi	中期3
zhongqing	钟情2
zhongqingnian	中青年2
zhongqingshi	重庆市2
zhongqiu	中秋2
zhongqiujie	中秋节2
zhongqun	种群2
zhongren	众人3|重任2|中人2
zhongri	中日3|终日2
zhongshan	中山3|钟山2
zhongshang	重伤3|重赏2
zhongshangyou	中上游2
zhongshanlu	中山路2
zhongshantang	中山堂2
zhongshen	终身3
zhongsheng	终生2|钟声2
zhongshengdai	中生代2
zhongshi	重视3|忠实2|中式2
zhongshidao	种师道2
zhongshihua	中石化2
zhongshiji	中世纪2
zhongshu	中枢2|种属2
zhongshusheng	中书省2
zhongtang	中堂2
zhongtian	种田2
zhongtong	中统2
zhongtou	钟头2
zhongtu	中途2|中土2
zhongwai	中外3
zhongwanchou	钟万仇2
zhongwei	中尉2
zhongwen	中文3
zhongwenxi	中文系2
zhongwu	中午3
zhongxi	中西2
zhongxian	中线2
zhongxiang	钟祥2
zhongxiangshi	钟祥市2
zhongxiao	中小2
zhongxiaoxing	中小型2
zhongxiaoxue	中小学3
zhongxiayou	中下游2
zhongxibu	中西部2
zhongxin	中心4|重心2|忠心2|衷心2|中信2
zhongxing	中型2|重型2|中兴2|中性2|中星2|种姓2
zhongxinshe	中新社2
zhongxinwang	中新网2
zhongxuanbu	中宣部2
zhongxue	中学3
zhongxuesheng	中学生2
zhongxun	中旬2
zhongya	中亚3
zhongyan	重檐2
zhongyang	中央4|中阳2
zhongyangyang	钟阳阳2
zhongyao	重要4|中药3
zhongyaocai	中药材2
zhongyaoxing	重要性2
zhongye	中叶3
zhongyi	中医3|忠义2
zhongyiyao	中医药2
zhongyiyuan	众议院2
zhongyong	重用2|中用2|中庸2
zhongyou	中游3
zhongyu	终于4|忠于2|中雨2|重于2
zhongyuan	中原3
zhongzhang	肿胀2
zhongzhe	重者2
zhongzhen	重镇2|重振2
zhongzheng	中正2|重整2|重症2
zhongzhi	种植3|终止2|中指2|种质2|中止2
zhongzhiye	种植业2
zhongzhiyuan	种植园2
zhongzhong	种种3
zhongzhongde	重重的2
zhongzhongdi	重重地2
zhongzhou	中洲2
zhongzhouxian	中轴线3
zhongzhuan	中专2
zhongzi	种子3|中子2
zhongziqi	钟子期2
zhongzu	种族3
zhoubao	周报2
zhoubian	周边3
zhoubotong	周伯通3
zhouchang	周长2
zhouchao	周朝2
zhoucheng	轴承2
zhouchuanxiong	周传雄2
zhouchunquan	周纯全2
zhoudai	周代2
zhoudao	周到2
zhoudian	周颠2
zhouenlai	周恩来3
zhouer	周二2
zhoufu	州府2
zhouji	洲际2|周济2
zhoujia	周家2
zhoujiahu	周家湖2
zhoujihong	周继红2
zhoujun	州郡2
zhoukan	周刊2
zhoukunren	周坤仁2
zhouli	周礼2
zhouliu	周六2
zhouma	咒骂2
zhoumei	皱眉2
zhoumeitou	皱眉头2
zhoumi	周密2
zhoumo	周末2
zhounian	周年3
zhoupeigong	周培公2
zhouqi	周期3
zhouqixing	周期性2
zhouqu	舟曲2
zhouquan	周全2
zhouran	骤然2
zhouri	周日2
zhousan	周三2
zhousenfeng	周森锋2
zhoushan	舟山2
zhoushaobo	周少波2
zhoushen	周身2
zhousi	宙斯2|周四2
zhousui	周岁2
zhouwa	轴瓦2
zhouwei	周围3
zhouwen	皱纹2
zhouwu	周五2
zhouxian	轴线2
zhouxiang	周详2
zhouxuan	周旋2
zhouyanru	周延儒2
zhouye	昼夜2
zhouyi	周一2|周易2
zhouyiqun	周逸群2
zhouyou	周游2
zhouyu	周瑜2|咒语2
zhouyuqing	周玉清2
zhouzao	周遭2
zhouzhang	州长3
zhouzhe	周折2
zhouzhengfu	州政府2
zhouzhengqing	周正庆2
zhouzhiruo	周芷若2
zhouzhongying	周仲英2
zhouzhuan	周转2
zhuahao	抓好2
zhuahuo	抓获2
zhuajin	抓紧2
zhuananzu	专案组2
zhuanbian	转变3
zhuanbo	转播2
zhuanchang	专场2|专长2|砖场2
zhuancheng	专程2
zhuanda	转达2
zhuandian	专电2
zhuandong	转动3
zhuaner	转而2
zhuanfa	转发2
zhuanfang	专访2
zhuangao	转告2
zhuangban	装扮2
zhuangbei	装备3
zhuangda	壮大2
zhuangding	壮丁2
zhuangei	转给2
zhuanggonghui	庄公惠2
zhuangguan	壮观2
zhuanghan	壮汉2
zhuanghuang	装潢2
zhuangji	撞击2|装机2
zhuangjia	装甲3|庄稼2|庄家2
zhuangjiabing	装甲兵2
zhuangjiache	装甲车2
zhuangjian	撞见2
zhuangjiaren	庄稼人2
zhuangjiashi	装甲师2
zhuangju	壮举2
zhuangke	庄客2
zhuangkuang	状况3
zhuangkuo	壮阔2
zhuangli	壮丽3
zhuanglie	壮烈2
zhuangman	装满2
zhuangpei	装配2
zhuangru	装入2
zhuangshang	庄上2
zhuangshi	装饰3|壮士2
zhuangshipin	装饰品2
zhuangshu	装束2
zhuangtai	状态3
zhuangtian	装填2
zhuanguan	专管2
zhuangui	转轨2
zhuanguo	转过3
zhuangxie	装卸2
zhuangxieliang	装卸量2
zhuangxiu	装修2
zhuangyan	庄严3
zhuangyao	装药2
zhuangyou	装有3
zhuangyu	壮语2
zhuangyuan	状元3|庄园2
zhuangzai	装载2
zhuangzhi	装置3
zhuangzhong	庄重2
zhuangzhou	庄周2
zhuangzhu	庄主2
zhuangzi	庄子2
zhuangzu	壮族2
zhuangzuo	装作2
zhuanhang	转行2
zhuanhua	转化3
zhuanhuan	转换3
zhuanhui	转回2
zhuanhun	砖混2
zhuanji	传记2|转机2|专机2|专辑2
zhuanjia	专家4|转嫁2
zhuanjiao	转交2
zhuanjiazu	专家组2
zhuanjie	转接2
zhuanke	专科3
zhuankou	转口2
zhuanlan	专栏2
zhuanli	专利3
zhuanlian	转脸2
zhuanlie	专列2
zhuanma	转马2
zhuanmai	专卖2
zhuanmaidian	专卖店2
zhuanmen	专门3
zhuannian	转念2
zhuanqian	赚钱2
zhuanqiang	砖墙2
zhuanqu	专区2
zhuanquan	专权2
zhuanrang	转让3
zhuanren	专任2|专人2
zhuanru	转入3
zhuanshen	转身3
zhuanshi	砖石2|转世2
zhuanshou	转手2
zhuanshu	专属2
zhuansi	专司2
zhuansu	转速2
zhuanti	专题3
zhuantou	转头3|砖头2
zhuanwa	砖瓦2
zhuanwan	转弯2
zhuanwei	转为2
zhuanwen	撰文2
zhuanxian	专线3
zhuanxiang	转向3|专项2
zhuanxie	撰写3
zhuanxin	专心2
zhuanxing	转型2
zhuanyan	转眼2
zhuanyanjian	转眼间2
zhuanye	专业4|转业2
zhuanyehua	专业化2
zhuanyeke	专业课2
zhuanyexing	专业性2
zhuanyi	转移3|专一2
zhuanyong	专用3
zhuanyou	转悠2
zhuanyuan	专员2
zhuanyun	转运2
zhuanzai	转载2
zhuanzeng	转增2
zhuanzhan	转战2
zhuanzhe	转折2
zhuanzhedian	转折点2
zhuanzheng	专政3|转正2
zhuanzhi	专制3|专职2
zhuanzhou	转轴2
zhuanzhu	专著2|专注2
zhuanzhuan	转转2
zhuanzi	转子2
zhuaqi	抓起2
zhuazhu	抓住3
zhuazi	爪子2
zhubajie	猪八戒2
zhuban	主办2|诸般2
zhubanfang	主办方2
zhubangfu	朱邦复2
zhubangzao	朱邦造2
zhubao	珠宝2
zhubi	朱笔2|铸币2
zhubian	主编3
zhubu	逐步3
zhucaipan	主裁判2
zhucang	贮藏2
zhuce	注册3
zhuchan	主产2
zhuchang	主场3
zhucheng	著称2|筑城2|筑成2|铸成2|诸城2
zhuchenhao	朱宸濠2
zhuchi	主持3|住持2
zhuchiren	主持人3
zhuchu	住处2|逐出2
zhucong	主从2
zhucun	贮存2
zhudanchen	朱丹臣2
zhudao	主导3
zhude	朱德2
zhudi	驻地3
zhuding	注定2
zhudong	主动3|柱洞2
zhudongquan	主动权2
zhudongxing	主动性2
zhudui	主队2
zhuduo	诸多3
zhuer	主儿2
zhufa	竹筏2
zhufang	住房3|驻防2
zhufeng	主峰3|珠峰2
zhufu	嘱咐2|祝福2|主妇2
zhugan	主干2|竹竿2
zhugaochi	朱高炽2
zhugaoxu	朱高煦2
zhuge	诸葛2
zhugeliang	诸葛亮3
zhugong	主公2|助攻2|主攻2
zhuguan	主管3|主观3
zhuguang	烛光2
zhuguangya	朱光亚2
zhuguo	诸国2
zhuhai	珠海2
zhuhe	祝贺2
zhuhong	朱红2
zhuhou	诸侯2
zhuhouguo	诸侯国2
zhuhoupan	朱厚磐2
zhuhouwang	诸侯王2
zhuhouzhao	朱厚照2
zhuhu	住户2
zhuhua	驻华2
zhuhuo	烛火2
zhuibing	追兵2
zhuibu	追捕2
zhuicha	追查2
zhuigan	追赶3
zhuihui	坠毁2
zhuiji	追击2
zhuijia	追加2
zhuijiu	追究2
zhuiluo	坠落2
zhuipeng	追捧2
zhuiqiu	追求3
zhuiru	坠入2
zhuisha	追杀2
zhuishu	追述2
zhuisu	追溯2
zhuisui	追随2
zhuisuizhe	追随者2
zhuiwen	追问2
zhuixing	锥形2
zhuixun	追寻2
zhuizhu	追逐2
zhuizong	追踪2
zhuji	主机2|逐级2
zhujiadu	朱家渡2
zhujian	逐渐3|主见2|竹简2
zhujiang	珠江2|主将2
zhujiao	主教2|助教2
zhujiaolian	主教练2
zhujie	注解2
zhujing	驻京2
zhujingban	驻京办2
zhujinshi	诸进士2
zhujiuzhen	朱九真2
zhujue	主角2
zhujun	驻军2|诸君2
zhukou	住口2
zhuli	主力3|助理3|助力2|伫立2
zhuliao	主料2
zhulilan	朱丽兰2
zhulin	竹林2
zhuliu	主流3
zhulu	著录2
zhuluoji	侏罗纪2
zhuma	苎麻2
zhuming	著名3|注明2
zhumingshan	祝铭山2
zhumu	瞩目2|注目2
zhunbei	准备4
zhunbeijin	准备金2
zhungaer	准噶尔2
zhunian	逐年2
zhunkaozheng	准考证2
zhunque	准确3
zhunquexing	准确性2
zhunshi	准时2
zhunxu	准许2
zhunze	准则2
zhuobian	桌边2
zhuojue	卓绝2
zhuoli	着力2
zhuolu	着陆2
zhuoluo	着落2
zhuomian	桌面2
zhuomo	琢磨2|捉摸2
zhuona	捉拿2
zhuonong	捉弄2
zhuopang	桌旁2
zhuoqian	桌前2
zhuore	灼热2
zhuose	着色2
zhuoshang	桌上3
zhuoshou	着手3
zhuotianxiong	卓天雄2
zhuoxiang	着想2
zhuoyan	着眼2
zhuoyanyu	着眼于2
zhuoyi	桌椅2
zhuoyue	卓越2
zhuozhong	着重3
zhuozhou	涿州2
zhuozhu	捉住2|卓著2
zhuozhuang	着装2
zhuozi	桌子3|镯子2
zhupu	主仆2
zhuqi	朱漆2
zhuqiyu	朱祁钰2
zhuqizhen	朱祁镇2
zhuquan	主权3
zhuque	朱雀2
zhuren	主任4|主人3
zhurengong	主人公2
zhurongji	朱镕基2
zhurou	猪肉2
zhuru	注入3|诸如2
zhusha	朱砂2|诛杀2
zhushan	竹山2
zhushanxian	竹山县2
zhushe	注射2
zhushi	注视3|注释2|诸事2|主食2
zhushou	助手2|驻守2|祝寿2|住手2
zhushu	著述2
zhushuai	主帅2
zhusu	住宿2
zhusufei	住宿费2
zhusuo	住所2
zhutai	烛台2
zhuti	主体3|主题3
zhutie	铸铁2
zhutong	竹筒2
zhutou	柱头2
zhutuo	嘱托2
zhuwai	驻外2
zhuwei	诸位2
zhuxi	主席4|竹溪2|朱熹2
zhuxian	主线2
zhuxiang	竹乡2
zhuxiangyuan	朱相远2
zhuxiansheng	朱先生2
zhuxianzhen	朱仙镇2
zhuxitai	主席台2
zhuxituan	主席团3
zhuxixian	竹溪县2
zhuxuanlu	主旋律2
zhuxue	助学2
zhuyan	主演2
zhuyanghu	朱阳湖2
zhuyao	主要4
zhuyaqiong	朱雅琼2
zhuye	主业2
zhuyi	注意3|主意3|主义3|逐一2
zhuyijun	朱翊钧3
zhuyili	注意力2
zhuyizhe	主义者2
zhuyuan	住院2|竹园2|祝愿2
zhuyuanzhang	朱元璋3
zhuzai	主宰2
zhuzao	铸造2
zhuzha	驻扎2
zhuzhai	住宅3
zhuzhaiqu	住宅区2
zhuzhan	主战2|助战2
zhuzhang	主张3|助长2
zhuzhangling	朱长龄2
zhuzheng	主政2
zhuzhi	主治2|主旨2|住址2
zhuzhong	注重3
zhuzhou	诸州2
zhuzhuang	柱状2
zhuzi	柱子2|主子2|竹子2|珠子2|诸子2
zhuziliu	朱子柳2
zhuzu	驻足2
zhuzuo	著作3
zibao	自保2
zibei	自卑2
ziben	资本4
zibenjia	资本家3
zibenlun	资本论2
zibo	淄博2
zibupin	滋补品2
zicai	资财2
zichan	资产3
zichao	自嘲2
zicheng	自成3|自称3
zichi	自持2
zici	自此2
zicong	自从3
zicun	自忖2
zida	自打2|自大2
zidai	自带3
zidakuang	自大狂2
zidan	子弹3
zide	自得2
zidi	子弟2
zidian	字典2
zidibing	子弟兵2
zidong	自动3
zidonghua	自动化2
zier	字儿2
zifa	自发2
zifang	子房2
zifei	资费2|自费2
zifu	字符2|自负2|姊夫2
zifuchuan	字符串2
zige	资格3|自个2
zigeer	自个儿2
zigong	子宫2
zigongsi	子公司2
zigu	自古3
zigui	秭归2
ziguixian	秭归县2
zihao	自豪2|字号2
zihongse	紫红色2
zihua	字画2
ziji	自己4|自给2|字迹2
zijia	自家2
zijin	资金3|自尽2
zijincheng	紫禁城3
zijiu	自救2
ziju	自居2
zijue	自觉3
zijuexing	自觉性2
zikao	自考2
zikou	子口3
zilai	自来2
zilaishui	自来水2
zili	自立2|资历2|子粒2|自理2
ziliao	资料3
zilu	自律2
zimei	姊妹3
zimindang	自民党2
zimu	字母2
zinu	子女3
ziqiang	自强2
ziran	自然4
ziranjie	自然界2
ziranren	自然人2
ziranshu	自然数2
ziren	自认2
ziru	自如2
zirun	滋润2
zise	紫色2
zisha	自杀3
zishen	自身3|资深2
zisheng	滋生2
zishi	姿势2|自恃2|姿式2
zishu	字数2|梓树2
zisi	自私2|子嗣2
zisun	子孙3
zitai	姿态2
ziti	字体2
zitiao	字条2
zitongge	子童阁2
zitou	字头2
ziwai	紫外2
ziwaixian	紫外线2
ziwei	滋味2|自卫2
ziweidui	自卫队2
ziwen	自刎2
ziwendao	紫文道2
ziwo	自我3
zixi	仔细3
zixiao	自小2
zixin	自信3
zixing	自行3|字形3|字型2
zixingche	自行车3
zixinxin	自信心2
zixitong	子系统2
zixuan	自旋2
zixue	自学2
zixun	咨询3|资讯2
ziyan	字眼2
ziyang	字样2|滋养2
ziye	子叶2
ziyi	自已2|自缢2
ziyingquan	自营权2
ziyou	自由3|自有3|自幼3
ziyoudang	自由党2
ziyoudu	自由度2
ziyouhua	自由化2
ziyouren	自由人3
ziyuan	资源4|自愿2
zizhang	滋长2
zizhi	自治3|自知2|自制2|资质2
zizhiqu	自治区4
zizhiquan	自治权2
zizhixian	自治县3
zizhizhou	自治州3
zizhong	自重2|辎重2
zizhu	自主3|资助3|自助2
zizhuan	自转2|自传2
zizhuquan	自主权2
zizu	自足2
zizun	自尊2
zizunxin	自尊心2
zongbianji	总编辑2
zongbing	总兵2
zongbu	总部3
zongcai	总裁3
zongcan	总参2
zongchang	总厂2
zongchanliang	总产量3
zongchanzhi	总产值3
zongcheng	总称2|总成2
zongchengji	总成绩2
zongdei	总得2
zongdongyuan	总动员2
zongdu	总督3
zongdui	总队3|纵队2
zongduizhang	总队长2
zonge	总额3
zongfa	宗法2
zongfen	总分2
zonggong	总共2|总攻2
zonggonghui	总工会2
zonggongsi	总公司2
zongguan	总管2|纵贯2|纵观2
zonghe	综合3|总和2
zongheng	纵横3
zonghexing	综合性3
zonghezheng	综合征2
zonghuangse	棕黄色2
zonghui	总会3
zonghuo	纵火2
zongji	踪迹2|总计2
zongjian	总监2
zongjiao	宗教3
zongjiazhi	总价值2
zongjie	总结3
zongjingli	总经理3
zongju	总局2
zongli	总理3
zongliang	总量3
zonglingshi	总领事2
zonglu	棕榈2
zongluxian	总路线2
zongmianji	总面积3
zongmiao	宗庙2
zongneng	总能2
zongpai	宗派2
zongran	纵然3
zongrenfu	宗人府2
zongrenkou	总人口3
zongrong	纵容2
zongse	棕色2
zongshen	纵身3|纵深2
zongshi	总是3|宗室2|纵使2|宗师2
zongshouru	总收入2
zongshu	总数3
zongshuji	总书记3
zongsiling	总司令3
zongsuan	总算3
zongti	总体3
zongtong	总统3
zongtongfu	总统府2
zongwuchu	总务处2
zongxian	总线2
zongxiang	纵向2
zongying	踪影2
zongzhang	总长2
zongzhi	总之3|宗旨3|总值2
zongzhihui	总指挥2
zongzhuhou	宗朱厚2
zongzi	粽子2
zongzu	宗族2
zoubao	奏报2
zouben	奏本2
zoubian	走遍2
zouchu	走出3
zoudong	走动2
zoufang	走访2
zougaoyang	邹高阳2
zougou	走狗2
zouguo	走过2
zoujin	走进3|走近2
zoukai	走开2
zoulai	走来3
zoulang	走廊2
zoulu	走路2
zoumaling	走马岭2
zouren	走人2
zouru	走入2
zoushang	走上3
zoushi	走势2|走时2
zoushou	走兽2
zoushu	奏疏2
zousi	走私2
zouxiang	走向3
zouxiao	奏效2
zouyuandong	邹远东2
zouzhang	奏章2
zouzhe	奏折2
zouzou	走走2
zuai	阻碍2
zuanjin	钻进2
zuanjing	钻井2
zuanru	钻入2
zuanshi	钻石2
zuantan	钻探2
zuanyan	钻研2
zubei	祖辈2
zucheng	组成4
zuchongzhi	祖冲之2
zuchuan	祖传2
zudang	阻挡2
zudashou	祖大寿2
zudi	租地2
zudian	租佃2
zuduan	阻断2
zufang	租房2
zufen	组分2|祖坟2
zufu	祖父2
zufulin	祖福临2
zufumu	祖父母2
zuge	阻隔2|组阁2
zugou	足够3
zuguo	祖国3
zuhe	组合3
zuiba	嘴巴3
zuibian	嘴边2
zuichu	最初3
zuichun	嘴唇3
zuida	最大4
zuidahua	最大化2
zuidi	最低3
zuididian	最低点2
zuie	罪恶2
zuifan	罪犯2
zuigao	最高4
zuigaodian	最高点2
zuigaofeng	最高峰2
zuigaoji	最高级2
zuiguo	罪过2
zuihao	最好2
zuihou	最后4
zuihuiguo	最惠国2
zuijia	最佳3
zuijiao	嘴角2
zuijin	最近3
zuikuai	最快2
zuili	嘴里3
zuilian	嘴脸2
zuimei	最美2
zuiming	罪名2
zuinie	罪孽2
zuiqiang	最强2
zuiqima	最起码2
zuiren	罪人2
zuishao	最少2
zuishen	最深2
zuiwei	最为3
zuixian	最先2
zuixiao	最小3
zuixin	最新3|醉心2
zuixing	罪行2
zuiyuan	最远2
zuizao	最早3
zuizhang	最长2
zuizhong	最终3|最重2
zuizhuang	罪状2
zuizui	最最2
zuji	足迹2|祖籍2|阻击2
zujian	组建3|足见2|组件2
zujie	租界2|租借2
zujiedi	租借地2
zujin	租金2
zulan	阻拦2
zuli	阻力2
zulin	租赁2
zumiao	祖庙2
zumu	祖母2
zunao	阻挠2
zunbei	尊卑2
zuncheng	尊称2
zunchong	尊崇2
zuncong	遵从2
zungui	尊贵2
zunhao	尊号2
zunjia	尊驾2
zunjing	尊敬2
zunming	遵命2
zunrong	尊荣2
zunshi	尊师2
zunshou	遵守3
zunxing	尊姓2
zunxun	遵循3
zunyan	尊严3
zunyi	遵义2
zunzhao	遵照2
zunzhong	尊重3
zuoan	左岸2
zuoba	作罢2
zuobi	左臂2|作弊2
zuobian	左边2
zuobiao	坐标2
zuobiaoxi	坐标系2
zuobie	作别2
zuobule	做不了2
zuocang	座舱2
zuoce	左侧2
zuoche	坐车2
zuocheng	做成2|作成2
zuochu	作出3|做出3
zuochuan	坐船2
zuoda	作答2
zuodao	做到3
zuodi	坐地2
zuoding	坐定2
zuodui	作对2
zuoer	昨儿2
zuofa	做法3|作法2
zuofan	做饭2
zuofang	作坊2
zuofeng	作风3
zuogong	做工2
zuoguai	作怪2
zuoguan	做官2
zuohao	做好3|作好2
zuohua	作画2
zuojia	作家3
zuojiao	左脚2
zuojin	左近2
zuoke	做客2
zuolengchan	左冷禅2
zuoliangyu	左良玉2
zuolu	左路2
zuoluo	坐落2
zuomeng	做梦2
zuopai	左派2
zuopin	作品3
zuoqi	坐骑2|做起2
zuoqu	作曲2
zuoqujia	作曲家2
zuoren	做人2
zuori	昨日3
zuoshengyi	做生意2
zuoshi	做事2
zuoshou	左手3|左首2
zuotan	座谈2
zuotanhui	座谈会3
zuotian	昨天3
zuotui	左腿2
zuowan	昨晚2
zuowei	作为4|座位2|做为2
zuowen	作文2
zuowu	作物3
zuoxia	坐下3
zuoxiang	作响2
zuoyan	左眼2
zuoye	作业3|昨夜2
zuoyi	左翼2|作揖2|座椅2
zuoyong	作用4
zuoyou	左右4
zuoyoufen	左右分2
zuoyoumen	左右门2
zuozai	坐在3
zuozhan	作战4
zuozhe	作者3
zuozhen	坐镇2
zuozheng	作证2|佐证2
zuozhu	做主2|作主2
zuozhuan	左传2
zuozuo	坐坐2
zuozuyou	左祖右2
zuqianqiu	祖千秋2
zuqiu	足球3
zuqiudui	足球队2
zuqiusai	足球赛2
zuren	族人2
zuse	阻塞2
zushang	祖上2
zushi	祖师2
zushiye	祖师爷2
zushui	租税2
zutan	足坛2
zutuan	组团2
zuweihui	组委会2
zuxia	足下2
zuxian	祖先3
zuxie	足协2
zuyi	足以2
zuyong	租用2
zuyoushe	祖右社2
zuzhang	组长2|族长2
zuzhi	组织4|阻止3|阻滞2
zuzhibu	组织部2
zuzhifa	组织法3
zuzhizhe	组织者2
zuzhou	诅咒2
zuzhuang	组装2
zuzong	祖宗3
zuzu	足足2
